coin,pattern,regime,phase,horizon,occurrences,direction_hit_rate_pct,wilson_interval_independence_only,baseline_hit_rate_pct,mean_signed_return_bps,mean_after_assumed_cost_bps
BTC,bullish_engulfing,all,development,1,2361,49.38585345192715,"[47.37177090426724, 51.40193131747988]",50.59055118110236,1.5006701029104228,-14.499329897089577
BTC,bullish_engulfing,all,development,2,2361,50.656501482422705,"[48.64037647055282, 52.67049356826923]",51.34514435695539,2.1826989036822773,-13.817301096317722
BTC,bullish_engulfing,all,development,3,2361,49.68233799237611,"[47.66766264348316, 51.69804540224811]",51.388888888888886,1.663864810702607,-14.336135189297393
BTC,bullish_engulfing,all,final_exploratory,1,767,48.89178617992177,"[45.368425513487956, 52.42619273233584]",50.0084875233407,1.269247744806698,-14.730752255193304
BTC,bullish_engulfing,all,final_exploratory,2,767,47.71838331160365,"[44.20366627352599, 51.25584187964063]",50.45840407470289,-0.1551878251933815,-16.155187825193384
BTC,bullish_engulfing,all,final_exploratory,3,766,49.47780678851175,"[45.94856609742399, 53.012259090510774]",49.75377823059942,0.49682842718660863,-15.503171572813393
BTC,bullish_engulfing,trend_aligned,development,1,890,49.7752808988764,"[46.49837896408655, 53.054114453091614]",50.217265353418306,1.7652045720466862,-14.234795427953316
BTC,bullish_engulfing,trend_aligned,development,2,890,51.12359550561798,"[47.84168994345287, 54.395842970656304]",51.071842410196986,2.1044425459798606,-13.895557454020139
BTC,bullish_engulfing,trend_aligned,development,3,890,48.31460674157304,"[45.04580433579393, 51.59789629304231]",50.79663962920047,0.5294893725641091,-15.470510627435893
BTC,bullish_engulfing,trend_aligned,final_exploratory,1,277,51.624548736462096,"[45.757533651858736, 57.44711978979663]",50.5188679245283,0.04189046865871202,-15.95810953134129
BTC,bullish_engulfing,trend_aligned,final_exploratory,2,277,46.57039711191336,"[40.7830562045645, 52.45156430749639]",50.825861255309114,0.21476826649376923,-15.785231733506231
BTC,bullish_engulfing,trend_aligned,final_exploratory,3,276,50.0,"[44.14172252421128, 55.85827747578872]",49.81114258734655,3.184980866271169,-12.815019133728832
BTC,bullish_engulfing,range,development,1,639,48.6697965571205,"[44.81388687763893, 52.541604739580606]",51.25617792421746,2.1535716313597537,-13.846428368640247
BTC,bullish_engulfing,range,development,2,639,48.98278560250391,"[45.12444077994607, 52.85328810381007]",52.38879736408567,2.284668532285174,-13.715331467714826
BTC,bullish_engulfing,range,development,3,639,50.54773082942097,"[46.67946929784175, 54.409445918597264]",52.594728171334424,4.213924734376799,-11.786075265623202
BTC,bullish_engulfing,range,final_exploratory,1,225,46.22222222222222,"[39.825583397308954, 52.74569734884906]",49.941314553990615,1.6385611265280857,-14.361438873471915
BTC,bullish_engulfing,range,final_exploratory,2,225,48.44444444444444,"[41.995377874194155, 54.945737727165024]",50.70422535211267,0.9295008483826016,-15.0704991516174
BTC,bullish_engulfing,range,final_exploratory,3,225,48.44444444444444,"[41.995377874194155, 54.945737727165024]",49.002347417840376,-2.282529294046635,-18.282529294046636
BTC,bearish_engulfing,all,development,1,2223,47.72829509671615,"[45.657618376634886, 49.806809807210776]",49.398512685914255,0.16912791490921766,-15.830872085090782
BTC,bearish_engulfing,all,development,2,2223,47.233468286099864,"[45.16468023061454, 49.311801617039094]",48.63298337707786,-0.5350297021937637,-16.535029702193764
BTC,bearish_engulfing,all,development,3,2223,45.70400359874044,"[43.64234459184565, 47.7804849439417]",48.61111111111111,-3.2676445569780146,-19.267644556978016
BTC,bearish_engulfing,all,final_exploratory,1,741,49.527665317139004,"[45.93943688052202, 53.12076598677218]",49.974537429977936,2.67005561017263,-13.32994438982737
BTC,bearish_engulfing,all,final_exploratory,2,741,48.44804318488529,"[44.866944856098044, 52.04515027929719]",49.541595925297116,1.4872248122931702,-14.512775187706831
BTC,bearish_engulfing,all,final_exploratory,3,741,48.717948717948715,"[45.134911600752595, 52.314210467617386]",50.22924095771778,0.4761926545286139,-15.523807345471388
BTC,bearish_engulfing,trend_aligned,development,1,784,47.576530612244895,"[44.100974920667554, 51.07572049627921]",49.64426877470356,0.9214661267379562,-15.078533873262044
BTC,bearish_engulfing,trend_aligned,development,2,784,47.576530612244895,"[44.100974920667554, 51.07572049627921]",49.23320158102767,1.7975418753408317,-14.202458124659168
BTC,bearish_engulfing,trend_aligned,development,3,784,45.91836734693877,"[42.45840931129274, 49.41813033830181]",49.07509881422925,-1.7068549633123566,-17.70685496331236
BTC,bearish_engulfing,trend_aligned,final_exploratory,1,259,47.1042471042471,"[41.11180856021549, 53.18133225158903]",50.459603289791964,3.7057378817391324,-12.29426211826087
BTC,bearish_engulfing,trend_aligned,final_exploratory,2,259,49.80694980694981,"[43.765056283953044, 55.85448643683393]",50.12094823415578,8.354851516398796,-7.645148483601205
BTC,bearish_engulfing,trend_aligned,final_exploratory,3,259,47.87644787644788,"[41.86809993582035, 53.9468699928363]",49.685534591194966,6.71326423309592,-9.28673576690408
BTC,bearish_engulfing,range,development,1,573,47.4694589877836,"[43.41115249527918, 51.5614708384055]",48.74382207578254,-0.19784091480781263,-16.197840914807813
BTC,bearish_engulfing,range,development,2,573,45.89877835951135,"[41.85939559452104, 49.99278704972653]",47.57001647446458,-0.1619745501181922,-16.16197455011819
BTC,bearish_engulfing,range,development,3,573,43.63001745200698,"[39.62511278759249, 47.71976663857927]",47.40527182866557,-3.134740022499601,-19.134740022499603
BTC,bearish_engulfing,range,final_exploratory,1,212,46.22641509433962,"[39.641762105425954, 52.94539440193873]",50.0,-1.5004178459338462,-17.500417845933846
BTC,bearish_engulfing,range,final_exploratory,2,212,41.0377358490566,"[34.63284098304481, 47.76165572194627]",49.29577464788733,-7.222195108685967,-23.22219510868597
BTC,bearish_engulfing,range,final_exploratory,3,212,46.698113207547166,"[40.10068068881479, 53.41308125512929]",50.93896713615024,-5.040862089586177,-21.040862089586177
BTC,lower_wick_rejection,all,development,1,1604,48.31670822942643,"[45.8780939409773, 50.76336626256514]",50.59055118110236,-1.3231969507001078,-17.32319695070011
BTC,lower_wick_rejection,all,development,2,1604,49.06483790523691,"[46.62348051371996, 51.51066404380361]",51.34514435695539,-1.8755103490968175,-17.875510349096817
BTC,lower_wick_rejection,all,development,3,1604,48.37905236907731,"[45.94018861467495, 50.82566195169925]",51.388888888888886,-2.9011277430018976,-18.901127743001897
BTC,lower_wick_rejection,all,final_exploratory,1,482,49.170124481327804,"[44.73119910991026, 53.62217367661112]",50.0084875233407,1.8393320201431758,-14.160667979856823
BTC,lower_wick_rejection,all,final_exploratory,2,482,51.03734439834025,"[46.583996535688875, 55.474287481159415]",50.45840407470289,-0.2782340242883473,-16.27823402428835
BTC,lower_wick_rejection,all,final_exploratory,3,482,50.829875518672196,"[46.37782632338888, 55.26880089008975]",49.75377823059942,0.6137465370081171,-15.386253462991883
BTC,lower_wick_rejection,trend_aligned,development,1,597,47.23618090452261,"[43.261895161556936, 51.24580869916109]",50.217265353418306,-1.547327513814956,-17.547327513814956
BTC,lower_wick_rejection,trend_aligned,development,2,597,46.39865996649916,"[42.43397318879967, 50.40939850849958]",51.071842410196986,-4.889774786315693,-20.889774786315694
BTC,lower_wick_rejection,trend_aligned,development,3,597,46.733668341708544,"[42.76500739961295, 50.74409716305382]",50.79663962920047,-5.0866616258799,-21.086661625879902
BTC,lower_wick_rejection,trend_aligned,final_exploratory,1,181,45.85635359116022,"[38.75856107632735, 53.12638257272134]",50.5188679245283,-0.14345052831762922,-16.14345052831763
BTC,lower_wick_rejection,trend_aligned,final_exploratory,2,181,50.27624309392265,"[43.06241976265874, 57.47858399407135]",50.825861255309114,2.347626353748691,-13.65237364625131
BTC,lower_wick_rejection,trend_aligned,final_exploratory,3,181,50.828729281767956,"[43.6042853866203, 58.018725883569964]",49.81114258734655,3.170186186001822,-12.829813813998179
BTC,lower_wick_rejection,range,development,1,418,49.04306220095694,"[44.28118183566173, 53.82237172567502]",51.25617792421746,-1.1960270282406413,-17.196027028240643
BTC,lower_wick_rejection,range,development,2,418,53.588516746411486,"[48.7965686518098, 58.315105493177334]",52.38879736408567,2.3907278465592894,-13.609272153440712
BTC,lower_wick_rejection,range,development,3,418,51.67464114832536,"[46.8905822989066, 56.42819896875405]",52.594728171334424,1.0970470890070947,-14.902952910992905
BTC,lower_wick_rejection,range,final_exploratory,1,139,53.9568345323741,"[45.67572807295883, 62.02510977819937]",49.941314553990615,3.8791679151826193,-12.12083208481738
BTC,lower_wick_rejection,range,final_exploratory,2,139,53.9568345323741,"[45.67572807295883, 62.02510977819937]",50.70422535211267,1.3891233960906453,-14.610876603909356
BTC,lower_wick_rejection,range,final_exploratory,3,139,53.9568345323741,"[45.67572807295883, 62.02510977819937]",49.002347417840376,4.8680068888707275,-11.131993111129274
BTC,upper_wick_rejection,all,development,1,1431,46.121593291404615,"[43.55258649137668, 48.71136794094533]",49.398512685914255,-4.459820987682683,-20.459820987682683
BTC,upper_wick_rejection,all,development,2,1431,45.56254367575122,"[42.997441106850694, 48.15140765805827]",48.63298337707786,-5.898942963842585,-21.898942963842586
BTC,upper_wick_rejection,all,development,3,1431,45.911949685534594,"[43.34436878098282, 48.501421026059305]",48.61111111111111,-7.256429983805127,-23.25642998380513
BTC,upper_wick_rejection,all,final_exploratory,1,499,45.69138276553106,"[41.370139441997935, 50.078459878344695]",49.974537429977936,-2.600488246545551,-18.600488246545552
BTC,upper_wick_rejection,all,final_exploratory,2,499,45.89178356713427,"[41.567541006139436, 50.278797880698875]",49.541595925297116,-3.797811768323694,-19.797811768323694
BTC,upper_wick_rejection,all,final_exploratory,3,499,45.49098196392786,"[41.172808324246205, 49.87805142960073]",50.22924095771778,-5.458967914701312,-21.45896791470131
BTC,upper_wick_rejection,trend_aligned,development,1,492,46.7479674796748,"[42.381376746917546, 51.164949337864364]",49.64426877470356,-3.952175575302964,-19.952175575302963
BTC,upper_wick_rejection,trend_aligned,development,2,492,47.5609756097561,"[43.184038290584105, 51.97570627300232]",49.23320158102767,-3.7008439993057753,-19.70084399930578
BTC,upper_wick_rejection,trend_aligned,development,3,492,46.951219512195124,"[42.581933339124376, 51.36774736535865]",49.07509881422925,-5.747639811230047,-21.747639811230044
BTC,upper_wick_rejection,trend_aligned,final_exploratory,1,164,47.5609756097561,"[40.061168567651464, 55.17243263729414]",50.459603289791964,1.7598273016642259,-14.240172698335774
BTC,upper_wick_rejection,trend_aligned,final_exploratory,2,164,50.609756097560975,"[43.03191841164992, 58.15968128711366]",50.12094823415578,1.709856244022442,-14.29014375597756
BTC,upper_wick_rejection,trend_aligned,final_exploratory,3,164,51.829268292682926,"[44.22791667168089, 59.3468824246099]",49.685534591194966,2.629436469177537,-13.370563530822462
BTC,upper_wick_rejection,range,development,1,387,45.21963824289406,"[40.3320314082742, 50.20121786713558]",48.74382207578254,-5.1526651859842065,-21.152665185984205
BTC,upper_wick_rejection,range,development,2,387,42.63565891472868,"[37.804494611007335, 47.611592110569894]",47.57001647446458,-10.880738829943313,-26.880738829943315
BTC,upper_wick_rejection,range,development,3,387,43.41085271317829,"[38.561346407593675, 48.38988908013333]",47.40527182866557,-11.10040180371321,-27.10040180371321
BTC,upper_wick_rejection,range,final_exploratory,1,145,45.51724137931034,"[37.631709982488836, 53.63417267397279]",50.0,-2.2401265646220287,-18.24012656462203
BTC,upper_wick_rejection,range,final_exploratory,2,145,46.206896551724135,"[38.29460230041829, 54.314990716587694]",49.29577464788733,-2.845490785495127,-18.845490785495127
BTC,upper_wick_rejection,range,final_exploratory,3,145,45.51724137931034,"[37.631709982488836, 53.63417267397279]",50.93896713615024,-3.4982058004006995,-19.4982058004007
BTC,inside_bar_up_break,all,development,1,860,44.41860465116279,"[41.129838742943846, 47.75701273538273]",50.59055118110236,-2.2522033397067025,-18.252203339706703
BTC,inside_bar_up_break,all,development,2,860,45.46511627906977,"[42.16463135272997, 48.80593547341037]",51.34514435695539,-0.3286028306853043,-16.328602830685305
BTC,inside_bar_up_break,all,development,3,860,47.44186046511628,"[44.123250884758605, 50.783222709474416]",51.388888888888886,0.9246956763445127,-15.075304323655487
BTC,inside_bar_up_break,all,final_exploratory,1,288,46.875,"[41.190630391613865, 52.64164026479703]",50.0084875233407,-0.7397190357488065,-16.739719035748806
BTC,inside_bar_up_break,all,final_exploratory,2,288,47.916666666666664,"[42.212434069375576, 53.67574636823169]",50.45840407470289,-2.505624510753346,-18.505624510753346
BTC,inside_bar_up_break,all,final_exploratory,3,288,49.30555555555556,"[43.57867040762543, 55.050723071577]",49.75377823059942,3.167303302792843,-12.832696697207158
BTC,inside_bar_up_break,trend_aligned,development,1,327,42.50764525993884,"[37.26690993321048, 47.92237702465698]",50.217265353418306,-3.5006845759463223,-19.500684575946323
BTC,inside_bar_up_break,trend_aligned,development,2,327,48.01223241590214,"[42.65166701255152, 53.41896013953578]",51.071842410196986,1.0918822201355514,-14.90811777986445
BTC,inside_bar_up_break,trend_aligned,development,3,327,45.56574923547401,"[40.25036415170241, 50.98411180295385]",50.79663962920047,0.8987072001479147,-15.101292799852086
BTC,inside_bar_up_break,trend_aligned,final_exploratory,1,105,47.61904761904762,"[38.31983862733473, 57.08632960245974]",50.5188679245283,4.080799124340964,-11.919200875659037
BTC,inside_bar_up_break,trend_aligned,final_exploratory,2,105,49.523809523809526,"[40.14750234206218, 58.93373130389671]",50.825861255309114,4.893007302377776,-11.106992697622225
BTC,inside_bar_up_break,trend_aligned,final_exploratory,3,105,52.38095238095238,"[42.91367039754026, 61.68016137266525]",49.81114258734655,15.225999361161954,-0.7740006388380475
BTC,inside_bar_up_break,range,development,1,236,47.45762711864407,"[41.17844199680369, 53.81825582375788]",51.25617792421746,-2.958497283098146,-18.958497283098147
BTC,inside_bar_up_break,range,development,2,236,43.220338983050844,"[37.05846999542997, 49.59939085940089]",52.38879736408567,-1.2478123238100367,-17.247812323810038
BTC,inside_bar_up_break,range,development,3,236,50.0,"[43.672038629270965, 56.32796137072904]",52.594728171334424,3.359578082246978,-12.640421917753022
BTC,inside_bar_up_break,range,final_exploratory,1,89,47.19101123595506,"[37.15184758755657, 57.46263557516358]",49.941314553990615,1.755850003886703,-14.244149996113299
BTC,inside_bar_up_break,range,final_exploratory,2,89,50.561797752808985,"[40.368375274204524, 60.70872809325145]",50.70422535211267,-0.9513612510041758,-16.951361251004176
BTC,inside_bar_up_break,range,final_exploratory,3,89,49.438202247191015,"[39.291271906748555, 59.63162472579548]",49.002347417840376,4.384502753344784,-11.615497246655217
BTC,inside_bar_down_break,all,development,1,819,44.81074481074481,"[41.43694087415037, 48.23300289145409]",49.398512685914255,-2.7303531454966152,-18.730353145496615
BTC,inside_bar_down_break,all,development,2,819,42.61294261294261,"[39.26835181243101, 46.026509312723576]",48.63298337707786,-4.825292296262786,-20.825292296262784
BTC,inside_bar_down_break,all,development,3,819,42.124542124542124,"[38.78736092662372, 45.535259611764225]",48.61111111111111,-7.7752275522568715,-23.775227552256872
BTC,inside_bar_down_break,all,final_exploratory,1,302,42.05298013245033,"[36.61939625371583, 47.686205077169184]",49.974537429977936,-2.5012096640616455,-18.501209664061644
BTC,inside_bar_down_break,all,final_exploratory,2,302,46.35761589403973,"[40.81433072496063, 51.99240321836168]",49.541595925297116,-2.50624216617077,-18.50624216617077
BTC,inside_bar_down_break,all,final_exploratory,3,302,46.026490066225165,"[40.49016294976215, 51.66263771568036]",50.22924095771778,-0.35618116468487127,-16.35618116468487
BTC,inside_bar_down_break,trend_aligned,development,1,290,48.96551724137931,"[43.26323314983504, 54.69485038905122]",49.64426877470356,6.615166443455412,-9.384833556544589
BTC,inside_bar_down_break,trend_aligned,development,2,290,47.58620689655172,"[41.90732637106741, 53.32820188633387]",49.23320158102767,7.078234698921146,-8.921765301078855
BTC,inside_bar_down_break,trend_aligned,development,3,290,46.206896551724135,"[40.555729033209346, 51.957243942706945]",49.07509881422925,2.1192986565134255,-13.880701343486576
BTC,inside_bar_down_break,trend_aligned,final_exploratory,1,106,42.45283018867924,"[33.469484838406586, 51.96408495664374]",50.459603289791964,-6.170682766652771,-22.17068276665277
BTC,inside_bar_down_break,trend_aligned,final_exploratory,2,106,50.943396226415096,"[41.561339945718224, 60.25946382990048]",50.12094823415578,-0.5135682926670069,-16.513568292667006
BTC,inside_bar_down_break,trend_aligned,final_exploratory,3,106,50.943396226415096,"[41.561339945718224, 60.25946382990048]",49.685534591194966,0.9016634599832173,-15.098336540016783
BTC,inside_bar_down_break,range,development,1,218,44.4954128440367,"[38.05035826827325, 51.131111753580186]",48.74382207578254,-9.38122135630849,-25.38122135630849
BTC,inside_bar_down_break,range,development,2,218,39.44954128440367,"[33.19811800475073, 46.06636620380169]",47.57001647446458,-13.737583254740967,-29.73758325474097
BTC,inside_bar_down_break,range,development,3,218,39.44954128440367,"[33.19811800475073, 46.06636620380169]",47.40527182866557,-14.30992858177335,-30.309928581773352
BTC,inside_bar_down_break,range,final_exploratory,1,94,41.48936170212766,"[32.054873736395486, 51.592163924476786]",50.0,-4.274822219978365,-20.274822219978365
BTC,inside_bar_down_break,range,final_exploratory,2,94,43.61702127659574,"[34.03800142018192, 53.69727682547229]",49.29577464788733,-5.380122304317177,-21.38012230431718
BTC,inside_bar_down_break,range,final_exploratory,3,94,46.808510638297875,"[37.045723856386395, 56.82191526644071]",50.93896713615024,4.161790127720931,-11.83820987227907
BTC,three_bar_up_reversal,all,development,1,450,43.55555555555556,"[39.04797860647101, 48.17223214547417]",50.59055118110236,-1.0874357711253557,-17.087435771125357
BTC,three_bar_up_reversal,all,development,2,450,47.333333333333336,"[42.76222687794505, 51.94958446768745]",51.34514435695539,-0.7678568296126059,-16.767856829612608
BTC,three_bar_up_reversal,all,development,3,450,46.0,"[41.448307219905196, 50.61940979854356]",51.388888888888886,-2.3174225734158087,-18.317422573415808
BTC,three_bar_up_reversal,all,final_exploratory,1,160,49.375,"[41.73402592091182, 57.04528287490073]",50.0084875233407,-1.0065726606889522,-17.006572660688953
BTC,three_bar_up_reversal,all,final_exploratory,2,160,48.125,"[40.518009436228105, 55.8199169512095]",50.45840407470289,-5.007708407714119,-21.007708407714116
BTC,three_bar_up_reversal,all,final_exploratory,3,160,43.75,"[36.29896759617984, 51.49412036194556]",49.75377823059942,-6.914214389280658,-22.91421438928066
BTC,three_bar_up_reversal,trend_aligned,development,1,182,47.252747252747255,"[40.131401267791496, 54.48767217970358]",50.217265353418306,4.193797043137752,-11.806202956862249
BTC,three_bar_up_reversal,trend_aligned,development,2,182,51.0989010989011,"[43.88911551729146, 58.2632551037105]",51.071842410196986,6.0725434117871995,-9.927456588212802
BTC,three_bar_up_reversal,trend_aligned,development,3,182,49.45054945054945,"[42.27356212412959, 56.65025256536943]",50.79663962920047,4.960665876416083,-11.039334123583918
BTC,three_bar_up_reversal,trend_aligned,final_exploratory,1,59,49.152542372881356,"[36.84362544481631, 61.56507197854656]",50.5188679245283,0.5538598450699767,-15.446140154930024
BTC,three_bar_up_reversal,trend_aligned,final_exploratory,2,59,44.067796610169495,"[32.150012233962734, 56.71086972957734]",50.825861255309114,-6.5590913169618945,-22.559091316961894
BTC,three_bar_up_reversal,trend_aligned,final_exploratory,3,59,40.67796610169491,"[29.088843022555857, 53.4068286344357]",49.81114258734655,-9.273074763448577,-25.27307476344858
BTC,three_bar_up_reversal,range,development,1,121,40.49586776859504,"[32.17232751784563, 49.40432641802188]",51.25617792421746,-2.644572924385182,-18.644572924385184
BTC,three_bar_up_reversal,range,development,2,121,42.14876033057851,"[33.72484956271268, 51.05586455822135]",52.38879736408567,-3.3292677135051805,-19.329267713505182
BTC,three_bar_up_reversal,range,development,3,121,43.80165289256198,"[35.287007928056944, 52.6977663779436]",52.594728171334424,-2.862052963262715,-18.862052963262716
BTC,three_bar_up_reversal,range,final_exploratory,1,49,38.775510204081634,"[26.428814373960495, 52.75425351194757]",49.941314553990615,-12.4615473245664,-28.4615473245664
BTC,three_bar_up_reversal,range,final_exploratory,2,49,44.89795918367347,"[31.85262492963633, 58.68513320032188]",50.70422535211267,-9.787931349763198,-25.7879313497632
BTC,three_bar_up_reversal,range,final_exploratory,3,49,44.89795918367347,"[31.85262492963633, 58.68513320032188]",49.002347417840376,-9.866008222389533,-25.866008222389535
BTC,three_bar_down_reversal,all,development,1,459,43.13725490196079,"[38.68174261115409, 47.70668919791407]",49.398512685914255,0.7243685689902883,-15.275631431009712
BTC,three_bar_down_reversal,all,development,2,459,46.84095860566449,"[42.320978524858695, 51.413378974553645]",48.63298337707786,2.4780307096484084,-13.521969290351594
BTC,three_bar_down_reversal,all,development,3,459,45.53376906318083,"[41.03367117846044, 50.10800666553631]",48.61111111111111,0.6650616586976352,-15.334938341302365
BTC,three_bar_down_reversal,all,final_exploratory,1,142,50.70422535211268,"[42.57151816737727, 58.79983266804965]",49.974537429977936,1.036226582834696,-14.963773417165305
BTC,three_bar_down_reversal,all,final_exploratory,2,142,46.478873239436616,"[38.476297947803495, 54.666947875061844]",49.541595925297116,3.1428990152189673,-12.857100984781033
BTC,three_bar_down_reversal,all,final_exploratory,3,142,44.36619718309859,"[36.4499679538778, 52.57922536270676]",50.22924095771778,-3.478128177705928,-19.47812817770593
BTC,three_bar_down_reversal,trend_aligned,development,1,162,44.44444444444444,"[37.00925386040025, 52.137015833090416]",49.64426877470356,9.058405526489047,-6.941594473510953
BTC,three_bar_down_reversal,trend_aligned,development,2,162,45.67901234567901,"[38.197007483483084, 53.361202278120764]",49.23320158102767,3.6372670706900876,-12.362732929309912
BTC,three_bar_down_reversal,trend_aligned,development,3,162,47.53086419753087,"[39.98722258643734, 55.18889727733629]",49.07509881422925,2.9069714201231918,-13.09302857987681
BTC,three_bar_down_reversal,trend_aligned,final_exploratory,1,51,43.13725490196079,"[30.501028092334302, 56.73493876494193]",50.459603289791964,-5.7991278449312995,-21.799127844931302
BTC,three_bar_down_reversal,trend_aligned,final_exploratory,2,51,47.05882352941177,"[34.052771426416406, 60.47692865527341]",50.12094823415578,2.1721033375972607,-13.82789666240274
BTC,three_bar_down_reversal,trend_aligned,final_exploratory,3,51,47.05882352941177,"[34.052771426416406, 60.47692865527341]",49.685534591194966,-1.1822684125317946,-17.182268412531794
BTC,three_bar_down_reversal,range,development,1,126,46.03174603174603,"[37.57506931925942, 54.7232387730623]",48.74382207578254,-5.4742995534313845,-21.474299553431386
BTC,three_bar_down_reversal,range,development,2,126,46.03174603174603,"[37.57506931925942, 54.7232387730623]",47.57001647446458,-1.9289801301974268,-17.928980130197427
BTC,three_bar_down_reversal,range,development,3,126,42.857142857142854,"[34.55365610428448, 51.58329846189462]",47.40527182866557,1.057546462202962,-14.942453537797038
BTC,three_bar_down_reversal,range,final_exploratory,1,43,55.81395348837209,"[41.10735806551171, 69.56691437607867]",50.0,12.189938168611524,-3.8100618313884755
BTC,three_bar_down_reversal,range,final_exploratory,2,43,48.83720930232558,"[34.617209277756004, 63.24793623392592]",49.29577464788733,4.548134660516672,-11.451865339483328
BTC,three_bar_down_reversal,range,final_exploratory,3,43,44.18604651162791,"[30.43308562392133, 58.89264193448829]",50.93896713615024,-8.530623050984298,-24.5306230509843
BTC,doji_follow_previous_direction,all,development,1,2346,50.12787723785166,"[48.10602100305331, 52.149315356640045]",47.829177602799646,-1.2612711847448839,-17.261271184744885
BTC,doji_follow_previous_direction,all,development,2,2346,49.190110826939474,"[47.170045875710976, 51.212823846231124]",47.88932633420823,-2.4355117771902823,-18.435511777190282
BTC,doji_follow_previous_direction,all,development,3,2346,49.57374254049446,"[47.552858968936526, 51.596019832085624]",47.74168853893263,-2.654766965828015,-18.654766965828014
BTC,doji_follow_previous_direction,all,final_exploratory,1,820,51.46341463414634,"[48.043726626763075, 54.86945474208259]",47.61500594126634,0.25884595456708603,-15.741154045432914
BTC,doji_follow_previous_direction,all,final_exploratory,2,820,49.8780487804878,"[46.464307592942575, 53.292927292986946]",48.11544991511036,-1.762496854452832,-17.762496854452834
BTC,doji_follow_previous_direction,all,final_exploratory,3,820,47.19512195121951,"[43.79923269619208, 50.61716968018706]",47.46136865342163,-1.903493764384721,-17.90349376438472
BTC,doji_follow_previous_direction,trend_aligned,development,1,844,50.71090047393365,"[47.342369850264085, 54.07298886768511]",47.49698431845597,0.14253177623247482,-15.857468223767524
BTC,doji_follow_previous_direction,trend_aligned,development,2,844,48.81516587677725,"[45.455827042143206, 52.185241761274796]",48.08504221954162,0.16882908777586678,-15.831170912224135
BTC,doji_follow_previous_direction,trend_aligned,development,3,844,51.30331753554503,"[47.9329024022244, 54.66192191401581]",47.61761158021713,1.3285049174699364,-14.671495082530063
BTC,doji_follow_previous_direction,trend_aligned,final_exploratory,1,290,54.827586206896555,"[49.07381544718507, 60.45512803801238]",48.01324503311258,4.032318687256761,-11.967681312743238
BTC,doji_follow_previous_direction,trend_aligned,final_exploratory,2,290,51.03448275862069,"[45.30514961094879, 56.73676685016497]",48.414576431613824,1.3763787099405391,-14.62362129005946
BTC,doji_follow_previous_direction,trend_aligned,final_exploratory,3,290,47.93103448275862,"[42.24589969719641, 53.67026738057612]",46.68560606060606,0.0814018265903365,-15.918598173409663
BTC,doji_follow_previous_direction,range,development,1,621,50.88566827697262,"[46.9603375671833, 54.8001086002934]",48.76441515650741,-2.0668938932568586,-18.06689389325686
BTC,doji_follow_previous_direction,range,development,2,621,50.56360708534621,"[46.63989267350719, 54.4803912512507]",48.002471169686984,-2.56937185282561,-18.56937185282561
BTC,doji_follow_previous_direction,range,development,3,621,50.0805152979066,"[46.15952849534224, 54.00051206533747]",48.043657331136735,-3.541075380594036,-19.541075380594034
BTC,doji_follow_previous_direction,range,final_exploratory,1,257,50.19455252918288,"[44.12384319016824, 56.25953124090412]",47.88732394366197,1.4531807758054163,-14.546819224194586
BTC,doji_follow_previous_direction,range,final_exploratory,2,257,50.19455252918288,"[44.12384319016824, 56.25953124090412]",48.59154929577465,0.13867316057589185,-15.861326839424109
BTC,doji_follow_previous_direction,range,final_exploratory,3,257,51.36186770428016,"[45.27613928419332, 57.407481733313084]",48.82629107981221,0.5338304933548708,-15.46616950664513
ETH,bullish_engulfing,all,development,1,2311,46.34357421029857,"[44.318206904891724, 48.38107757314772]",50.86942257217848,0.5250000584410525,-15.474999941558949
ETH,bullish_engulfing,all,development,2,2311,49.67546516659455,"[47.63916661911262, 51.7128408789382]",51.454505686789155,0.5605671327171393,-15.439432867282862
ETH,bullish_engulfing,all,development,3,2311,48.42059714409346,"[46.38735305129459, 50.45908343921949]",51.219378827646544,0.8101418546701883,-15.189858145329813
ETH,bullish_engulfing,all,final_exploratory,1,793,48.17150063051702,"[44.710943808826734, 51.64968796541799]",49.787811916482774,2.086913272676149,-13.91308672732385
ETH,bullish_engulfing,all,final_exploratory,2,793,48.54981084489281,"[45.08657263576643, 52.02703187484145]",50.62818336162989,0.2699830911577174,-15.730016908842284
ETH,bullish_engulfing,all,final_exploratory,3,793,49.558638083228246,"[46.089217403664264, 53.03231440391205]",51.21412803532009,1.288734235619556,-14.711265764380446
ETH,bullish_engulfing,trend_aligned,development,1,739,47.49661705006766,"[43.918394903311146, 51.100731650721364]",50.9325681492109,1.964089815973342,-14.03591018402666
ETH,bullish_engulfing,trend_aligned,development,2,739,50.06765899864682,"[46.471657769360704, 53.662960431881665]",52.51076040172167,0.6810883807311132,-15.318911619268889
ETH,bullish_engulfing,trend_aligned,development,3,739,49.93234100135318,"[46.33703956811834, 53.5283422306393]",52.27761836441894,2.1479432976847965,-13.852056702315204
ETH,bullish_engulfing,trend_aligned,final_exploratory,1,256,46.484375,"[40.47162125972271, 52.60108149457068]",49.795081967213115,-2.3788338601451717,-18.37883386014517
ETH,bullish_engulfing,trend_aligned,final_exploratory,2,256,46.875,"[40.85335687609227, 52.989045572168536]",49.59016393442623,-5.567107803289952,-21.56710780328995
ETH,bullish_engulfing,trend_aligned,final_exploratory,3,256,46.875,"[40.85335687609227, 52.989045572168536]",50.409836065573764,-5.774824915300673,-21.774824915300673
ETH,bullish_engulfing,range,development,1,679,46.09720176730486,"[42.380235611902236, 49.858081444352095]",51.01713062098501,0.3258305757035279,-15.674169424296473
ETH,bullish_engulfing,range,development,2,679,50.51546391752577,"[46.76246145314249, 54.26266648282392]",51.39186295503212,1.3156823850757289,-14.684317614924272
ETH,bullish_engulfing,range,development,3,679,48.60088365243004,"[44.859914538544835, 52.35759534954634]",50.71377587437544,1.6994043818981606,-14.300595618101841
ETH,bullish_engulfing,range,final_exploratory,1,340,47.05882352941177,"[41.81571049360983, 52.36765766195948]",50.34013605442177,1.5533815976076373,-14.446618402392364
ETH,bullish_engulfing,range,final_exploratory,2,340,49.411764705882355,"[44.13367567573781, 54.702997955376055]",52.31816248404934,6.312131449913494,-9.687868550086508
ETH,bullish_engulfing,range,final_exploratory,3,340,51.76470588235294,"[46.463222677672945, 57.02675642898548]",52.8936170212766,6.927629005509127,-9.072370994490875
ETH,bearish_engulfing,all,development,1,2204,46.370235934664244,"[44.29639178466133, 48.456711517677014]",49.075896762904634,1.0570258967423172,-14.942974103257683
ETH,bearish_engulfing,all,development,2,2204,46.46098003629764,"[44.3867064140267, 48.5475693057532]",48.50721784776903,-1.0598585264306541,-17.059858526430656
ETH,bearish_engulfing,all,development,3,2204,46.05263157894737,"[43.98034503421761, 48.13865480707534]",48.7587489063867,-3.0415377194291153,-19.041537719429115
ETH,bearish_engulfing,all,final_exploratory,1,744,48.655913978494624,"[45.080492484915546, 52.24514438791956]",50.14428789679172,2.1031711015590058,-13.896828898440996
ETH,bearish_engulfing,all,final_exploratory,2,744,46.236559139784944,"[42.682390701564636, 49.82939254237365]",49.33786078098472,1.3152159581714178,-14.684784041828582
ETH,bearish_engulfing,all,final_exploratory,3,744,45.295698924731184,"[41.75206500365229, 48.88766405127057]",48.734929529631515,-1.205866413382521,-17.20586641338252
ETH,bearish_engulfing,trend_aligned,development,1,862,45.127610208816705,"[41.83452851858379, 48.4639279196377]",49.35404267673102,0.15521018403336895,-15.844789815966632
ETH,bearish_engulfing,trend_aligned,development,2,862,47.79582366589327,"[44.47834643359881, 51.13286005035853]",49.39759036144578,-1.314825450790564,-17.314825450790565
ETH,bearish_engulfing,trend_aligned,development,3,862,46.75174013921114,"[43.442676269600064, 50.08962802254759]",49.295979097111335,-5.475169707847535,-21.475169707847538
ETH,bearish_engulfing,trend_aligned,final_exploratory,1,192,46.875,"[39.946891224581904, 53.925707855490955]",50.976685570258354,1.917763006886545,-14.082236993113455
ETH,bearish_engulfing,trend_aligned,final_exploratory,2,192,49.479166666666664,"[42.48692545478394, 56.49184105856153]",50.598613736609956,-0.5135066141657348,-16.513506614165735
ETH,bearish_engulfing,trend_aligned,final_exploratory,3,192,45.833333333333336,"[38.93611489532999, 52.894017211433834]",50.22054190296156,-2.8069923694732055,-18.806992369473207
ETH,bearish_engulfing,range,development,1,666,49.0990990990991,"[45.31835908091582, 52.890172607769955]",48.91149179157745,4.642130794943512,-11.357869205056488
ETH,bearish_engulfing,range,development,2,666,46.996996996997,"[43.234497865216525, 50.79394109706947]",48.60813704496788,2.953759012112026,-13.046240987887975
ETH,bearish_engulfing,range,development,3,666,47.747747747747745,"[43.97796810401541, 51.54336111769909]",49.26837972876517,2.7211629284986425,-13.278837071501359
ETH,bearish_engulfing,range,final_exploratory,1,294,50.34013605442177,"[44.65738167432562, 56.01411619568313]",49.61734693877551,0.8712049037704345,-15.128795096229567
ETH,bearish_engulfing,range,final_exploratory,2,294,44.5578231292517,"[38.982820212027825, 50.27321386783208]",47.68183751595066,-1.9440040004946153,-17.944004000494616
ETH,bearish_engulfing,range,final_exploratory,3,294,43.87755102040816,"[38.320200759819464, 49.59283758002293]",47.06382978723404,-5.960128042581924,-21.960128042581925
ETH,lower_wick_rejection,all,development,1,1523,47.86605384110309,"[45.36569342911328, 50.37715245614422]",50.86942257217848,-2.185511217775201,-18.1855112177752
ETH,lower_wick_rejection,all,development,2,1523,49.11359159553513,"[46.60820603583427, 51.62343763958038]",51.454505686789155,-1.6667440413276355,-17.666744041327636
ETH,lower_wick_rejection,all,development,3,1523,48.91661195009849,"[46.411916174450916, 51.426759428833655]",51.219378827646544,-0.8890145279221985,-16.8890145279222
ETH,lower_wick_rejection,all,final_exploratory,1,452,48.230088495575224,"[43.6577890447028, 52.832219765375086]",49.787811916482774,-1.7883158154497858,-17.788315815449785
ETH,lower_wick_rejection,all,final_exploratory,2,452,47.78761061946903,"[43.22064540515738, 52.39186560744]",50.62818336162989,-3.920282993406769,-19.920282993406772
ETH,lower_wick_rejection,all,final_exploratory,3,452,47.34513274336283,"[42.78385925333829, 51.95115396177856]",51.21412803532009,-2.4017477158418794,-18.40174771584188
ETH,lower_wick_rejection,trend_aligned,development,1,452,46.902654867256636,"[42.347431048713716, 51.510084368922605]",50.9325681492109,-0.04443308051518406,-16.044433080515184
ETH,lower_wick_rejection,trend_aligned,development,2,452,48.89380530973451,"[44.31417399569516, 53.49208151060354]",52.51076040172167,0.842484232103607,-15.157515767896394
ETH,lower_wick_rejection,trend_aligned,development,3,452,49.11504424778761,"[44.533147370012344, 53.71185703502661]",52.27761836441894,0.26818447864129497,-15.731815521358705
ETH,lower_wick_rejection,trend_aligned,final_exploratory,1,155,45.16129032258065,"[37.53814726046611, 53.018482740742634]",49.795081967213115,-7.82233083158123,-23.82233083158123
ETH,lower_wick_rejection,trend_aligned,final_exploratory,2,155,44.516129032258064,"[36.91874886196331, 52.3787651394066]",49.59016393442623,-14.73603016001663,-30.73603016001663
ETH,lower_wick_rejection,trend_aligned,final_exploratory,3,155,44.516129032258064,"[36.91874886196331, 52.3787651394066]",50.409836065573764,-12.914485649322053,-28.914485649322057
ETH,lower_wick_rejection,range,development,1,480,47.5,"[43.07010321792703, 51.96959572486747]",51.01713062098501,-4.327125968056802,-20.3271259680568
ETH,lower_wick_rejection,range,development,2,480,49.166666666666664,"[44.71862251538405, 53.627943798880786]",51.39186295503212,-3.810922631812738,-19.81092263181274
ETH,lower_wick_rejection,range,development,3,480,48.75,"[44.30603160967886, 53.21381786171838]",50.71377587437544,-2.1256446843844965,-18.125644684384497
ETH,lower_wick_rejection,range,final_exploratory,1,174,47.12643678160919,"[39.85171189676843, 54.52530675353611]",50.34013605442177,-1.161118148687949,-17.16111814868795
ETH,lower_wick_rejection,range,final_exploratory,2,174,48.85057471264368,"[41.52862278449696, 56.22218467562485]",52.31816248404934,2.488081977229754,-13.511918022770246
ETH,lower_wick_rejection,range,final_exploratory,3,174,47.701149425287355,"[40.40972971901455, 55.091885201229076]",52.8936170212766,3.1717272266078207,-12.82827277339218
ETH,upper_wick_rejection,all,development,1,1295,45.0965250965251,"[42.40485446703603, 47.81720186377444]",49.075896762904634,-5.4964683899545035,-21.4964683899545
ETH,upper_wick_rejection,all,development,2,1295,47.49034749034749,"[44.78194492992053, 50.213595711832845]",48.50721784776903,-5.212137466984851,-21.212137466984853
ETH,upper_wick_rejection,all,development,3,1295,47.41312741312741,"[44.705166925173536, 50.13639035171074]",48.7587489063867,-4.870777672420337,-20.87077767242034
ETH,upper_wick_rejection,all,final_exploratory,1,443,45.146726862302486,"[40.5740919684541, 49.80281116679562]",50.14428789679172,-2.4792514643490344,-18.479251464349034
ETH,upper_wick_rejection,all,final_exploratory,2,442,39.59276018099548,"[35.141942672669586, 44.22292592640236]",49.33786078098472,-6.897715753204071,-22.89771575320407
ETH,upper_wick_rejection,all,final_exploratory,3,442,40.04524886877828,"[35.581873751234575, 44.68017447396469]",48.734929529631515,-5.311367395628897,-21.311367395628896
ETH,upper_wick_rejection,trend_aligned,development,1,485,46.391752577319586,"[41.99914282526428, 50.84107371931786]",49.35404267673102,-2.4405457885858794,-18.44054578858588
ETH,upper_wick_rejection,trend_aligned,development,2,485,50.72164948453608,"[46.28400526473994, 55.147951426343624]",49.39759036144578,-0.8349890001901276,-16.834989000190127
ETH,upper_wick_rejection,trend_aligned,development,3,485,48.865979381443296,"[44.443591241448225, 53.306191101134736]",49.295979097111335,0.6024618385161892,-15.397538161483812
ETH,upper_wick_rejection,trend_aligned,final_exploratory,1,115,48.69565217391305,"[39.75114589900694, 57.724485529718336]",50.976685570258354,0.8591011295911178,-15.140898870408884
ETH,upper_wick_rejection,trend_aligned,final_exploratory,2,115,37.391304347826086,"[29.090239459918777, 46.507531017759064]",50.598613736609956,-6.147410152927861,-22.14741015292786
ETH,upper_wick_rejection,trend_aligned,final_exploratory,3,115,40.869565217391305,"[32.32130778320873, 50.00811221786833]",50.22054190296156,-3.2907495836781577,-19.29074958367816
ETH,upper_wick_rejection,range,development,1,393,43.76590330788804,"[38.944806227394224, 48.70769794555538]",48.91149179157745,-3.522712706501911,-19.522712706501913
ETH,upper_wick_rejection,range,development,2,393,47.07379134860051,"[42.19100810646019, 52.0132285461488]",48.60813704496788,-5.602995030318929,-21.60299503031893
ETH,upper_wick_rejection,range,development,3,393,47.07379134860051,"[42.19100810646019, 52.0132285461488]",49.26837972876517,-8.493649356086264,-24.493649356086266
ETH,upper_wick_rejection,range,final_exploratory,1,187,46.524064171122994,"[39.51687760692049, 53.671190403408495]",49.61734693877551,-0.35990943401116593,-16.35990943401117
ETH,upper_wick_rejection,range,final_exploratory,2,186,40.32258064516129,"[33.537525815012614, 47.49929646208577]",47.68183751595066,-6.16770647208675,-22.16770647208675
ETH,upper_wick_rejection,range,final_exploratory,3,186,38.17204301075269,"[31.496492301987928, 45.32629048113232]",47.06382978723404,-9.483810991158618,-25.48381099115862
ETH,inside_bar_up_break,all,development,1,930,44.40860215053763,"[41.24470610827885, 47.61850152779135]",50.86942257217848,-3.420794885209639,-19.420794885209638
ETH,inside_bar_up_break,all,development,2,930,45.69892473118279,"[42.52152661567492, 48.911710027456]",51.454505686789155,-4.602938267453681,-20.602938267453684
ETH,inside_bar_up_break,all,development,3,930,46.666666666666664,"[43.48055435999964, 49.880204038426825]",51.219378827646544,-4.229752581748503,-20.229752581748503
ETH,inside_bar_up_break,all,final_exploratory,1,296,46.95945945945946,"[41.349227924923085, 52.64760240148926]",49.787811916482774,2.090994439426144,-13.909005560573858
ETH,inside_bar_up_break,all,final_exploratory,2,296,43.58108108108108,"[38.05002258623292, 49.27661921397092]",50.62818336162989,-4.305208546089387,-20.30520854608939
ETH,inside_bar_up_break,all,final_exploratory,3,296,45.608108108108105,"[40.02644497866053, 51.30230993726842]",51.21412803532009,-6.794757888469865,-22.794757888469864
ETH,inside_bar_up_break,trend_aligned,development,1,307,46.579804560260584,"[41.07644635446107, 52.16770114703165]",50.9325681492109,-4.833319211016101,-20.833319211016104
ETH,inside_bar_up_break,trend_aligned,development,2,307,45.27687296416938,"[39.8013061830895, 50.869183223733785]",52.51076040172167,-2.2665787626147473,-18.26657876261475
ETH,inside_bar_up_break,trend_aligned,development,3,307,48.20846905537459,"[42.67564927195146, 53.78557084787806]",52.27761836441894,2.3568345861291555,-13.643165413870845
ETH,inside_bar_up_break,trend_aligned,final_exploratory,1,98,45.91836734693877,"[36.392528815047385, 55.75213505511963]",49.795081967213115,9.794655525453534,-6.205344474546467
ETH,inside_bar_up_break,trend_aligned,final_exploratory,2,98,46.93877551020408,"[37.36078959830537, 56.7477083043199]",49.59016393442623,1.8818523707239745,-14.118147629276026
ETH,inside_bar_up_break,trend_aligned,final_exploratory,3,98,43.87755102040816,"[34.46781918182551, 53.749176623425]",50.409836065573764,-6.688764614762287,-22.688764614762288
ETH,inside_bar_up_break,range,development,1,274,42.33576642335766,"[36.630927038626034, 48.252546134577685]",51.01713062098501,-2.141785079846503,-18.141785079846503
ETH,inside_bar_up_break,range,development,2,274,47.81021897810219,"[41.96673465526012, 53.71425767994095]",51.39186295503212,-1.94681888121611,-17.94681888121611
ETH,inside_bar_up_break,range,development,3,274,47.44525547445255,"[41.60882754586779, 53.35233017853345]",50.71377587437544,0.016149411642282077,-15.983850588357718
ETH,inside_bar_up_break,range,final_exploratory,1,116,50.86206896551724,"[41.883677386447275, 59.785192188057735]",50.34013605442177,3.328179464710783,-12.671820535289218
ETH,inside_bar_up_break,range,final_exploratory,2,116,43.96551724137931,"[35.27024286439728, 53.04767011406762]",52.31816248404934,2.0744250010176577,-13.925574998982343
ETH,inside_bar_up_break,range,final_exploratory,3,116,46.55172413793103,"[37.730845831344375, 55.59367587063557]",52.8936170212766,2.9982617322618355,-13.001738267738165
ETH,inside_bar_down_break,all,development,1,821,41.90012180267966,"[38.570456909200175, 45.30523510245395]",49.075896762904634,-5.116939904565043,-21.116939904565047
ETH,inside_bar_down_break,all,development,2,821,40.56029232643118,"[37.25308214089407, 43.95543110577051]",48.50721784776903,-9.953195197157122,-25.95319519715712
ETH,inside_bar_down_break,all,development,3,821,40.803897685749085,"[37.49241446073835, 44.20104037956069]",48.7587489063867,-12.211004544222906,-28.211004544222906
ETH,inside_bar_down_break,all,final_exploratory,1,283,43.81625441696113,"[38.15654356383569, 49.64160008060082]",50.14428789679172,-0.5864226134984184,-16.586422613498417
ETH,inside_bar_down_break,all,final_exploratory,2,283,49.46996466431096,"[43.69102996842812, 55.26309662966645]",49.33786078098472,0.6265277724522216,-15.373472227547778
ETH,inside_bar_down_break,all,final_exploratory,3,283,48.763250883392224,"[42.995206917260006, 54.5644218116273]",48.734929529631515,2.1930884684066014,-13.806911531593398
ETH,inside_bar_down_break,trend_aligned,development,1,305,45.24590163934426,"[39.753531384926056, 50.856541869454176]",49.35404267673102,-1.7128103501146292,-17.71281035011463
ETH,inside_bar_down_break,trend_aligned,development,2,305,44.59016393442623,"[39.11332893883043, 50.20158200580914]",49.39759036144578,-8.282588713872101,-24.2825887138721
ETH,inside_bar_down_break,trend_aligned,development,3,305,42.950819672131146,"[37.51704963464195, 48.55995553564597]",49.295979097111335,-19.00590011751912,-35.00590011751912
ETH,inside_bar_down_break,trend_aligned,final_exploratory,1,88,50.0,"[39.77398665504473, 60.22601334495528]",50.976685570258354,7.373511909815396,-8.626488090184605
ETH,inside_bar_down_break,trend_aligned,final_exploratory,2,88,61.36363636363637,"[50.91856433622111, 70.85805976440432]",50.598613736609956,15.97195271442508,-0.028047285574920276
ETH,inside_bar_down_break,trend_aligned,final_exploratory,3,88,55.68181818181818,"[45.28160324206779, 65.60670880824492]",50.22054190296156,17.42018557713429,1.4201855771342888
ETH,inside_bar_down_break,range,development,1,255,40.3921568627451,"[34.55528045280364, 46.514223058223955]",48.91149179157745,-4.171774910275088,-20.171774910275087
ETH,inside_bar_down_break,range,development,2,255,36.470588235294116,"[30.803895993810066, 42.538874256412456]",48.60813704496788,-5.43498833134338,-21.434988331343384
ETH,inside_bar_down_break,range,development,3,255,40.3921568627451,"[34.55528045280364, 46.514223058223955]",49.26837972876517,0.770037636640517,-15.229962363359483
ETH,inside_bar_down_break,range,final_exploratory,1,107,41.12149532710281,"[32.26357894349217, 50.594842443423936]",49.61734693877551,-7.591197907561669,-23.591197907561668
ETH,inside_bar_down_break,range,final_exploratory,2,107,42.05607476635514,"[33.13711728887053, 51.525680794159676]",47.68183751595066,-12.370741796309341,-28.370741796309346
ETH,inside_bar_down_break,range,final_exploratory,3,107,42.99065420560748,"[34.013913708365806, 52.45326107077849]",47.06382978723404,-10.757866764323527,-26.757866764323527
ETH,three_bar_up_reversal,all,development,1,450,46.44444444444444,"[41.88591752484599, 51.06316426933066]",50.86942257217848,0.6688291519347505,-15.33117084806525
ETH,three_bar_up_reversal,all,development,2,450,47.77777777777778,"[43.2009247284399, 52.39225139292053]",51.454505686789155,-0.7258178611281998,-16.7258178611282
ETH,three_bar_up_reversal,all,development,3,450,47.77777777777778,"[43.2009247284399, 52.39225139292053]",51.219378827646544,-2.2368603554560176,-18.236860355456017
ETH,three_bar_up_reversal,all,final_exploratory,1,162,45.06172839506173,"[37.60255595358415, 52.749683773963106]",49.787811916482774,-4.2836303472940545,-20.283630347294057
ETH,three_bar_up_reversal,all,final_exploratory,2,162,43.20987654320987,"[35.82611622067933, 50.90821340469813]",50.62818336162989,-12.545072808793192,-28.54507280879319
ETH,three_bar_up_reversal,all,final_exploratory,3,162,45.06172839506173,"[37.60255595358415, 52.749683773963106]",51.21412803532009,-10.869123771198089,-26.86912377119809
ETH,three_bar_up_reversal,trend_aligned,development,1,153,47.05882352941177,"[39.3188812557957, 54.9428452249339]",50.9325681492109,-0.00959475631366985,-16.00959475631367
ETH,three_bar_up_reversal,trend_aligned,development,2,153,46.40522875816993,"[38.68783095734138, 54.29872363021702]",52.51076040172167,-2.9861484020589857,-18.986148402058987
ETH,three_bar_up_reversal,trend_aligned,development,3,153,47.712418300653596,"[39.951242618091584, 55.58565575580923]",52.27761836441894,-9.31928194996466,-25.31928194996466
ETH,three_bar_up_reversal,trend_aligned,final_exploratory,1,59,35.59322033898305,"[24.60311586943476, 48.34474032773399]",49.795081967213115,-11.446104517706205,-27.446104517706207
ETH,three_bar_up_reversal,trend_aligned,final_exploratory,2,59,45.76271186440678,"[33.701102140242426, 58.34238497657191]",49.59016393442623,-8.655357176423985,-24.655357176423987
ETH,three_bar_up_reversal,trend_aligned,final_exploratory,3,59,47.45762711864407,"[35.26566902740132, 59.96042324268729]",50.409836065573764,-9.390042630262942,-25.390042630262943
ETH,three_bar_up_reversal,range,development,1,137,45.98540145985402,"[37.863107916464635, 54.32669964039357]",51.01713062098501,3.7869732140124466,-12.213026785987553
ETH,three_bar_up_reversal,range,development,2,137,48.90510948905109,"[40.67917131500425, 57.19077620050255]",51.39186295503212,12.344182842500357,-3.655817157499643
ETH,three_bar_up_reversal,range,development,3,137,48.90510948905109,"[40.67917131500425, 57.19077620050255]",50.71377587437544,14.994238666483891,-1.0057613335161102
ETH,three_bar_up_reversal,range,final_exploratory,1,62,54.83870967741935,"[42.53229453059871, 66.58048523173997]",50.34013605442177,7.286660888594392,-8.713339111405608
ETH,three_bar_up_reversal,range,final_exploratory,2,62,46.774193548387096,"[34.908630867622215, 59.016182624151995]",52.31816248404934,-3.6715025748026715,-19.67150257480267
ETH,three_bar_up_reversal,range,final_exploratory,3,62,45.16129032258065,"[33.41951476826002, 57.467705469401274]",52.8936170212766,-5.273029046788033,-21.273029046788036
ETH,three_bar_down_reversal,all,development,1,470,41.91489361702128,"[37.53716610818728, 46.4237187107058]",49.075896762904634,-5.253834541566343,-21.253834541566345
ETH,three_bar_down_reversal,all,development,2,470,41.48936170212766,"[37.12147929608313, 45.99524156590958]",48.50721784776903,-13.467787335702567,-29.467787335702567
ETH,three_bar_down_reversal,all,development,3,470,44.04255319148936,"[39.62062076079696, 48.561083842597945]",48.7587489063867,-12.223713646649482,-28.223713646649482
ETH,three_bar_down_reversal,all,final_exploratory,1,137,54.01459854014598,"[45.673300359606436, 62.13689208353538]",50.14428789679172,7.663201491873462,-8.336798508126538
ETH,three_bar_down_reversal,all,final_exploratory,2,137,46.715328467153284,"[38.564543603837784, 55.045298942682564]",49.33786078098472,1.8008014842674387,-14.199198515732563
ETH,three_bar_down_reversal,all,final_exploratory,3,137,41.605839416058394,"[33.69105392811653, 49.97854369076881]",48.734929529631515,-9.377766815097493,-25.377766815097495
ETH,three_bar_down_reversal,trend_aligned,development,1,166,40.36144578313253,"[33.19751901752602, 47.96139611280717]",49.35404267673102,-4.041432747465515,-20.041432747465517
ETH,three_bar_down_reversal,trend_aligned,development,2,166,42.16867469879518,"[34.9167457937409, 49.77487274965482]",49.39759036144578,-9.294693790498524,-25.294693790498528
ETH,three_bar_down_reversal,trend_aligned,development,3,166,45.78313253012048,"[38.38493557715593, 53.37208979236483]",49.295979097111335,-9.365098915618548,-25.36509891561855
ETH,three_bar_down_reversal,trend_aligned,final_exploratory,1,45,51.111111111111114,"[37.00422432648975, 65.0432106469755]",50.976685570258354,13.4822492352529,-2.517750764747101
ETH,three_bar_down_reversal,trend_aligned,final_exploratory,2,45,46.666666666666664,"[32.934903942014735, 60.92279113758954]",50.598613736609956,6.943378135874732,-9.056621864125269
ETH,three_bar_down_reversal,trend_aligned,final_exploratory,3,45,40.0,"[27.024679447957546, 54.54840579085527]",50.22054190296156,-10.310348134299455,-26.310348134299456
ETH,three_bar_down_reversal,range,development,1,145,44.13793103448276,"[36.31045082657405, 52.26801110879885]",48.91149179157745,0.5711024127704247,-15.428897587229576
ETH,three_bar_down_reversal,range,development,2,145,39.310344827586206,"[31.734377558655396, 47.43811185290696]",48.60813704496788,-14.76822438923758,-30.768224389237584
ETH,three_bar_down_reversal,range,development,3,145,44.827586206896555,"[36.9703241810949, 52.95184811482236]",49.26837972876517,-11.427615270943335,-27.42761527094333
ETH,three_bar_down_reversal,range,final_exploratory,1,58,55.172413793103445,"[42.45185822161052, 67.25034870705885]",49.61734693877551,-0.005132857579200786,-16.005132857579202
ETH,three_bar_down_reversal,range,final_exploratory,2,58,41.37931034482759,"[29.627832678138283, 54.20182244074607]",47.68183751595066,-13.270878783637542,-29.270878783637542
ETH,three_bar_down_reversal,range,final_exploratory,3,58,39.6551724137931,"[28.08856895011114, 52.50701719255011]",47.06382978723404,-18.616811820343436,-34.616811820343436
ETH,doji_follow_previous_direction,all,development,1,2442,50.08190008190008,"[48.10019272179166, 52.063350166676656]",47.46828521434821,-1.1934545656179467,-17.193454565617948
ETH,doji_follow_previous_direction,all,development,2,2442,50.49140049140049,"[48.50914284103822, 52.47211448977177]",47.85651793525809,-0.7395942682748913,-16.739594268274892
ETH,doji_follow_previous_direction,all,development,3,2442,48.402948402948404,"[46.424884964194355, 50.38602871067322]",47.64873140857393,-1.1364881846857906,-17.136488184685792
ETH,doji_follow_previous_direction,all,final_exploratory,1,817,48.47001223990208,"[45.05821341142246, 51.89613198237826]",47.4113053810898,-1.622025820964866,-17.62202582096487
ETH,doji_follow_previous_direction,all,final_exploratory,2,816,48.77450980392157,"[45.35863652084585, 52.201867849754514]",46.8081494057725,-1.7227902852513812,-17.72279028525138
ETH,doji_follow_previous_direction,all,final_exploratory,3,815,48.34355828220859,"[44.92847220353374, 51.77418677226818]",47.18967566649686,1.0448090451580565,-14.955190954841944
ETH,doji_follow_previous_direction,trend_aligned,development,1,795,49.55974842767296,"[46.09466485894448, 53.029066303779146]",47.16437039410445,-1.4449504439342455,-17.444950443934246
ETH,doji_follow_previous_direction,trend_aligned,development,2,795,52.327044025157235,"[48.852258041838056, 55.779448669479926]",48.68631848766421,3.4213709769137415,-12.578629023086261
ETH,doji_follow_previous_direction,trend_aligned,development,3,795,48.679245283018865,"[45.21946632727678, 52.15172716089409]",48.157641781480294,2.852692984849219,-13.147307015150783
ETH,doji_follow_previous_direction,trend_aligned,final_exploratory,1,244,45.49180327868852,"[39.36164780470069, 51.76171485919432]",47.6457399103139,-4.109413440028643,-20.109413440028643
ETH,doji_follow_previous_direction,trend_aligned,final_exploratory,2,244,45.49180327868852,"[39.36164780470069, 51.76171485919432]",47.08520179372198,-7.164202718037234,-23.16420271803723
ETH,doji_follow_previous_direction,trend_aligned,final_exploratory,3,244,45.49180327868852,"[39.36164780470069, 51.76171485919432]",47.47757847533632,-0.7698227508544307,-16.76982275085443
ETH,doji_follow_previous_direction,range,development,1,775,51.096774193548384,"[47.58063374429244, 54.602095067317016]",48.4475374732334,0.13044658172580356,-15.869553418274197
ETH,doji_follow_previous_direction,range,development,2,775,50.32258064516129,"[46.809490834477025, 53.83248822776103]",48.00142755174875,-2.9458159159695474,-18.945815915969547
ETH,doji_follow_previous_direction,range,development,3,775,47.225806451612904,"[43.73330119456694, 50.745678870185614]",48.054960742326905,-4.382216379183673,-20.38221637918367
ETH,doji_follow_previous_direction,range,final_exploratory,1,327,48.318042813455655,"[42.95273040881151, 53.72241564295466]",47.66156462585034,-1.7050256744556405,-17.70502567445564
ETH,doji_follow_previous_direction,range,final_exploratory,2,326,48.15950920245399,"[42.78854172079616, 53.57334835007423]",46.57592513823905,-0.44932298246462543,-16.449322982464626
ETH,doji_follow_previous_direction,range,final_exploratory,3,325,49.23076923076923,"[43.836171666141894, 54.64333944194175]",47.40425531914894,0.758347349296627,-15.241652650703372
SOL,bullish_engulfing,all,development,1,2273,48.614166300044,"[46.56348507377418, 50.66952402092964]",50.7163167104112,0.6650161429208163,-19.334983857079184
SOL,bullish_engulfing,all,development,2,2273,48.08622965244171,"[46.03715391722926, 50.14176340402842]",50.78193350831146,-1.400266878452027,-21.40026687845203
SOL,bullish_engulfing,all,development,3,2273,48.746150461944566,"[46.69510362927605, 50.80142840878933]",50.64523184601924,-1.8567788997038006,-21.856778899703798
SOL,bullish_engulfing,all,final_exploratory,1,748,44.919786096256686,"[41.390076591738655, 48.50141118973021]",49.41436088949245,0.9694444617863655,-19.030555538213633
SOL,bullish_engulfing,all,final_exploratory,2,748,47.45989304812834,"[43.903394680116804, 51.04234921061763]",50.1528013582343,1.2183269061891349,-18.781673093810866
SOL,bullish_engulfing,all,final_exploratory,3,747,47.52342704149933,"[43.964017567592165, 51.108178751844605]",49.78773985396502,-0.43851369237937343,-20.438513692379374
SOL,bullish_engulfing,trend_aligned,development,1,746,49.32975871313673,"[45.754680422595236, 52.91170458458494]",51.27992021276596,0.5098576208230652,-19.490142379176937
SOL,bullish_engulfing,trend_aligned,development,2,746,48.65951742627346,"[45.08883281578172, 52.243937198578635]",50.88098404255319,-1.239001516790293,-21.239001516790292
SOL,bullish_engulfing,trend_aligned,development,3,746,48.793565683646115,"[45.221951118676046, 52.37754189424828]",50.68151595744681,-2.930762291009842,-22.93076229100984
SOL,bullish_engulfing,trend_aligned,final_exploratory,1,268,42.53731343283582,"[36.76455195843793, 48.52099668459537]",48.62385321100918,1.1973127019688083,-18.80268729803119
SOL,bullish_engulfing,trend_aligned,final_exploratory,2,268,45.149253731343286,"[39.30158998079147, 51.13401663718017]",49.28866452501147,0.3849261908705675,-19.615073809129434
SOL,bullish_engulfing,trend_aligned,final_exploratory,3,267,49.06367041198502,"[43.12316406392879, 55.03073843849329]",49.63269054178145,1.643582038754969,-18.356417961245032
SOL,bullish_engulfing,range,development,1,705,50.354609929078016,"[46.671901720485614, 54.03347448768274]",51.06837606837607,2.612726250335306,-17.387273749664693
SOL,bullish_engulfing,range,development,2,705,48.794326241134755,"[45.121046485754555, 52.48067440647297]",51.47792022792023,1.7311922400094506,-18.26880775999055
SOL,bullish_engulfing,range,development,3,705,49.219858156028366,"[45.54365336613967, 52.9045189758899]",50.90811965811965,2.5988877047409358,-17.401112295259065
SOL,bullish_engulfing,range,final_exploratory,1,223,47.98206278026906,"[41.514689372006494, 54.51778438941998]",49.64871194379391,3.389962047204451,-16.61003795279555
SOL,bullish_engulfing,range,final_exploratory,2,223,49.775784753363226,"[43.27288714071004, 56.28627661055957]",50.81967213114754,3.7712680045830616,-16.22873199541694
SOL,bullish_engulfing,range,final_exploratory,3,223,47.08520179372197,"[40.63868353413805, 53.63044523236687]",50.11709601873536,-1.5362258273113836,-21.536225827311384
SOL,bearish_engulfing,all,development,1,2276,47.978910369068544,"[45.93153514983959, 50.03309677897513]",48.955599300087485,-1.5577312209493164,-21.557731220949314
SOL,bearish_engulfing,all,development,2,2276,47.934973637961335,"[45.88774608633665, 49.98916044962621]",49.03215223097113,-3.3512428581889937,-23.351242858188993
SOL,bearish_engulfing,all,development,3,2276,47.27592267135325,"[45.23110058633496, 49.32992505685008]",49.14698162729659,-9.13185867318604,-29.13185867318604
SOL,bearish_engulfing,all,final_exploratory,1,725,48.275862068965516,"[44.65707310169211, 51.912826311294204]",49.32948565608555,1.9914818139625001,-18.008518186037502
SOL,bearish_engulfing,all,final_exploratory,2,725,48.0,"[44.38340749843553, 51.63767582062858]",49.15110356536502,0.9846173638256791,-19.01538263617432
SOL,bearish_engulfing,all,final_exploratory,3,725,47.724137931034484,"[44.109852074294174, 51.36241515084775]",49.482085243674646,0.27296553533622564,-19.727034464663774
SOL,bearish_engulfing,trend_aligned,development,1,782,47.31457800511509,"[43.83683030533665, 50.81858116689896]",49.85241572160945,-4.840050114556827,-24.840050114556828
SOL,bearish_engulfing,trend_aligned,development,2,782,47.44245524296675,"[43.963615295990216, 50.946300391853214]",49.77473978561442,-7.401276223158296,-27.4012762231583
SOL,bearish_engulfing,trend_aligned,development,3,782,47.9539641943734,"[44.470983615613626, 51.45694893466113]",49.634923100823364,-12.226040832635867,-32.22604083263587
SOL,bearish_engulfing,trend_aligned,final_exploratory,1,253,47.430830039525695,"[41.36225748359369, 53.57625714954983]",48.92661008487269,1.4915758373125536,-18.508424162687447
SOL,bearish_engulfing,trend_aligned,final_exploratory,2,253,46.640316205533594,"[40.58922363557544, 52.79191088468919]",48.826759860209684,-1.2444154370247538,-21.244415437024752
SOL,bearish_engulfing,trend_aligned,final_exploratory,3,253,45.45454545454545,"[39.432516727645925, 51.61254762330032]",49.42586120818772,-3.131991066992964,-23.131991066992963
SOL,bearish_engulfing,range,development,1,703,49.502133712660026,"[45.81893902395721, 53.19074008943963]",48.59330484330484,2.8690766332777655,-17.130923366722236
SOL,bearish_engulfing,range,development,2,703,48.933143669985775,"[45.25369424963566, 52.624189564786136]",48.326210826210826,2.2170568275310627,-17.78294317246894
SOL,bearish_engulfing,range,development,3,703,48.221906116642955,"[44.54780642529573, 51.91533326540726]",48.86039886039886,-1.396185755914598,-21.396185755914598
SOL,bearish_engulfing,range,final_exploratory,1,211,50.23696682464455,"[43.5467954283651, 56.918663775066626]",48.77049180327869,6.315157440940282,-13.68484255905972
SOL,bearish_engulfing,range,final_exploratory,2,211,45.023696682464454,"[38.45927173274637, 51.76608499518712]",48.36065573770492,0.039969744583931786,-19.96003025541607
SOL,bearish_engulfing,range,final_exploratory,3,211,50.71090047393365,"[44.01284462906041, 57.383532981234794]",49.004683840749415,2.6213782724308694,-17.378621727569133
SOL,lower_wick_rejection,all,development,1,1543,49.1250810110175,"[46.63589197462636, 51.61861579139182]",50.7163167104112,-1.121641934334082,-21.121641934334082
SOL,lower_wick_rejection,all,development,2,1543,49.44912508101102,"[46.958901577541276, 51.94208479365536]",50.78193350831146,1.073292265122942,-18.92670773487706
SOL,lower_wick_rejection,all,development,3,1543,49.44912508101102,"[46.958901577541276, 51.94208479365536]",50.64523184601924,0.3847195169514819,-19.61528048304852
SOL,lower_wick_rejection,all,final_exploratory,1,448,48.660714285714285,"[44.063400994935634, 53.28080104400898]",49.41436088949245,-0.34391005846704503,-20.343910058467046
SOL,lower_wick_rejection,all,final_exploratory,2,448,47.32142857142857,"[42.74042591279362, 51.94797816509562]",50.1528013582343,-2.1458467322828665,-22.14584673228287
SOL,lower_wick_rejection,all,final_exploratory,3,448,50.0,"[45.38965984461957, 54.61034015538042]",49.78773985396502,0.11148753339086312,-19.888512466609136
SOL,lower_wick_rejection,trend_aligned,development,1,529,48.960302457466916,"[44.72322754195247, 53.212369078131246]",51.27992021276596,-2.4991339944986484,-22.49913399449865
SOL,lower_wick_rejection,trend_aligned,development,2,529,48.20415879017013,"[43.97434357777151, 52.45986876600946]",50.88098404255319,-4.45840987243748,-24.458409872437482
SOL,lower_wick_rejection,trend_aligned,development,3,529,49.52741020793951,"[45.28552359161851, 53.776111235692284]",50.68151595744681,-4.656262326677428,-24.656262326677428
SOL,lower_wick_rejection,trend_aligned,final_exploratory,1,155,47.096774193548384,"[39.404010770828634, 54.929967229896604]",48.62385321100918,-3.0859611368000666,-23.08596113680007
SOL,lower_wick_rejection,trend_aligned,final_exploratory,2,155,47.096774193548384,"[39.404010770828634, 54.929967229896604]",49.28866452501147,3.1787757968954593,-16.821224203104542
SOL,lower_wick_rejection,trend_aligned,final_exploratory,3,155,53.54838709677419,"[45.70592028833912, 61.219217710774466]",49.63269054178145,8.122971350942954,-11.877028649057044
SOL,lower_wick_rejection,range,development,1,482,49.5850622406639,"[45.14240020667132, 54.03428618658938]",51.06837606837607,0.823999661512606,-19.176000338487395
SOL,lower_wick_rejection,range,development,2,482,48.7551867219917,"[44.320301921382566, 53.20975725839949]",51.47792022792023,7.397261660093112,-12.602738339906887
SOL,lower_wick_rejection,range,development,3,482,48.54771784232365,"[44.114967338968746, 53.00343503744366]",50.90811965811965,3.842966252818281,-16.157033747181718
SOL,lower_wick_rejection,range,final_exploratory,1,141,46.09929078014184,"[38.0840007686035, 54.321495994757306]",49.64871194379391,-2.3333300785773603,-22.333330078577358
SOL,lower_wick_rejection,range,final_exploratory,2,141,46.808510638297875,"[38.76641597962631, 55.019899554032534]",50.81967213114754,-8.291635609837705,-28.29163560983771
SOL,lower_wick_rejection,range,final_exploratory,3,141,45.39007092198582,"[37.403194795100234, 53.621483197962526]",50.11709601873536,-5.616052660494639,-25.61605266049464
SOL,upper_wick_rejection,all,development,1,1269,48.226950354609926,"[45.48714905670092, 50.97745423722032]",48.955599300087485,-3.7182175273540032,-23.718217527354007
SOL,upper_wick_rejection,all,development,2,1269,47.20252167060678,"[44.46837954921734, 49.95355009230287]",49.03215223097113,-5.927137986849798,-25.9271379868498
SOL,upper_wick_rejection,all,development,3,1269,47.36012608353034,"[44.625038231451995, 50.111148895052985]",49.14698162729659,-7.656417972373557,-27.656417972373557
SOL,upper_wick_rejection,all,final_exploratory,1,397,49.622166246851386,"[44.73107244217911, 54.52050224467973]",49.32948565608555,0.8240885535459204,-19.17591144645408
SOL,upper_wick_rejection,all,final_exploratory,2,396,48.73737373737374,"[43.85008219646927, 53.6489274113354]",49.15110356536502,-3.4249686470358,-23.4249686470358
SOL,upper_wick_rejection,all,final_exploratory,3,396,48.98989898989899,"[44.09962394226753, 53.89958374397621]",49.482085243674646,-1.026386404225088,-21.02638640422509
SOL,upper_wick_rejection,trend_aligned,development,1,494,50.80971659919028,"[46.4118563665005, 55.195080458385156]",49.85241572160945,2.063841145294827,-17.936158854705173
SOL,upper_wick_rejection,trend_aligned,development,2,494,50.0,"[45.60781642201144, 54.39218357798856]",49.77473978561442,2.6837361814338077,-17.316263818566192
SOL,upper_wick_rejection,trend_aligned,development,3,494,49.19028340080972,"[44.80491954161482, 53.588143633499485]",49.634923100823364,3.29250487971922,-16.70749512028078
SOL,upper_wick_rejection,trend_aligned,final_exploratory,1,136,43.38235294117647,"[35.34783960685483, 51.78045411976156]",48.92661008487269,-5.307834176104612,-25.307834176104613
SOL,upper_wick_rejection,trend_aligned,final_exploratory,2,136,39.705882352941174,"[31.874081395277898, 48.10326440168093]",48.826759860209684,-15.50644149439031,-35.50644149439031
SOL,upper_wick_rejection,trend_aligned,final_exploratory,3,136,40.44117647058823,"[32.56518090225641, 48.842354480633944]",49.42586120818772,-11.468358070497404,-31.468358070497402
SOL,upper_wick_rejection,range,development,1,367,46.321525885558586,"[41.28428636544347, 51.434977061313404]",48.59330484330484,-8.190777329624396,-28.190777329624396
SOL,upper_wick_rejection,range,development,2,367,44.9591280653951,"[39.948013606747764, 50.07468071880794]",48.326210826210826,-10.47659744362264,-30.47659744362264
SOL,upper_wick_rejection,range,development,3,367,46.59400544959128,"[41.55199404348375, 51.70658320351335]",48.86039886039886,-16.38940888470929,-36.38940888470929
SOL,upper_wick_rejection,range,final_exploratory,1,110,50.90909090909091,"[41.69495629363377, 60.06187073620417]",48.77049180327869,3.2106837385798004,-16.7893162614202
SOL,upper_wick_rejection,range,final_exploratory,2,110,53.63636363636363,"[44.35223086398581, 62.675077255365984]",48.36065573770492,9.133496673160495,-10.866503326839505
SOL,upper_wick_rejection,range,final_exploratory,3,110,52.72727272727273,"[43.46352821640567, 61.806952873108166]",49.004683840749415,9.699156271842389,-10.300843728157611
SOL,inside_bar_up_break,all,development,1,803,44.831880448318806,"[41.424776662126035, 48.28819797874523]",50.7163167104112,-2.440085941570506,-22.440085941570505
SOL,inside_bar_up_break,all,development,2,803,46.94894146948941,"[43.51976514067288, 50.407171695504125]",50.78193350831146,-3.1609648197276106,-23.160964819727614
SOL,inside_bar_up_break,all,development,3,803,48.567870485678704,"[45.12599603649382, 52.02338247844642]",50.64523184601924,-6.152447644069371,-26.152447644069373
SOL,inside_bar_up_break,all,final_exploratory,1,261,42.1455938697318,"[36.311305088589435, 48.20774327843447]",49.41436088949245,-7.77780855993226,-27.77780855993226
SOL,inside_bar_up_break,all,final_exploratory,2,261,41.76245210727969,"[35.94113404371348, 47.822745950970145]",50.1528013582343,-12.694855607740301,-32.6948556077403
SOL,inside_bar_up_break,all,final_exploratory,3,261,49.04214559386973,"[43.03523643955095, 55.076842629598296]",49.78773985396502,-8.374886936722925,-28.374886936722923
SOL,inside_bar_up_break,trend_aligned,development,1,286,45.80419580419581,"[40.123511132890265, 51.596103994820865]",51.27992021276596,-4.728279475489341,-24.72827947548934
SOL,inside_bar_up_break,trend_aligned,development,2,286,46.50349650349651,"[40.80741428745882, 52.29226498563379]",50.88098404255319,-0.6834741123310863,-20.683474112331087
SOL,inside_bar_up_break,trend_aligned,development,3,286,50.34965034965035,"[44.588824481315115, 56.101207591375626]",50.68151595744681,-5.807749934778395,-25.807749934778396
SOL,inside_bar_up_break,trend_aligned,final_exploratory,1,98,40.816326530612244,"[31.61068392771741, 50.71480978015836]",48.62385321100918,-4.952064263338387,-24.952064263338386
SOL,inside_bar_up_break,trend_aligned,final_exploratory,2,98,45.91836734693877,"[36.392528815047385, 55.75213505511963]",49.28866452501147,-7.661746756704202,-27.661746756704204
SOL,inside_bar_up_break,trend_aligned,final_exploratory,3,98,46.93877551020408,"[37.36078959830537, 56.7477083043199]",49.63269054178145,-6.349089676366962,-26.34908967636696
SOL,inside_bar_up_break,range,development,1,237,44.30379746835443,"[38.12030047365758, 50.66901167175253]",51.06837606837607,3.421396846642028,-16.57860315335797
SOL,inside_bar_up_break,range,development,2,237,49.78902953586498,"[43.47763946509493, 56.10714987362396]",51.47792022792023,4.329504436926796,-15.670495563073207
SOL,inside_bar_up_break,range,development,3,237,50.21097046413502,"[43.892850126376025, 56.52236053490507]",50.90811965811965,-0.7206842322377122,-20.720684232237716
SOL,inside_bar_up_break,range,final_exploratory,1,74,43.24324324324324,"[32.56593778993208, 54.58746090690868]",49.64871194379391,-8.183937934997433,-28.18393793499743
SOL,inside_bar_up_break,range,final_exploratory,2,74,35.13513513513514,"[25.238027534892062, 46.49944959815762]",50.81967213114754,-15.108826185247873,-35.10882618524787
SOL,inside_bar_up_break,range,final_exploratory,3,74,50.0,"[38.89240084826873, 61.10759915173127]",50.11709601873536,-4.459896484418688,-24.45989648441869
SOL,inside_bar_down_break,all,development,1,752,45.611702127659576,"[42.083092163469516, 49.18491954692059]",48.955599300087485,-1.4489767417383428,-21.448976741738342
SOL,inside_bar_down_break,all,development,2,752,47.73936170212766,"[44.189879200557904, 51.31182380176427]",49.03215223097113,-5.155848133466024,-25.155848133466023
SOL,inside_bar_down_break,all,development,3,752,44.015957446808514,"[40.50726279207791, 47.58548044936315]",49.14698162729659,-8.70625019673675,-28.70625019673675
SOL,inside_bar_down_break,all,final_exploratory,1,278,39.20863309352518,"[33.65395067286819, 45.05749575661561]",49.32948565608555,-6.8923918914191775,-26.892391891419177
SOL,inside_bar_down_break,all,final_exploratory,2,278,42.0863309352518,"[36.429312233950604, 47.95908181433751]",49.15110356536502,-6.10551342822445,-26.105513428224448
SOL,inside_bar_down_break,all,final_exploratory,3,278,41.36690647482014,"[35.7335916490294, 47.23556549455763]",49.482085243674646,-4.768788682301915,-24.768788682301913
SOL,inside_bar_down_break,trend_aligned,development,1,243,46.50205761316872,"[40.33394980469964, 52.7790424948155]",49.85241572160945,-1.7219519220042183,-21.72195192200422
SOL,inside_bar_down_break,trend_aligned,development,2,243,47.73662551440329,"[41.54055396334175, 54.003146936344514]",49.77473978561442,-0.2548800406228241,-20.254880040622822
SOL,inside_bar_down_break,trend_aligned,development,3,243,40.32921810699588,"[34.35806812501846, 46.60138117364107]",49.634923100823364,-9.112343172274803,-29.112343172274805
SOL,inside_bar_down_break,trend_aligned,final_exploratory,1,91,40.65934065934066,"[31.1446242328006, 50.93075197342115]",48.92661008487269,-4.67039965264946,-24.67039965264946
SOL,inside_bar_down_break,trend_aligned,final_exploratory,2,91,45.05494505494506,"[35.239598940005365, 55.27089434564145]",48.826759860209684,5.486009759941955,-14.513990240058046
SOL,inside_bar_down_break,trend_aligned,final_exploratory,3,91,47.252747252747255,"[37.315630375359085, 57.41242145000025]",49.42586120818772,13.863737733588922,-6.136262266411079
SOL,inside_bar_down_break,range,development,1,256,50.0,"[43.920445797238536, 56.07955420276147]",48.59330484330484,4.427160287598393,-15.572839712401608
SOL,inside_bar_down_break,range,development,2,256,50.0,"[43.920445797238536, 56.07955420276147]",48.326210826210826,-4.015880714202577,-24.015880714202577
SOL,inside_bar_down_break,range,development,3,256,48.828125,"[42.767541591393595, 54.9233593267042]",48.86039886039886,-2.194804219911792,-22.19480421991179
SOL,inside_bar_down_break,range,final_exploratory,1,83,42.16867469879518,"[32.12284435427638, 52.90737157910118]",48.77049180327869,-3.4609168316834,-23.460916831683402
SOL,inside_bar_down_break,range,final_exploratory,2,83,40.963855421686745,"[31.01274465766225, 51.714427573158005]",48.36065573770492,-14.47126632364545,-34.47126632364545
SOL,inside_bar_down_break,range,final_exploratory,3,83,40.963855421686745,"[31.01274465766225, 51.714427573158005]",49.004683840749415,-21.958521657080443,-41.958521657080446
SOL,three_bar_up_reversal,all,development,1,451,49.889135254988915,"[45.29497203576768, 54.4851712053079]",50.7163167104112,2.026775168405777,-17.973224831594223
SOL,three_bar_up_reversal,all,development,2,451,47.450110864745014,"[42.882465265503164, 52.060829279235044]",50.78193350831146,-6.887872460688654,-26.887872460688655
SOL,three_bar_up_reversal,all,development,3,451,46.56319290465632,"[42.007885566026445, 51.176554907316365]",50.64523184601924,-7.300399697733942,-27.300399697733944
SOL,three_bar_up_reversal,all,final_exploratory,1,123,44.71544715447155,"[36.22123329815222, 53.52976322034013]",49.41436088949245,2.6682593855371564,-17.331740614462845
SOL,three_bar_up_reversal,all,final_exploratory,2,123,51.21951219512195,"[42.48356555093271, 59.88158909864598]",50.1528013582343,4.316007682706972,-15.68399231729303
SOL,three_bar_up_reversal,all,final_exploratory,3,123,48.78048780487805,"[40.11841090135402, 57.51643444906729]",49.78773985396502,2.0173719174359745,-17.982628082564027
SOL,three_bar_up_reversal,trend_aligned,development,1,149,42.95302013422819,"[35.28033430514483, 50.97995085282263]",51.27992021276596,-13.514192364530302,-33.5141923645303
SOL,three_bar_up_reversal,trend_aligned,development,2,149,47.651006711409394,"[39.79164521163135, 55.62844984102446]",50.88098404255319,-27.26755721218643,-47.26755721218643
SOL,three_bar_up_reversal,trend_aligned,development,3,149,40.26845637583892,"[32.73386313643237, 48.29224493885603]",50.68151595744681,-31.68673843471156,-51.686738434711565
SOL,three_bar_up_reversal,trend_aligned,final_exploratory,1,46,39.130434782608695,"[26.393022355248842, 53.54341628235508]",48.62385321100918,-6.350407425899313,-26.350407425899313
SOL,three_bar_up_reversal,trend_aligned,final_exploratory,2,46,39.130434782608695,"[26.393022355248842, 53.54341628235508]",49.28866452501147,5.77613802652682,-14.22386197347318
SOL,three_bar_up_reversal,trend_aligned,final_exploratory,3,46,43.47826086956522,"[30.209045959190572, 57.75281722337178]",49.63269054178145,1.3742731825094407,-18.62572681749056
SOL,three_bar_up_reversal,range,development,1,134,50.74626865671642,"[42.37926837174493, 59.07167241826332]",51.06837606837607,10.389458537157731,-9.610541462842269
SOL,three_bar_up_reversal,range,development,2,134,43.28358208955224,"[35.19719367608789, 51.74433921383794]",51.47792022792023,7.370296075870903,-12.6297039241291
SOL,three_bar_up_reversal,range,development,3,134,44.02985074626866,"[35.907177107087364, 52.48529657284672]",50.90811965811965,-0.8279639685486347,-20.827963968548637
SOL,three_bar_up_reversal,range,final_exploratory,1,40,52.5,"[37.497106853929736, 67.06477044981831]",49.64871194379391,12.888359616613858,-7.111640383386142
SOL,three_bar_up_reversal,range,final_exploratory,2,40,62.5,"[47.032160054531914, 75.7772264642083]",50.81967213114754,7.535967391887804,-12.464032608112195
SOL,three_bar_up_reversal,range,final_exploratory,3,40,60.0,"[44.5956198273935, 73.65188938759863]",50.11709601873536,14.792317069125456,-5.207682930874545
SOL,three_bar_down_reversal,all,development,1,419,48.68735083532219,"[43.93508875442402, 53.463464273471054]",48.955599300087485,2.9053102048330874,-17.094689795166914
SOL,three_bar_down_reversal,all,development,2,419,49.64200477326969,"[44.879562818676604, 54.4109516434766]",49.03215223097113,0.2799499250296237,-19.720050074970374
SOL,three_bar_down_reversal,all,development,3,419,48.68735083532219,"[43.93508875442402, 53.463464273471054]",49.14698162729659,-4.24154498122956,-24.24154498122956
SOL,three_bar_down_reversal,all,final_exploratory,1,143,47.55244755244755,"[39.53865848421657, 55.69430002345428]",49.32948565608555,5.523779162055914,-14.476220837944087
SOL,three_bar_down_reversal,all,final_exploratory,2,143,51.74825174825175,"[43.62006831565453, 59.78496132172344]",49.15110356536502,0.04941966450780663,-19.950580335492194
SOL,three_bar_down_reversal,all,final_exploratory,3,143,48.95104895104895,"[40.892962253687976, 57.06401996388526]",49.482085243674646,-6.975687802632351,-26.97568780263235
SOL,three_bar_down_reversal,trend_aligned,development,1,139,44.60431654676259,"[36.59630704723026, 52.90255042846308]",49.85241572160945,-1.5367287315997316,-21.536728731599734
SOL,three_bar_down_reversal,trend_aligned,development,2,139,51.07913669064748,"[42.85225853728892, 59.24796996757241]",49.77473978561442,0.24695449566078045,-19.753045504339223
SOL,three_bar_down_reversal,trend_aligned,development,3,139,48.92086330935252,"[40.752030032427584, 57.147741462711075]",49.634923100823364,-5.3156014807921,-25.3156014807921
SOL,three_bar_down_reversal,trend_aligned,final_exploratory,1,38,47.36842105263158,"[32.47877880894159, 62.74128925728913]",48.92661008487269,4.457369337526285,-15.542630662473714
SOL,three_bar_down_reversal,trend_aligned,final_exploratory,2,38,57.89473684210526,"[42.19207061312733, 72.14772518818047]",48.826759860209684,-5.672292370498354,-25.672292370498354
SOL,three_bar_down_reversal,trend_aligned,final_exploratory,3,38,60.526315789473685,"[44.71758699869596, 74.40214073638109]",49.42586120818772,-0.7918318699177609,-20.791831869917765
SOL,three_bar_down_reversal,range,development,1,123,56.09756097560975,"[47.274337806112136, 64.55143544178131]",48.59330484330484,10.098704589802457,-9.901295410197543
SOL,three_bar_down_reversal,range,development,2,123,55.28455284552845,"[46.47023677965987, 63.778766701847765]",48.326210826210826,7.1793870540988385,-12.820612945901162
SOL,three_bar_down_reversal,range,development,3,123,52.84552845528455,"[44.07150041403604, 61.447193768314236]",48.86039886039886,8.816274325163759,-11.183725674836241
SOL,three_bar_down_reversal,range,final_exploratory,1,49,57.142857142857146,"[43.27024751701555, 69.97689110104294]",48.77049180327869,12.975345320943848,-7.024654679056153
SOL,three_bar_down_reversal,range,final_exploratory,2,49,53.06122448979592,"[39.38062701991984, 66.29671810210522]",48.36065573770492,22.045645031319577,2.045645031319575
SOL,three_bar_down_reversal,range,final_exploratory,3,49,46.93877551020408,"[33.703281897894776, 60.61937298008014]",49.004683840749415,10.833601160141917,-9.166398839858083
SOL,doji_follow_previous_direction,all,development,1,2241,48.59437751004016,"[46.529205263732635, 50.66436064310017]",47.8073053368329,1.6800888869006623,-18.319911113099337
SOL,doji_follow_previous_direction,all,development,2,2241,48.28201695671575,"[46.21778238370736, 50.352131502421614]",48.05336832895888,0.28722752007544283,-19.712772479924556
SOL,doji_follow_previous_direction,all,development,3,2241,49.62070504239179,"[47.55301975510059, 51.68968850547334]",48.21194225721785,1.8605041055551825,-18.139495894444817
SOL,doji_follow_previous_direction,all,final_exploratory,1,818,46.33251833740831,"[42.94035491111483, 49.75896817012128]",46.630453233746394,-1.600500880362398,-21.6005008803624
SOL,doji_follow_previous_direction,all,final_exploratory,2,818,46.577017114914426,"[43.18252812308544, 50.00350675273493]",47.50424448217318,-0.007262833907817019,-20.007262833907816
SOL,doji_follow_previous_direction,all,final_exploratory,3,818,46.210268948655255,"[42.819299056448784, 49.63666812749519]",47.49533027678723,-2.339658681820213,-22.33965868182021
SOL,doji_follow_previous_direction,trend_aligned,development,1,770,50.77922077922078,"[47.25288042833476, 54.29782452213573]",48.39016653449643,5.472764507678254,-14.527235492321747
SOL,doji_follow_previous_direction,trend_aligned,development,2,770,48.83116883116883,"[45.315031452715324, 52.358911121578956]",48.580491673275176,0.4043961315630803,-19.59560386843692
SOL,doji_follow_previous_direction,trend_aligned,development,3,770,51.55844155844156,"[48.02951034863649, 55.07189955230447]",48.26328310864393,6.308792094361685,-13.691207905638315
SOL,doji_follow_previous_direction,trend_aligned,final_exploratory,1,236,50.847457627118644,"[44.50681675919533, 57.16095063395081]",46.52641878669276,1.6129362766418402,-18.38706372335816
SOL,doji_follow_previous_direction,trend_aligned,final_exploratory,2,236,51.69491525423729,"[45.34338451480003, 57.99215027149225]",47.74951076320939,5.859699443642456,-14.140300556357545
SOL,doji_follow_previous_direction,trend_aligned,final_exploratory,3,236,49.57627118644068,"[43.255320377469516, 55.910795925957416]",48.360254527655414,0.42257966114319306,-19.577420338856808
SOL,doji_follow_previous_direction,range,development,1,669,49.327354260089685,"[45.55346765943375, 53.108921824212906]",48.41524216524217,0.9663582640791483,-19.033641735920853
SOL,doji_follow_previous_direction,range,development,2,669,48.4304932735426,"[44.66323854032066, 52.215670254854906]",48.13034188034188,3.311443252221626,-16.688556747778375
SOL,doji_follow_previous_direction,range,development,3,669,50.52316890881913,"[46.74232048321507, 54.298043251726426]",48.949430199430196,1.4152616272028204,-18.58473837279718
SOL,doji_follow_previous_direction,range,final_exploratory,1,262,44.274809160305345,"[38.38594627126315, 50.32913820009123]",46.37002341920375,0.22768924579421487,-19.772310754205787
SOL,doji_follow_previous_direction,range,final_exploratory,2,262,45.41984732824427,"[39.500383214020594, 51.4716843630629]",46.8384074941452,-2.507395480013761,-22.50739548001376
SOL,doji_follow_previous_direction,range,final_exploratory,3,262,43.12977099236641,"[37.27467762652308, 49.18342373910216]",46.487119437939114,-6.054785336034903,-26.054785336034904
AVAX,bullish_engulfing,all,development,1,2329,45.513095749248606,"[43.4996507143611, 47.54131837672506]",49.190726159230096,-2.2819966653914254,-22.281996665391425
AVAX,bullish_engulfing,all,development,2,2329,47.316444826105624,"[45.294777061132294, 49.34695086415849]",49.63910761154855,-3.7397771393600054,-23.739777139360008
AVAX,bullish_engulfing,all,development,3,2329,48.43280377844569,"[46.407373292170604, 50.463395816199196]",49.30008748906386,-2.5127798775966603,-22.51277987759666
AVAX,bullish_engulfing,all,final_exploratory,1,743,45.22207267833109,"[41.67696230612442, 48.816336406748555]",48.70140892887456,-0.8432291110119545,-20.843229111011954
AVAX,bullish_engulfing,all,final_exploratory,2,743,44.952893674293406,"[41.41106406115274, 48.54664584681168]",48.777589134125634,2.225140867200224,-17.774859132799776
AVAX,bullish_engulfing,all,final_exploratory,3,743,47.7792732166891,"[44.208203973212036, 51.37318838629231]",48.8707760230939,0.25276458027739235,-19.747235419722607
AVAX,bullish_engulfing,trend_aligned,development,1,717,42.25941422594142,"[38.69432446233814, 45.90700820214736]",48.59307359307359,-8.94457091147621,-28.944570911476212
AVAX,bullish_engulfing,trend_aligned,development,2,717,47.83821478382148,"[44.20301896536672, 51.49645231930941]",49.007936507936506,-13.181237932545896,-33.1812379325459
AVAX,bullish_engulfing,trend_aligned,development,3,717,45.467224546722456,"[41.856219244555376, 49.12654312653974]",48.214285714285715,-12.205007850057557,-32.20500785005756
AVAX,bullish_engulfing,trend_aligned,final_exploratory,1,204,45.09803921568628,"[38.4231181047728, 51.95416921403151]",48.09069212410501,-2.2716077669781796,-22.27160776697818
AVAX,bullish_engulfing,trend_aligned,final_exploratory,2,204,45.588235294117645,"[38.898135269988245, 52.441423316935634]",47.85202863961814,9.02361386082968,-10.97638613917032
AVAX,bullish_engulfing,trend_aligned,final_exploratory,3,204,45.09803921568628,"[38.4231181047728, 51.95416921403151]",47.13603818615752,5.850300242840366,-14.149699757159635
AVAX,bullish_engulfing,range,development,1,605,46.446280991735534,"[42.5070077388615, 50.43039995469951]",49.69684721099434,0.4782526727998571,-19.521747327200142
AVAX,bullish_engulfing,range,development,2,605,44.62809917355372,"[40.71316068651671, 48.61082768747087]",49.575586095392076,-1.8546135425946364,-21.854613542594638
AVAX,bullish_engulfing,range,development,3,605,48.099173553719005,"[44.142343185592814, 52.07999116212586]",49.85852869846403,-3.116255377413331,-23.11625537741333
AVAX,bullish_engulfing,range,final_exploratory,1,335,43.88059701492537,"[38.6656698131546, 49.234281078353405]",48.98343373493976,-1.8423798032162788,-21.84237980321628
AVAX,bullish_engulfing,range,final_exploratory,2,335,44.17910447761194,"[38.957014103041274, 49.53318308644196]",48.92655367231639,-0.10195572471965594,-20.101955724719655
AVAX,bullish_engulfing,range,final_exploratory,3,335,48.059701492537314,"[42.76179085001757, 53.40160821314351]",50.37678975131876,-1.282326832196473,-21.282326832196475
AVAX,bearish_engulfing,all,development,1,2263,46.88466637207247,"[44.83560605678026, 48.94428575392235]",50.15310586176728,-1.030159282411343,-21.030159282411343
AVAX,bearish_engulfing,all,development,2,2263,48.696420680512595,"[46.640996034918324, 50.756263658921775]",49.89610673665792,-1.3544945403483377,-21.354494540348337
AVAX,bearish_engulfing,all,development,3,2263,47.19399027839152,"[45.14365169378927, 49.25383951159535]",50.366360454943134,-5.9406056872557205,-25.940605687255722
AVAX,bearish_engulfing,all,final_exploratory,1,743,49.39434724091521,"[45.81171161472457, 52.98321357423116]",50.24613817687998,2.158076890000933,-17.84192310999907
AVAX,bearish_engulfing,all,final_exploratory,2,743,48.04845222072678,"[44.47519633912473, 51.64178482528817]",50.54329371816638,-0.5343765563143404,-20.534376556314342
AVAX,bearish_engulfing,all,final_exploratory,3,743,47.37550471063257,"[43.80790989441656, 50.97009925772493]",50.416029886228564,0.42468770884907286,-19.575312291150926
AVAX,bearish_engulfing,trend_aligned,development,1,924,47.72727272727273,"[44.522712027369685, 50.950653253945575]",49.914214068892704,0.6085739275239244,-19.391426072476076
AVAX,bearish_engulfing,trend_aligned,development,2,924,47.294372294372295,"[44.0929866712921, 50.518162473130815]",49.38630064669394,-3.1433946098818395,-23.14339460988184
AVAX,bearish_engulfing,trend_aligned,development,3,924,46.86147186147186,"[43.66350254669061, 50.08543046083997]",49.90101623333773,-9.434596192832915,-29.434596192832917
AVAX,bearish_engulfing,trend_aligned,final_exploratory,1,197,57.868020304568525,"[50.886907941545445, 64.54814137094758]",50.4169339320077,6.495934995971227,-13.504065004028773
AVAX,bearish_engulfing,trend_aligned,final_exploratory,2,197,53.2994923857868,"[46.33605326702853, 60.136709347887916]",50.096215522771004,3.6738316331865053,-16.326168366813494
AVAX,bearish_engulfing,trend_aligned,final_exploratory,3,197,53.807106598984774,"[46.83886401287754, 60.62970823510295]",51.25080179602309,17.062733635398885,-2.937266364601116
AVAX,bearish_engulfing,range,development,1,622,47.42765273311897,"[43.53123493934327, 51.355650176634946]",49.73726758286176,3.188936635681429,-16.81106336431857
AVAX,bearish_engulfing,range,development,2,622,48.39228295819936,"[44.486801364836296, 52.317501832650095]",49.89894907033145,-0.44826413965133116,-20.44826413965133
AVAX,bearish_engulfing,range,development,3,622,46.30225080385852,"[42.418246718096725, 50.23165063612197]",49.71705739692805,-4.265607147266449,-24.26560714726645
AVAX,bearish_engulfing,range,final_exploratory,1,325,48.30769230769231,"[42.92630635069874, 53.72861808708528]",49.81174698795181,0.9930535625472294,-19.00694643745277
AVAX,bearish_engulfing,range,final_exploratory,2,325,48.30769230769231,"[42.92630635069874, 53.72861808708528]",50.09416195856874,-0.05123741229232391,-20.051237412292323
AVAX,bearish_engulfing,range,final_exploratory,3,325,45.84615384615385,"[40.50892700090783, 51.280432982743875]",48.869630746043704,-1.4098842313452655,-21.409884231345266
AVAX,lower_wick_rejection,all,development,1,1395,48.10035842293907,"[45.48721751691861, 50.72393319521347]",49.190726159230096,1.1813051591908905,-18.81869484080911
AVAX,lower_wick_rejection,all,development,2,1395,46.236559139784944,"[43.63406260615222, 48.859726540524555]",49.63910761154855,-1.1962257209229734,-21.196225720922975
AVAX,lower_wick_rejection,all,development,3,1395,46.95340501792115,"[44.34638259603883, 49.57716099888999]",49.30008748906386,0.9196396272469929,-19.08036037275301
AVAX,lower_wick_rejection,all,final_exploratory,1,435,50.3448275862069,"[45.66379039518848, 55.019827566281]",48.70140892887456,1.3327254913003213,-18.66727450869968
AVAX,lower_wick_rejection,all,final_exploratory,2,435,48.735632183908045,"[44.070054396689194, 53.42334641125609]",48.777589134125634,-2.9647440251255373,-22.964744025125537
AVAX,lower_wick_rejection,all,final_exploratory,3,435,47.58620689655172,"[42.93461500138353, 52.28005926833019]",48.8707760230939,-5.110765750202176,-25.110765750202177
AVAX,lower_wick_rejection,trend_aligned,development,1,403,48.38709677419355,"[43.54620607661236, 53.258447134858656]",48.59307359307359,1.1563216627807436,-18.84367833721926
AVAX,lower_wick_rejection,trend_aligned,development,2,403,45.16129032258065,"[40.37094340086908, 50.043016233543916]",49.007936507936506,6.397429891829349,-13.602570108170653
AVAX,lower_wick_rejection,trend_aligned,development,3,403,47.39454094292804,"[42.56705635995872, 52.271229597032885]",48.214285714285715,14.178071754440216,-5.821928245559785
AVAX,lower_wick_rejection,trend_aligned,final_exploratory,1,110,49.09090909090909,"[39.93812926379583, 58.305043706366234]",48.09069212410501,1.3698659255889445,-18.630134074411057
AVAX,lower_wick_rejection,trend_aligned,final_exploratory,2,110,46.36363636363637,"[37.324922744634016, 55.64776913601419]",47.85202863961814,-1.48814947306928,-21.48814947306928
AVAX,lower_wick_rejection,trend_aligned,final_exploratory,3,110,46.36363636363637,"[37.324922744634016, 55.64776913601419]",47.13603818615752,-6.539003004261397,-26.539003004261396
AVAX,lower_wick_rejection,range,development,1,392,47.95918367346939,"[43.05738392199689, 52.90059522925957]",49.69684721099434,-0.3462877798659548,-20.346287779865953
AVAX,lower_wick_rejection,range,development,2,392,44.38775510204081,"[39.54737517725329, 49.33706748870197]",49.575586095392076,-4.917080019067307,-24.91708001906731
AVAX,lower_wick_rejection,range,development,3,392,47.44897959183673,"[42.554419283456056, 52.39305465561452]",49.85852869846403,-3.349525331994702,-23.349525331994702
AVAX,lower_wick_rejection,range,final_exploratory,1,197,50.76142131979695,"[43.83253142395789, 57.66118302563821]",48.98343373493976,4.595721154117727,-15.404278845882274
AVAX,lower_wick_rejection,range,final_exploratory,2,197,48.73096446700507,"[41.84231065840836, 55.66816525893147]",48.92655367231639,-3.76996956893078,-23.76996956893078
AVAX,lower_wick_rejection,range,final_exploratory,3,197,47.71573604060914,"[40.85139800694169, 54.66745864427002]",50.37678975131876,1.6965894100538985,-18.303410589946104
AVAX,upper_wick_rejection,all,development,1,1381,49.23968139029689,"[46.608638436907825, 51.874942645578436]",50.15310586176728,-1.0627888623528,-21.0627888623528
AVAX,upper_wick_rejection,all,development,2,1381,48.515568428674875,"[45.887388164069435, 51.151984425546594]",49.89610673665792,1.9878736530926133,-18.012126346907387
AVAX,upper_wick_rejection,all,development,3,1381,50.1810282404055,"[47.54708752494185, 52.81396459827571]",50.366360454943134,1.152039263639337,-18.847960736360665
AVAX,upper_wick_rejection,all,final_exploratory,1,432,52.31481481481482,"[47.60519892590669, 56.983624169456384]",50.24613817687998,2.114669885866867,-17.885330114133133
AVAX,upper_wick_rejection,all,final_exploratory,2,432,52.31481481481482,"[47.60519892590669, 56.983624169456384]",50.54329371816638,-0.6000335277535557,-20.600033527753556
AVAX,upper_wick_rejection,all,final_exploratory,3,432,49.76851851851852,"[45.07640712537698, 54.46471056508669]",50.416029886228564,-4.556591603552322,-24.556591603552324
AVAX,upper_wick_rejection,trend_aligned,development,1,561,45.98930481283423,"[41.906309956685476, 50.12685473939923]",49.914214068892704,-3.551451361999204,-23.551451361999206
AVAX,upper_wick_rejection,trend_aligned,development,2,561,49.554367201426025,"[45.43409166006072, 53.68070441728202]",49.38630064669394,3.8123605615793688,-16.187639438420632
AVAX,upper_wick_rejection,trend_aligned,development,3,561,50.98039215686274,"[46.85104262619466, 55.09640600365129]",49.90101623333773,5.602418328135972,-14.39758167186403
AVAX,upper_wick_rejection,trend_aligned,final_exploratory,1,103,51.45631067961165,"[41.92678734230652, 60.88110770980803]",50.4169339320077,-3.8467000566374088,-23.84670005663741
AVAX,upper_wick_rejection,trend_aligned,final_exploratory,2,103,46.601941747572816,"[37.26421592368403, 56.184028954715416]",50.096215522771004,-10.79595167134375,-30.79595167134375
AVAX,upper_wick_rejection,trend_aligned,final_exploratory,3,103,44.66019417475728,"[35.423422053918806, 54.28096275499459]",51.25080179602309,-19.246879436837606,-39.24687943683761
AVAX,upper_wick_rejection,range,development,1,370,54.054054054054056,"[48.96037807408384, 59.06441103445839]",49.73726758286176,7.317269691739838,-12.682730308260162
AVAX,upper_wick_rejection,range,development,2,370,50.270270270270274,"[45.19903344515049, 55.33595249541897]",49.89894907033145,3.9625221494834073,-16.03747785051659
AVAX,upper_wick_rejection,range,development,3,370,50.54054054054054,"[45.466746282339365, 55.60322559879959]",49.71705739692805,1.2799762282487468,-18.720023771751254
AVAX,upper_wick_rejection,range,final_exploratory,1,199,55.778894472361806,"[48.83374871151871, 62.5051482405858]",49.81174698795181,7.058054548065499,-12.941945451934501
AVAX,upper_wick_rejection,range,final_exploratory,2,199,52.76381909547739,"[45.840859595764776, 59.582091120459104]",50.09416195856874,4.784802833977031,-15.215197166022968
AVAX,upper_wick_rejection,range,final_exploratory,3,199,51.75879396984924,"[44.84872531274933, 58.60224332484768]",48.869630746043704,1.902498031981771,-18.09750196801823
AVAX,inside_bar_up_break,all,development,1,698,44.55587392550143,"[40.90835620817217, 48.26298957697365]",49.190726159230096,-3.606897207628452,-23.606897207628453
AVAX,inside_bar_up_break,all,development,2,698,47.277936962750715,"[43.5991033733962, 50.986569519176726]",49.63910761154855,-3.9596036828076437,-23.959603682807643
AVAX,inside_bar_up_break,all,development,3,698,47.85100286532951,"[44.16697617364302, 51.55855505733561]",49.30008748906386,-8.906669632008509,-28.90666963200851
AVAX,inside_bar_up_break,all,final_exploratory,1,266,47.36842105263158,"[41.44819608924558, 53.3635749645875]",48.70140892887456,-0.08779947512843153,-20.087799475128435
AVAX,inside_bar_up_break,all,final_exploratory,2,266,43.609022556390975,"[37.782403056385775, 49.617612360065955]",48.777589134125634,1.072150701234748,-18.927849298765253
AVAX,inside_bar_up_break,all,final_exploratory,3,266,48.1203007518797,"[42.18537799795662, 54.10874418335272]",48.8707760230939,5.379979415075003,-14.620020584924998
AVAX,inside_bar_up_break,trend_aligned,development,1,225,42.666666666666664,"[36.38038305130548, 49.19916192653072]",48.59307359307359,-10.463031535269574,-30.463031535269575
AVAX,inside_bar_up_break,trend_aligned,development,2,225,46.22222222222222,"[39.825583397308954, 52.74569734884906]",49.007936507936506,-3.6845595332046934,-23.68455953320469
AVAX,inside_bar_up_break,trend_aligned,development,3,225,51.55555555555556,"[45.05426227283496, 58.004622125805824]",48.214285714285715,-0.020002200027659078,-20.02000220002766
AVAX,inside_bar_up_break,trend_aligned,final_exploratory,1,72,44.44444444444444,"[33.538885104705244, 55.91281422653248]",48.09069212410501,-4.96885615133715,-24.96885615133715
AVAX,inside_bar_up_break,trend_aligned,final_exploratory,2,72,40.27777777777778,"[29.720935200953306, 51.81953862871275]",47.85202863961814,-2.5737055592980433,-22.57370555929804
AVAX,inside_bar_up_break,trend_aligned,final_exploratory,3,72,45.833333333333336,"[34.82843869513592, 57.260335803292385]",47.13603818615752,-1.5846526610540892,-21.58465266105409
AVAX,inside_bar_up_break,range,development,1,174,43.10344827586207,"[35.97245682076126, 50.53238793996964]",49.69684721099434,1.05568528879022,-18.94431471120978
AVAX,inside_bar_up_break,range,development,2,174,50.57471264367816,"[43.21409207992579, 57.91050419001331]",49.575586095392076,0.13267681564304432,-19.867323184356955
AVAX,inside_bar_up_break,range,development,3,174,47.12643678160919,"[39.85171189676843, 54.52530675353611]",49.85852869846403,-13.412057025005806,-33.41205702500581
AVAX,inside_bar_up_break,range,final_exploratory,1,127,50.39370078740158,"[41.8149182069332, 58.94936471226071]",48.98343373493976,4.378588418967025,-15.621411581032975
AVAX,inside_bar_up_break,range,final_exploratory,2,127,44.881889763779526,"[36.50835857973957, 53.55596347073978]",48.92655367231639,3.109899527727373,-16.89010047227263
AVAX,inside_bar_up_break,range,final_exploratory,3,127,51.181102362204726,"[42.58126379221754, 59.71158496536415]",50.37678975131876,11.806567942004648,-8.193432057995354
AVAX,inside_bar_down_break,all,development,1,706,50.28328611898017,"[46.60352692206604, 53.959979077018836]",50.15310586176728,0.44845336595732554,-19.551546634042676
AVAX,inside_bar_down_break,all,development,2,706,49.57507082152974,"[45.899217822265136, 53.255523179107556]",49.89610673665792,-2.767138101891402,-22.7671381018914
AVAX,inside_bar_down_break,all,development,3,706,48.44192634560906,"[44.77385034697413, 52.1268666580591]",50.366360454943134,-8.111471697548964,-28.111471697548968
AVAX,inside_bar_down_break,all,final_exploratory,1,240,49.166666666666664,"[42.90480885473272, 55.45478196160049]",50.24613817687998,0.3780045523067617,-19.621995447693237
AVAX,inside_bar_down_break,all,final_exploratory,2,240,44.583333333333336,"[38.429177724554286, 50.908162581611684]",50.54329371816638,-2.1999396340867072,-22.19993963408671
AVAX,inside_bar_down_break,all,final_exploratory,3,240,46.666666666666664,"[40.45707875624967, 52.98128450908322]",50.416029886228564,0.06345707253567942,-19.936542927464323
AVAX,inside_bar_down_break,trend_aligned,development,1,293,52.55972696245734,"[46.84590842283013, 58.20729166772322]",49.914214068892704,4.917736018732894,-15.082263981267106
AVAX,inside_bar_down_break,trend_aligned,development,2,293,51.877133105802045,"[46.16874427377539, 57.53693579263038]",49.38630064669394,3.8771952142183843,-16.122804785781618
AVAX,inside_bar_down_break,trend_aligned,development,3,293,50.170648464163826,"[44.480418924771556, 55.85646108126533]",49.90101623333773,-4.043657003956872,-24.04365700395687
AVAX,inside_bar_down_break,trend_aligned,final_exploratory,1,68,55.88235294117647,"[44.08165443828621, 67.0539550136191]",50.4169339320077,1.8239258251004202,-18.176074174899583
AVAX,inside_bar_down_break,trend_aligned,final_exploratory,2,68,44.11764705882353,"[32.946044986380905, 55.9183455617138]",50.096215522771004,-11.52979070728882,-31.52979070728882
AVAX,inside_bar_down_break,trend_aligned,final_exploratory,3,68,45.588235294117645,"[34.30469069536447, 57.34360221570655]",51.25080179602309,-16.677656875998,-36.677656875998
AVAX,inside_bar_down_break,range,development,1,177,50.847457627118644,"[43.543007651925855, 58.11590268728815]",49.73726758286176,6.444089936903537,-13.555910063096464
AVAX,inside_bar_down_break,range,development,2,177,45.19774011299435,"[38.045254806266726, 52.55425327152068]",49.89894907033145,-5.766495810368015,-25.766495810368014
AVAX,inside_bar_down_break,range,development,3,177,46.89265536723164,"[39.684979335213185, 54.23234942100219]",49.71705739692805,-10.662878138593832,-30.662878138593836
AVAX,inside_bar_down_break,range,final_exploratory,1,115,44.34782608695652,"[35.59665913178988, 53.46441039268639]",49.81174698795181,-4.537399106334255,-24.537399106334252
AVAX,inside_bar_down_break,range,final_exploratory,2,115,43.47826086956522,"[34.7737547653635, 52.60440237826297]",50.09416195856874,1.5328062947939962,-18.467193705206004
AVAX,inside_bar_down_break,range,final_exploratory,3,115,46.95652173913044,"[38.08140294499397, 56.028403722031705]",48.869630746043704,7.689331692451514,-12.310668307548486
AVAX,three_bar_up_reversal,all,development,1,455,45.934065934065934,"[41.40809451586987, 50.52812050909733]",49.190726159230096,-9.61665314645795,-29.616653146457953
AVAX,three_bar_up_reversal,all,development,2,455,49.23076923076923,"[44.66270869157526, 53.811710367202316]",49.63910761154855,-11.710371974104662,-31.710371974104664
AVAX,three_bar_up_reversal,all,development,3,455,45.714285714285715,"[41.19182563474765, 50.30850912129887]",49.30008748906386,-15.43850065340656,-35.43850065340656
AVAX,three_bar_up_reversal,all,final_exploratory,1,139,44.60431654676259,"[36.59630704723026, 52.90255042846308]",48.70140892887456,1.5948362459931853,-18.405163754006814
AVAX,three_bar_up_reversal,all,final_exploratory,2,139,51.07913669064748,"[42.85225853728892, 59.24796996757241]",48.777589134125634,-0.3382318311187376,-20.33823183111874
AVAX,three_bar_up_reversal,all,final_exploratory,3,139,53.9568345323741,"[45.67572807295883, 62.02510977819937]",48.8707760230939,0.2846547366742253,-19.715345263325773
AVAX,three_bar_up_reversal,trend_aligned,development,1,131,45.038167938931295,"[36.78054810132372, 53.57851023082302]",48.59307359307359,-15.487168411356208,-35.48716841135621
AVAX,three_bar_up_reversal,trend_aligned,development,2,131,54.19847328244275,"[45.66836503339434, 62.48935483940456]",49.007936507936506,-10.24207050224296,-30.24207050224296
AVAX,three_bar_up_reversal,trend_aligned,development,3,131,42.74809160305343,"[34.60192947229901, 51.3074634746847]",48.214285714285715,-25.73111181964717,-45.73111181964717
AVAX,three_bar_up_reversal,trend_aligned,final_exploratory,1,33,45.45454545454545,"[29.842689125891496, 62.014342056250435]",48.09069212410501,5.748776213610053,-14.251223786389948
AVAX,three_bar_up_reversal,trend_aligned,final_exploratory,2,33,54.54545454545455,"[37.985657943749565, 70.1573108741085]",47.85202863961814,-0.4434907865431951,-20.443490786543197
AVAX,three_bar_up_reversal,trend_aligned,final_exploratory,3,33,45.45454545454545,"[29.842689125891496, 62.014342056250435]",47.13603818615752,-11.84462376402869,-31.84462376402869
AVAX,three_bar_up_reversal,range,development,1,135,48.888888888888886,"[40.60463740201303, 57.23462691070017]",49.69684721099434,-5.309390996050352,-25.309390996050354
AVAX,three_bar_up_reversal,range,development,2,135,45.18518518518518,"[37.0389938345493, 53.59781818720788]",49.575586095392076,-19.167744585153024,-39.167744585153024
AVAX,three_bar_up_reversal,range,development,3,135,40.0,"[32.12303901255117, 48.430339801867575]",49.85852869846403,-27.171580686120457,-47.17158068612046
AVAX,three_bar_up_reversal,range,final_exploratory,1,71,42.25352112676056,"[31.452830477014633, 53.849461296544476]",48.98343373493976,-1.8480721979911596,-21.848072197991158
AVAX,three_bar_up_reversal,range,final_exploratory,2,71,47.88732394366197,"[36.67733037010655, 59.31420374995502]",48.92655367231639,2.3238098445167896,-17.676190155483212
AVAX,three_bar_up_reversal,range,final_exploratory,3,71,53.521126760563384,"[42.03903355696419, 64.64174290959986]",50.37678975131876,0.6981612054566922,-19.301838794543308
AVAX,three_bar_down_reversal,all,development,1,440,45.45454545454545,"[40.861278629027645, 50.1264971900934]",50.15310586176728,-2.0741454019339804,-22.074145401933983
AVAX,three_bar_down_reversal,all,development,2,440,45.0,"[40.41468732269152, 49.67186607834165]",49.89610673665792,-5.179038117999092,-25.17903811799909
AVAX,three_bar_down_reversal,all,development,3,440,46.59090909090909,"[41.97944303765014, 51.26138882669065]",50.366360454943134,-2.240084786090287,-22.240084786090286
AVAX,three_bar_down_reversal,all,final_exploratory,1,124,41.935483870967744,"[33.620447850567395, 50.73519225406208]",50.24613817687998,-3.919175064039794,-23.919175064039795
AVAX,three_bar_down_reversal,all,final_exploratory,2,124,42.74193548387097,"[34.3816476111844, 51.53842848298213]",50.54329371816638,-7.889398707755656,-27.889398707755657
AVAX,three_bar_down_reversal,all,final_exploratory,3,124,45.96774193548387,"[37.44886853823692, 54.72895151407781]",50.416029886228564,-11.372980702670699,-31.372980702670702
AVAX,three_bar_down_reversal,trend_aligned,development,1,163,47.852760736196316,"[40.321973370179265, 55.48243032769944]",49.914214068892704,2.4678657894189837,-17.532134210581017
AVAX,three_bar_down_reversal,trend_aligned,development,2,163,48.466257668711656,"[40.91799416218508, 56.08515133629971]",49.38630064669394,10.426387771715637,-9.573612228284363
AVAX,three_bar_down_reversal,trend_aligned,development,3,163,49.079754601226995,"[41.51513247890235, 56.68675482018851]",49.90101623333773,4.259753127265761,-15.74024687273424
AVAX,three_bar_down_reversal,trend_aligned,final_exploratory,1,28,50.0,"[32.63284683244634, 67.36715316755367]",50.4169339320077,-16.526407432195164,-36.526407432195164
AVAX,three_bar_down_reversal,trend_aligned,final_exploratory,2,28,42.857142857142854,"[26.50829618073122, 60.929521014384605]",50.096215522771004,-5.837859670943643,-25.837859670943647
AVAX,three_bar_down_reversal,trend_aligned,final_exploratory,3,28,53.57142857142857,"[35.81239514210167, 70.46869626034041]",51.25080179602309,-4.164194786479915,-24.164194786479914
AVAX,three_bar_down_reversal,range,development,1,122,43.442622950819676,"[34.979916036936146, 52.30568745189426]",49.73726758286176,0.2700234135602452,-19.729976586439754
AVAX,three_bar_down_reversal,range,development,2,122,44.26229508196721,"[35.75736806790091, 53.117534984825696]",49.89894907033145,-16.303176203403723,-36.30317620340372
AVAX,three_bar_down_reversal,range,development,3,122,40.16393442622951,"[31.89362104743908, 49.03478418580652]",49.71705739692805,-19.040172695395373,-39.04017269539538
AVAX,three_bar_down_reversal,range,final_exploratory,1,49,46.93877551020408,"[33.703281897894776, 60.61937298008014]",49.81174698795181,9.097356847851378,-10.90264315214862
AVAX,three_bar_down_reversal,range,final_exploratory,2,49,40.816326530612244,"[28.215034605971052, 54.75293002795374]",50.09416195856874,-1.743294236906214,-21.743294236906216
AVAX,three_bar_down_reversal,range,final_exploratory,3,49,48.97959183673469,"[35.57488315940086, 62.53266846659078]",48.869630746043704,4.372325361402665,-15.627674638597334
AVAX,doji_follow_previous_direction,all,development,1,2279,49.45151382185169,"[47.40145364290448, 51.5034200022928]",47.572178477690294,2.67602350858293,-17.32397649141707
AVAX,doji_follow_previous_direction,all,development,2,2279,48.486178148310664,"[46.43855796399387, 50.53889329675062]",47.96041119860017,3.0461410665038002,-16.9538589334962
AVAX,doji_follow_previous_direction,all,development,3,2279,48.398420359806934,"[46.35105987600351, 50.451171167972554]",48.21194225721785,6.500133280908229,-13.499866719091772
AVAX,doji_follow_previous_direction,all,final_exploratory,1,762,43.175853018372706,"[39.701804600894974, 46.7183637472334]",47.054829400780854,-4.026030265002066,-24.026030265002067
AVAX,doji_follow_previous_direction,all,final_exploratory,2,761,45.203679369250985,"[41.70046481082968, 48.75507526439636]",46.99490662139219,-4.4040881582684035,-24.404088158268404
AVAX,doji_follow_previous_direction,all,final_exploratory,3,760,47.10526315789474,"[43.57985613004482, 50.65978727246168]",47.59721514688402,-2.9620520170506737,-22.962052017050674
AVAX,doji_follow_previous_direction,trend_aligned,development,1,765,49.93464052287582,"[46.40063569481099, 53.46929850229801]",47.291248649482945,-1.604819071857194,-21.604819071857193
AVAX,doji_follow_previous_direction,trend_aligned,development,2,765,50.19607843137255,"[46.66079133708953, 53.72940607158346]",47.816020990893655,-1.5725073120715494,-21.57250731207155
AVAX,doji_follow_previous_direction,trend_aligned,development,3,765,49.93464052287582,"[46.40063569481099, 53.46929850229801]",47.80058651026393,2.9398723391819126,-17.06012766081809
AVAX,doji_follow_previous_direction,trend_aligned,final_exploratory,1,177,46.32768361581921,"[39.13748571440293, 53.67390281566979]",47.61306532663316,-12.906998214706805,-32.90699821470681
AVAX,doji_follow_previous_direction,trend_aligned,final_exploratory,2,177,46.89265536723164,"[39.684979335213185, 54.23234942100219]",47.550251256281406,-8.371879043982903,-28.371879043982904
AVAX,doji_follow_previous_direction,trend_aligned,final_exploratory,3,177,48.0225988700565,"[40.782712545532604, 55.34649666296809]",47.675879396984925,-11.539714041722123,-31.539714041722124
AVAX,doji_follow_previous_direction,range,development,1,625,50.08,"[46.171508254498725, 53.98751430380533]",48.26192400970089,7.747164873638679,-12.25283512636132
AVAX,doji_follow_previous_direction,range,development,2,625,49.92,"[46.01248569619468, 53.82849174550128]",47.79708973322555,2.8839663363114156,-17.116033663688587
AVAX,doji_follow_previous_direction,range,development,3,625,48.0,"[44.10731856831202, 51.91711747408723]",48.22150363783347,2.8140664929531933,-17.185933507046805
AVAX,doji_follow_previous_direction,range,final_exploratory,1,350,43.714285714285715,"[38.61360328264291, 48.951454076356136]",46.5737951807229,2.453360144791875,-17.546639855208127
AVAX,doji_follow_previous_direction,range,final_exploratory,2,349,46.13180515759312,"[40.972201978876136, 51.375639092018]",45.91337099811676,0.5805692520832453,-19.419430747916756
AVAX,doji_follow_previous_direction,range,final_exploratory,3,348,50.0,"[44.77540678353656, 55.22459321646343]",47.4378296910324,5.347490691399898,-14.652509308600102
ARB,bullish_engulfing,all,development,1,2253,46.56014203284509,"[44.507989237201926, 48.62400549384167]",49.13057742782152,1.6152009936285696,-18.38479900637143
ARB,bullish_engulfing,all,development,2,2253,48.37993786063027,"[46.320889362259074, 50.444501704619526]",49.0485564304462,0.8467947540043587,-19.153205245995643
ARB,bullish_engulfing,all,development,3,2253,48.51309365290724,"[46.45364801694176, 50.57760131841257]",48.92825896762905,1.1059249795030994,-18.8940750204969
ARB,bullish_engulfing,all,final_exploratory,1,687,45.99708879184862,"[42.302726119451776, 49.735969871061805]",49.48226107621796,-5.174692682263104,-25.174692682263107
ARB,bullish_engulfing,all,final_exploratory,2,687,46.14264919941776,"[42.446626033745595, 49.88157192074931]",48.64176570458404,-7.612930855350703,-27.6129308553507
ARB,bullish_engulfing,all,final_exploratory,3,687,45.99708879184862,"[42.302726119451776, 49.735969871061805]",48.08965868568518,-10.50924810746165,-30.50924810746165
ARB,bullish_engulfing,trend_aligned,development,1,500,49.6,"[45.237235411380674, 53.96886428344405]",50.29843893480257,4.913153468723121,-15.08684653127688
ARB,bullish_engulfing,trend_aligned,development,2,500,48.6,"[44.24642011735621, 52.97492881453032]",49.219467401285584,2.4045815241899304,-17.59541847581007
ARB,bullish_engulfing,trend_aligned,development,3,500,49.6,"[45.237235411380674, 53.96886428344405]",49.72451790633609,3.981939440189488,-16.018060559810515
ARB,bullish_engulfing,trend_aligned,final_exploratory,1,197,41.6243654822335,"[34.96528718280361, 48.6038538716393]",50.22222222222222,-10.424950243381268,-30.42495024338127
ARB,bullish_engulfing,trend_aligned,final_exploratory,2,197,43.14720812182741,"[36.42717431398648, 50.129395639648635]",48.16666666666667,-9.07671791531759,-29.07671791531759
ARB,bullish_engulfing,trend_aligned,final_exploratory,3,197,45.68527918781726,"[38.877998002230015, 52.65762011672541]",49.22222222222222,-13.752719714315967,-33.752719714315965
ARB,bullish_engulfing,range,development,1,691,43.99421128798842,"[40.3364079136773, 47.718423575974434]",48.03748231966053,-3.8786958021276137,-23.878695802127613
ARB,bullish_engulfing,range,development,2,691,47.467438494934875,"[43.76841052558936, 51.19447022305895]",47.54243281471005,-2.187034260714631,-22.18703426071463
ARB,bullish_engulfing,range,development,3,691,46.7438494934877,"[43.05192458770516, 50.471779231985536]",47.47171145685997,-5.373794474357474,-25.373794474357474
ARB,bullish_engulfing,range,final_exploratory,1,230,46.08695652173913,"[39.76194339984351, 52.5405382800629]",48.73684210526316,-7.610300064389211,-27.61030006438921
ARB,bullish_engulfing,range,final_exploratory,2,230,46.52173913043478,"[40.185521038815054, 52.97224045443508]",48.86782517114271,-6.827877007694556,-26.827877007694557
ARB,bullish_engulfing,range,final_exploratory,3,230,45.21739130434783,"[38.916232066761815, 51.67568998645713]",47.89251844046365,-12.514933244181934,-32.51493324418193
ARB,bearish_engulfing,all,development,1,2289,49.1480996068152,"[47.10319488068892, 51.195859009470766]",49.907042869641295,2.913853785674828,-17.086146214325172
ARB,bearish_engulfing,all,development,2,2289,49.0170380078637,"[46.97245115856868, 51.064918714692496]",50.08202099737533,-0.18998892556220173,-20.1899889255622
ARB,bearish_engulfing,all,development,3,2289,48.92966360856269,"[46.885296480732364, 50.97761738126315]",50.42650918635171,-3.7153787927913915,-23.71537879279139
ARB,bearish_engulfing,all,final_exploratory,1,744,49.73118279569893,"[46.14900087409156, 53.316126500475455]",49.787811916482774,4.852860741091336,-15.147139258908666
ARB,bearish_engulfing,all,final_exploratory,2,744,53.225806451612904,"[49.63304889269789, 56.78542261249785]",50.967741935483865,7.470615162812533,-12.529384837187468
ARB,bearish_engulfing,all,final_exploratory,3,744,52.1505376344086,"[48.559175361801806, 55.71980564166201]",51.48582102224486,3.1138781666119195,-16.88612183338808
ARB,bearish_engulfing,trend_aligned,development,1,1002,48.70259481037924,"[45.61856651933224, 51.79653343278746]",49.869678540399654,0.5449253201215568,-19.455074679878443
ARB,bearish_engulfing,trend_aligned,development,2,1002,49.00199600798403,"[45.916401004166794, 52.0952143436176]",49.236688593769394,-2.7024812279003214,-22.702481227900325
ARB,bearish_engulfing,trend_aligned,development,3,1002,46.20758483033932,"[43.140916405530824, 49.30322191604983]",49.90691324314261,-15.38833456457086,-35.38833456457086
ARB,bearish_engulfing,trend_aligned,final_exploratory,1,280,47.142857142857146,"[41.37405000640053, 52.98900318946645]",49.52076677316294,3.9484737896671294,-16.05152621033287
ARB,bearish_engulfing,trend_aligned,final_exploratory,2,280,52.5,"[46.65648879539412, 58.275839658222274]",50.798722044728436,7.0542095804757805,-12.945790419524222
ARB,bearish_engulfing,trend_aligned,final_exploratory,3,280,52.142857142857146,"[46.30227463185396, 57.9254354712458]",52.39616613418531,15.282810474474987,-4.717189525525014
ARB,bearish_engulfing,range,development,1,712,49.01685393258427,"[45.35999724558156, 52.68426282536151]",50.901697312588404,7.675170818785385,-12.324829181214618
ARB,bearish_engulfing,range,development,2,712,49.71910112359551,"[46.057828934558756, 53.38338822856784]",51.3967468175389,8.207751349096611,-11.792248650903387
ARB,bearish_engulfing,range,development,3,712,51.96629213483146,"[48.295721002444985, 55.615758855668886]",51.75035360678925,12.442367678592657,-7.557632321407344
ARB,bearish_engulfing,range,final_exploratory,1,230,52.608695652173914,"[46.16579455914169, 58.9658843209207]",50.526315789473685,10.878012502163243,-9.121987497836757
ARB,bearish_engulfing,range,final_exploratory,2,230,52.608695652173914,"[46.16579455914169, 58.9658843209207]",50.6582411795682,4.733178748961764,-15.266821251038238
ARB,bearish_engulfing,range,final_exploratory,3,230,52.17391304347826,"[45.73553024421943, 58.54086882249923]",51.42255005268704,3.788819467208181,-16.21118053279182
ARB,lower_wick_rejection,all,development,1,1442,48.95977808599168,"[46.38579387900874, 51.53929003059796]",49.13057742782152,-2.9198647789506254,-22.919864778950625
ARB,lower_wick_rejection,all,development,2,1442,48.335644937586686,"[45.76418717991346, 50.915947075457254]",49.0485564304462,-11.591688916627147,-31.591688916627145
ARB,lower_wick_rejection,all,development,3,1442,48.4743411927878,"[45.90228734745478, 51.054502386635036]",48.92825896762905,-10.023165535039086,-30.023165535039087
ARB,lower_wick_rejection,all,final_exploratory,1,441,51.47392290249433,"[46.81672353811912, 56.105665015469384]",49.48226107621796,-0.8347659963350668,-20.83476599633507
ARB,lower_wick_rejection,all,final_exploratory,2,441,50.56689342403628,"[45.915821294714576, 55.208174302819465]",48.64176570458404,4.829157946076305,-15.170842053923694
ARB,lower_wick_rejection,all,final_exploratory,3,441,51.70068027210884,"[47.04218618003878, 56.32980061256335]",48.08965868568518,12.178774906638692,-7.821225093361309
ARB,lower_wick_rejection,trend_aligned,development,1,384,51.5625,"[46.57321755072649, 56.520829090995285]",50.29843893480257,2.832583358069451,-17.167416641930547
ARB,lower_wick_rejection,trend_aligned,development,2,384,46.614583333333336,"[41.68321044363027, 51.61302183263923]",49.219467401285584,-9.657482979006831,-29.657482979006833
ARB,lower_wick_rejection,trend_aligned,development,3,384,48.697916666666664,"[43.73627274561287, 53.68535505295233]",49.72451790633609,-10.985953063693614,-30.985953063693614
ARB,lower_wick_rejection,trend_aligned,final_exploratory,1,134,55.223880597014926,"[46.77559205367325, 63.38099347638444]",50.22222222222222,8.051893464994127,-11.948106535005875
ARB,lower_wick_rejection,trend_aligned,final_exploratory,2,134,51.492537313432834,"[43.10745095399619, 59.7944306260203]",48.16666666666667,16.209918902454557,-3.7900810975454435
ARB,lower_wick_rejection,trend_aligned,final_exploratory,3,134,54.47761194029851,"[46.03831758001093, 62.66732716003851]",49.22222222222222,22.33065611705894,2.33065611705894
ARB,lower_wick_rejection,range,development,1,422,46.208530805687204,"[41.507285634222384, 50.97818314102174]",48.03748231966053,-7.4483505005927535,-27.448350500592756
ARB,lower_wick_rejection,range,development,2,422,45.26066350710901,"[40.575608033971875, 50.03122793508329]",47.54243281471005,-18.693710502424274,-38.693710502424274
ARB,lower_wick_rejection,range,development,3,422,44.54976303317535,"[39.87797432171288, 49.31988704270056]",47.47171145685997,-20.53403143959912,-40.534031439599126
ARB,lower_wick_rejection,range,final_exploratory,1,132,55.303030303030305,"[46.790812785495376, 63.51530846160418]",48.73684210526316,2.8988435480006594,-17.10115645199934
ARB,lower_wick_rejection,range,final_exploratory,2,132,52.27272727272727,"[43.80857072193889, 60.60833838396091]",48.86782517114271,9.289867006584053,-10.710132993415947
ARB,lower_wick_rejection,range,final_exploratory,3,132,50.0,"[41.591671286450385, 58.408328713549615]",47.89251844046365,13.06824891101849,-6.93175108898151
ARB,upper_wick_rejection,all,development,1,1251,46.76258992805755,"[44.01178232591138, 49.533219688685506]",49.907042869641295,-5.448585283080925,-25.448585283080927
ARB,upper_wick_rejection,all,development,2,1251,44.68425259792166,"[41.94965133171873, 47.45140135891568]",50.08202099737533,-8.656338436785987,-28.656338436785987
ARB,upper_wick_rejection,all,development,3,1251,46.60271782573941,"[43.8529860395124, 49.373250642472]",50.42650918635171,-6.56085213511272,-26.560852135112718
ARB,upper_wick_rejection,all,final_exploratory,1,445,46.96629213483146,"[42.374984744404266, 51.60953005992761]",49.787811916482774,-7.60060021148964,-27.600600211489642
ARB,upper_wick_rejection,all,final_exploratory,2,445,46.96629213483146,"[42.374984744404266, 51.60953005992761]",50.967741935483865,-11.489029267141264,-31.489029267141266
ARB,upper_wick_rejection,all,final_exploratory,3,445,49.662921348314605,"[45.040188637844345, 54.291424118192545]",51.48582102224486,-4.047639620842801,-24.0476396208428
ARB,upper_wick_rejection,trend_aligned,development,1,563,42.09591474245116,"[38.084697995794365, 46.21426665323635]",49.869678540399654,-12.083368244951407,-32.08336824495141
ARB,upper_wick_rejection,trend_aligned,development,2,563,40.14209591474245,"[36.17295750484057, 44.24485233833257]",49.236688593769394,-15.45689891854583,-35.45689891854583
ARB,upper_wick_rejection,trend_aligned,development,3,563,46.181172291296626,"[42.102806705761544, 50.31129981006228]",49.90691324314261,-9.898337946888304,-29.898337946888304
ARB,upper_wick_rejection,trend_aligned,final_exploratory,1,181,43.0939226519337,"[36.09690895788642, 50.377997123861405]",49.52076677316294,-15.174786016589172,-35.174786016589174
ARB,upper_wick_rejection,trend_aligned,final_exploratory,2,181,44.19889502762431,"[37.158935184914945, 51.479985923753226]",50.798722044728436,-13.9649384031261,-33.9649384031261
ARB,upper_wick_rejection,trend_aligned,final_exploratory,3,181,49.171270718232044,"[41.981274116430036, 56.3957146133797]",52.39616613418531,-8.401615444633885,-28.401615444633883
ARB,upper_wick_rejection,range,development,1,393,50.12722646310433,"[45.20655010573594, 55.045439605020185]",50.901697312588404,2.2518569294818707,-17.74814307051813
ARB,upper_wick_rejection,range,development,2,393,49.36386768447837,"[44.450959509377135, 54.289091936842205]",51.3967468175389,-0.07999131002313163,-20.079991310023132
ARB,upper_wick_rejection,range,development,3,393,48.091603053435115,"[43.194166555046614, 53.02598778361143]",51.75035360678925,3.671138767140735,-16.328861232859268
ARB,upper_wick_rejection,range,final_exploratory,1,140,45.714285714285715,"[37.686850182753766, 53.97063972280903]",50.526315789473685,3.165601278473619,-16.834398721526384
ARB,upper_wick_rejection,range,final_exploratory,2,140,47.142857142857146,"[39.06099597363371, 55.37733063007483]",50.6582411795682,4.542928478762944,-15.457071521237056
ARB,upper_wick_rejection,range,final_exploratory,3,140,51.42857142857143,"[43.22250304707133, 59.55833365107439]",51.42255005268704,11.474388363358909,-8.525611636641091
ARB,inside_bar_up_break,all,development,1,717,45.74616457461646,"[42.131886126304494, 49.40578317580015]",49.13057742782152,-1.8871375343781303,-21.88713753437813
ARB,inside_bar_up_break,all,development,2,717,46.582984658298464,"[42.95957152881725, 50.24281856631598]",49.0485564304462,-3.4644325750542446,-23.464432575054246
ARB,inside_bar_up_break,all,development,3,717,49.37238493723849,"[45.725904038851276, 53.025555366377276]",48.92825896762905,-3.024905567909581,-23.024905567909585
ARB,inside_bar_up_break,all,final_exploratory,1,247,45.34412955465587,"[39.25424750620497, 51.576619463229136]",49.48226107621796,-4.540483519561828,-24.54048351956183
ARB,inside_bar_up_break,all,final_exploratory,2,247,45.74898785425101,"[39.648493936686755, 51.97968894844873]",48.64176570458404,-7.29315206567076,-27.29315206567076
ARB,inside_bar_up_break,all,final_exploratory,3,247,47.77327935222672,"[41.625768347569114, 53.988994116073286]",48.08965868568518,-2.4813091394266062,-22.481309139426607
ARB,inside_bar_up_break,trend_aligned,development,1,179,50.279329608938546,"[43.02606570630662, 57.520855782019886]",50.29843893480257,0.08124131600716462,-19.918758683992838
ARB,inside_bar_up_break,trend_aligned,development,2,179,53.63128491620112,"[46.32622000417825, 60.78375934406635]",49.219467401285584,10.53622726422695,-9.463772735773052
ARB,inside_bar_up_break,trend_aligned,development,3,179,54.18994413407821,"[46.879360621961915, 61.324461702935714]",49.72451790633609,6.9842267605362665,-13.015773239463734
ARB,inside_bar_up_break,trend_aligned,final_exploratory,1,83,45.78313253012048,"[35.489199413707425, 56.45014762734203]",50.22222222222222,-3.461342037315069,-23.46134203731507
ARB,inside_bar_up_break,trend_aligned,final_exploratory,2,83,46.98795180722892,"[36.62316810919698, 57.61922263440977]",48.16666666666667,7.28229663269551,-12.717703367304491
ARB,inside_bar_up_break,trend_aligned,final_exploratory,3,83,56.626506024096386,"[45.90573282760806, 66.7610075364571]",49.22222222222222,29.79541108306123,9.795411083061227
ARB,inside_bar_up_break,range,development,1,223,38.56502242152467,"[32.421405385887915, 45.095945928862115]",48.03748231966053,-11.208045289288208,-31.208045289288208
ARB,inside_bar_up_break,range,development,2,223,42.152466367713004,"[35.85787438071794, 48.71285691371836]",47.54243281471005,-15.49069839899989,-35.49069839899989
ARB,inside_bar_up_break,range,development,3,223,43.946188340807176,"[37.589006821746466, 50.508414462532954]",47.47171145685997,-17.296602632419866,-37.29660263241986
ARB,inside_bar_up_break,range,final_exploratory,1,81,46.91358024691358,"[36.43319191569785, 57.673472739377004]",48.73684210526316,-6.763192528060807,-26.763192528060806
ARB,inside_bar_up_break,range,final_exploratory,2,81,48.148148148148145,"[37.59945801416264, 58.86454077888226]",48.86782517114271,-9.021620536428994,-29.021620536428994
ARB,inside_bar_up_break,range,final_exploratory,3,81,40.74074074074074,"[30.696108658374566, 51.62388530685003]",47.89251844046365,-21.23327804070139,-41.23327804070139
ARB,inside_bar_down_break,all,development,1,731,42.818057455540355,"[39.277720858206706, 46.43348547523984]",49.907042869641295,-4.788803429500323,-24.788803429500323
ARB,inside_bar_down_break,all,development,2,731,44.04924760601915,"[40.49074310027908, 47.66997071886234]",50.08202099737533,-6.511166166334388,-26.51116616633439
ARB,inside_bar_down_break,all,development,3,731,45.690834473324216,"[42.111568409556476, 49.31515539051144]",50.42650918635171,-8.63989487542466,-28.63989487542466
ARB,inside_bar_down_break,all,final_exploratory,1,262,47.70992366412214,"[41.73867801439871, 53.74735577414304]",49.787811916482774,4.0649134155385,-15.9350865844615
ARB,inside_bar_down_break,all,final_exploratory,2,262,50.76335877862596,"[44.742462706661584, 56.76219269715782]",50.967741935483865,11.930863805634939,-8.069136194365063
ARB,inside_bar_down_break,all,final_exploratory,3,262,50.38167938931298,"[44.36578104288385, 56.38654665902584]",51.48582102224486,18.04528854322422,-1.9547114567757808
ARB,inside_bar_down_break,trend_aligned,development,1,333,42.34234234234234,"[37.152293023884766, 47.70705926514367]",49.869678540399654,-6.339465090590989,-26.33946509059099
ARB,inside_bar_down_break,trend_aligned,development,2,333,45.945945945945944,"[40.66990621303124, 51.31445676351323]",49.236688593769394,-0.07063684782501486,-20.070636847825014
ARB,inside_bar_down_break,trend_aligned,development,3,333,47.747747747747745,"[42.43913708560892, 53.10773123469357]",49.90691324314261,-4.122673757613715,-24.12267375761372
ARB,inside_bar_down_break,trend_aligned,final_exploratory,1,104,53.84615384615385,"[44.29913038287475, 63.11915717962432]",49.52076677316294,14.359719783696445,-5.640280216303555
ARB,inside_bar_down_break,trend_aligned,final_exploratory,2,104,50.96153846153846,"[41.49199155081078, 60.36258033981399]",50.798722044728436,22.15321249403245,2.153212494032447
ARB,inside_bar_down_break,trend_aligned,final_exploratory,3,104,50.96153846153846,"[41.49199155081078, 60.36258033981399]",52.39616613418531,28.884917358347064,8.884917358347066
ARB,inside_bar_down_break,range,development,1,220,47.72727272727273,"[41.222714776740425, 54.3098403872684]",50.901697312588404,3.7764509748010653,-16.223549025198935
ARB,inside_bar_down_break,range,development,2,220,46.81818181818182,"[40.33562002215489, 53.40995720745747]",51.3967468175389,2.3560605750186268,-17.643939424981376
ARB,inside_bar_down_break,range,development,3,220,46.81818181818182,"[40.33562002215489, 53.40995720745747]",51.75035360678925,3.3092232246666615,-16.690776775333337
ARB,inside_bar_down_break,range,final_exploratory,1,90,36.666666666666664,"[27.447101383714212, 46.97788710753059]",50.526315789473685,-11.574751015598942,-31.57475101559894
ARB,inside_bar_down_break,range,final_exploratory,2,90,44.44444444444444,"[34.615486330171855, 54.72825887451348]",50.6582411795682,-6.353718793604826,-26.353718793604823
ARB,inside_bar_down_break,range,final_exploratory,3,90,45.55555555555556,"[35.65944565658975, 55.815550507158505]",51.42255005268704,9.635830367916363,-10.36416963208364
ARB,three_bar_up_reversal,all,development,1,444,42.792792792792795,"[38.27167759316502, 47.437555314184365]",49.13057742782152,-7.1948047659291685,-27.19480476592917
ARB,three_bar_up_reversal,all,development,2,444,43.693693693693696,"[39.1535686100598, 48.34201018387091]",49.0485564304462,-10.309914537965465,-30.309914537965465
ARB,three_bar_up_reversal,all,development,3,444,43.693693693693696,"[39.1535686100598, 48.34201018387091]",48.92825896762905,-20.558838865824683,-40.55883886582468
ARB,three_bar_up_reversal,all,final_exploratory,1,128,47.65625,"[39.19872293426451, 56.250361421507876]",49.48226107621796,8.368151687478433,-11.631848312521567
ARB,three_bar_up_reversal,all,final_exploratory,2,128,51.5625,"[42.986091219393444, 60.04785254342495]",48.64176570458404,18.02421210741154,-1.975787892588461
ARB,three_bar_up_reversal,all,final_exploratory,3,128,53.90625,"[45.28282722913874, 62.302032177907286]",48.08965868568518,10.661296306592321,-9.338703693407679
ARB,three_bar_up_reversal,trend_aligned,development,1,111,39.63963963963964,"[31.033119486484406, 48.93929469095652]",50.29843893480257,-6.166328414207812,-26.166328414207815
ARB,three_bar_up_reversal,trend_aligned,development,2,111,40.54054054054054,"[31.871700779864366, 49.842242599538224]",49.219467401285584,-6.9782996586909505,-26.978299658690954
ARB,three_bar_up_reversal,trend_aligned,development,3,111,39.63963963963964,"[31.033119486484406, 48.93929469095652]",49.72451790633609,-27.736991410882876,-47.73699141088288
ARB,three_bar_up_reversal,trend_aligned,final_exploratory,1,38,55.26315789473684,"[39.70602917908942, 69.85383468844911]",50.22222222222222,28.283750841354703,8.283750841354705
ARB,three_bar_up_reversal,trend_aligned,final_exploratory,2,38,50.0,"[34.849675532860694, 65.15032446713931]",48.16666666666667,34.711361682015585,14.711361682015582
ARB,three_bar_up_reversal,trend_aligned,final_exploratory,3,38,57.89473684210526,"[42.19207061312733, 72.14772518818047]",49.22222222222222,31.864533111903263,11.864533111903262
ARB,three_bar_up_reversal,range,development,1,123,44.71544715447155,"[36.22123329815222, 53.52976322034013]",48.03748231966053,-7.260316572012118,-27.260316572012115
ARB,three_bar_up_reversal,range,development,2,123,47.96747967479675,"[39.334490336329885, 56.723585247705635]",47.54243281471005,-0.9591576716110671,-20.959157671611067
ARB,three_bar_up_reversal,range,development,3,123,44.71544715447155,"[36.22123329815222, 53.52976322034013]",47.47171145685997,-12.182587396753382,-32.182587396753384
ARB,three_bar_up_reversal,range,final_exploratory,1,51,45.09803921568628,"[32.267305011132244, 58.61552845835077]",48.73684210526316,-0.8966349355021611,-20.896634935502163
ARB,three_bar_up_reversal,range,final_exploratory,2,51,54.90196078431372,"[41.38447154164923, 67.73269498886776]",48.86782517114271,1.308014741287685,-18.691985258712315
ARB,three_bar_up_reversal,range,final_exploratory,3,51,50.98039215686274,"[37.680695448409594, 64.1427378576938]",47.89251844046365,-4.051378890181378,-24.051378890181375
ARB,three_bar_down_reversal,all,development,1,437,42.33409610983982,"[37.78809433753602, 47.01370295201197]",49.907042869641295,-8.568815707307737,-28.56881570730774
ARB,three_bar_down_reversal,all,development,2,437,43.7070938215103,"[39.13121685032735, 48.39264659631652]",50.08202099737533,-19.550896334576038,-39.550896334576045
ARB,three_bar_down_reversal,all,development,3,437,47.82608695652174,"[43.18190120826786, 52.50816070966366]",50.42650918635171,-8.701840948169082,-28.70184094816908
ARB,three_bar_down_reversal,all,final_exploratory,1,133,42.857142857142854,"[34.76361863493269, 51.351714713990425]",49.787811916482774,6.1227839333570095,-13.87721606664299
ARB,three_bar_down_reversal,all,final_exploratory,2,133,52.63157894736842,"[44.191437338509076, 60.92396616451923]",50.967741935483865,6.928795191518461,-13.07120480848154
ARB,three_bar_down_reversal,all,final_exploratory,3,133,50.37593984962406,"[41.98806659491524, 58.74270533408882]",51.48582102224486,7.168338747703524,-12.831661252296474
ARB,three_bar_down_reversal,trend_aligned,development,1,198,39.898989898989896,"[33.33277055489003, 46.84970917178673]",49.869678540399654,-12.195198344759827,-32.19519834475983
ARB,three_bar_down_reversal,trend_aligned,development,2,198,40.90909090909091,"[34.296922470622505, 47.86730928338658]",49.236688593769394,-10.041305423889142,-30.04130542388914
ARB,three_bar_down_reversal,trend_aligned,development,3,198,45.45454545454545,"[38.67111528789089, 52.411000589113655]",49.90691324314261,-11.196017752763412,-31.19601775276341
ARB,three_bar_down_reversal,trend_aligned,final_exploratory,1,55,38.18181818181818,"[26.515766317415235, 51.3910207176076]",49.52076677316294,10.875188099377839,-9.124811900622161
ARB,three_bar_down_reversal,trend_aligned,final_exploratory,2,55,52.72727272727273,"[39.79131907162938, 65.30711468951918]",50.798722044728436,11.073303688617436,-8.926696311382564
ARB,three_bar_down_reversal,trend_aligned,final_exploratory,3,55,50.90909090909091,"[38.07603840748445, 63.62343951289841]",52.39616613418531,2.295260904830222,-17.704739095169778
ARB,three_bar_down_reversal,range,development,1,130,45.38461538461539,"[37.08129621217377, 53.95288150237836]",50.901697312588404,4.361472492601309,-15.638527507398692
ARB,three_bar_down_reversal,range,development,2,130,48.46153846153846,"[40.038673245922155, 56.97271932559522]",51.3967468175389,-8.507853388970934,-28.507853388970933
ARB,three_bar_down_reversal,range,development,3,130,51.53846153846154,"[43.02728067440477, 59.96132675407784]",51.75035360678925,7.871610310508417,-12.128389689491582
ARB,three_bar_down_reversal,range,final_exploratory,1,41,39.02439024390244,"[25.65593521532712, 54.27341610130745]",50.526315789473685,-13.070521241380774,-33.070521241380774
ARB,three_bar_down_reversal,range,final_exploratory,2,41,39.02439024390244,"[25.65593521532712, 54.27341610130745]",50.6582411795682,-13.560891777964503,-33.56089177796451
ARB,three_bar_down_reversal,range,final_exploratory,3,41,46.34146341463415,"[32.05599911818589, 61.253784654025644]",51.42255005268704,1.9190010078471758,-18.080998992152825
ARB,doji_follow_previous_direction,all,development,1,2257,47.939743021710235,"[45.88392948847042, 50.002558092083646]",47.49562554680665,2.4879330772294113,-17.51206692277059
ARB,doji_follow_previous_direction,all,development,2,2257,45.54718653079309,"[43.50186642468587, 47.60763899135035]",47.451881014873145,-2.9954096914287853,-22.995409691428783
ARB,doji_follow_previous_direction,all,development,3,2257,45.85733274257864,"[43.81038453404417, 47.918359310725855]",47.83464566929133,-0.12973248260219264,-20.129732482602193
ARB,doji_follow_previous_direction,all,final_exploratory,1,786,48.218829516539444,"[44.74266207489411, 51.71232332977438]",48.05635715498218,-3.893951376526199,-23.8939513765262
ARB,doji_follow_previous_direction,all,final_exploratory,2,786,47.58269720101781,"[44.11147898311542, 51.07742978036324]",49.81324278438031,-1.6263988862770975,-21.626398886277098
ARB,doji_follow_previous_direction,all,final_exploratory,3,786,49.23664122137404,"[45.75372532083071, 52.72698270974151]",49.516046867040245,1.9379186903436325,-18.062081309656367
ARB,doji_follow_previous_direction,trend_aligned,development,1,728,50.68681318681319,"[47.060971736012945, 54.30544416600737]",48.464383341373214,3.8645325096785212,-16.135467490321478
ARB,doji_follow_previous_direction,trend_aligned,development,2,728,47.66483516483517,"[44.058448940255374, 51.295736992875504]",47.129763627592865,-3.2948847756528363,-23.294884775652836
ARB,doji_follow_previous_direction,trend_aligned,development,3,728,51.23626373626374,"[47.608299778493254, 54.85124884514332]",48.158867985206626,1.2761866056582851,-18.723813394341715
ARB,doji_follow_previous_direction,trend_aligned,final_exploratory,1,240,51.25,"[44.95639296355595, 57.504220811944194]",48.822055137844615,-4.006319888858185,-24.006319888858187
ARB,doji_follow_previous_direction,trend_aligned,final_exploratory,2,240,50.416666666666664,"[44.13447225293906, 56.685732338894326]",50.37593984962406,1.0069467058166914,-18.99305329418331
ARB,doji_follow_previous_direction,trend_aligned,final_exploratory,3,240,50.833333333333336,"[44.545218038399504, 57.095191145267265]",51.37844611528822,-1.9387251235740421,-21.93872512357404
ARB,doji_follow_previous_direction,range,development,1,669,49.92526158445441,"[46.147625476543716, 53.70375113275037]",47.454031117397456,4.506270365061507,-15.493729634938495
ARB,doji_follow_previous_direction,range,development,2,669,46.63677130044843,"[42.886414439923236, 50.425532978310116]",48.408769448373405,0.15761242934942918,-19.84238757065057
ARB,doji_follow_previous_direction,range,development,3,669,45.2914798206278,"[41.556989473109226, 49.07973691241747]",48.33804809052334,3.1811688188866984,-16.8188311811133
ARB,doji_follow_previous_direction,range,final_exploratory,1,247,46.15384615384615,"[40.04314415242386, 52.38235464841301]",47.78947368421053,1.8031446190041505,-18.19685538099585
ARB,doji_follow_previous_direction,range,final_exploratory,2,247,48.178137651821864,"[42.022427299641144, 54.38965107970264]",49.28909952606635,8.66402898782564,-11.33597101217436
ARB,doji_follow_previous_direction,range,final_exploratory,3,247,51.821862348178136,"[45.61034892029737, 57.97757270035886]",48.682824025289776,21.209280614717848,1.2092806147178488
CRO,bullish_engulfing,all,development,1,2199,47.47612551159618,"[45.395165159240825, 49.56588878126947]",50.010936132983375,-0.6325903985277,-20.6325903985277
CRO,bullish_engulfing,all,development,2,2199,46.384720327421554,"[44.308461938571945, 48.4735883005374]",49.01027996500437,-3.814186487951492,-23.814186487951492
CRO,bullish_engulfing,all,development,3,2199,46.65757162346521,"[44.580044074380105, 48.74675709007948]",48.96653543307087,-4.134071909123443,-24.134071909123442
CRO,bullish_engulfing,all,final_exploratory,1,737,43.96200814111262,"[40.41902531278145, 47.56761042689624]",48.78628416228145,-5.1922252851854385,-25.192225285185437
CRO,bullish_engulfing,all,final_exploratory,2,737,47.76119402985075,"[44.175890851008496, 51.36971565920907]",48.25127334465195,-1.5518324803773127,-21.55183248037731
CRO,bullish_engulfing,all,final_exploratory,3,737,47.4898236092266,"[43.90685185592011, 51.09882817068747]",48.14060112073357,-1.6276615465286868,-21.627661546528685
CRO,bullish_engulfing,trend_aligned,development,1,585,47.35042735042735,"[43.334787688529964, 51.40063861287266]",51.06655290102389,0.9289629543568859,-19.071037045643113
CRO,bullish_engulfing,trend_aligned,development,2,585,45.2991452991453,"[41.30902243458646, 49.350604874353685]",50.98122866894198,-8.942857847346936,-28.94285784734694
CRO,bullish_engulfing,trend_aligned,development,3,585,46.15384615384615,"[42.15226366495462, 50.20561322417822]",50.597269624573386,0.2774961655985188,-19.722503834401483
CRO,bullish_engulfing,trend_aligned,final_exploratory,1,213,44.60093896713615,"[38.0797081448324, 51.31347102374042]",47.420147420147416,-11.67939891488821,-31.67939891488821
CRO,bullish_engulfing,trend_aligned,final_exploratory,2,213,49.29577464788732,"[42.65379636103888, 55.962705269644545]",47.54299754299755,-0.9033185479909597,-20.90331854799096
CRO,bullish_engulfing,trend_aligned,final_exploratory,3,213,45.539906103286384,"[38.989878129817626, 52.24796553117732]",45.7002457002457,-6.673280051230534,-26.673280051230535
CRO,bullish_engulfing,range,development,1,660,48.63636363636363,"[44.84207024304838, 52.446439546033844]",49.45804195804196,-1.3727919592932367,-21.372791959293238
CRO,bullish_engulfing,range,development,2,660,44.84848484848485,"[41.094829419098375, 48.66176311743443]",47.25524475524476,-4.107256370376576,-24.10725637037658
CRO,bullish_engulfing,range,development,3,660,46.21212121212121,"[42.441317255493836, 50.02676549195676]",46.78321678321679,-8.094132266404038,-28.09413226640404
CRO,bullish_engulfing,range,final_exploratory,1,216,43.05555555555556,"[36.63030209286764, 49.72350901476623]",48.98876404494382,-1.3141579265516574,-21.31415792655166
CRO,bullish_engulfing,range,final_exploratory,2,216,49.53703703703704,"[42.93586690799019, 56.15438716585207]",47.5548060708263,5.80274358163376,-14.197256418366239
CRO,bullish_engulfing,range,final_exploratory,3,216,52.31481481481482,"[45.67178946038097, 58.87694017040774]",48.706411698537686,11.433387069297858,-8.566612930702142
CRO,bearish_engulfing,all,development,1,2415,46.29399585921325,"[44.31274378250494, 48.28701967451515]",49.1415135608049,-1.0979391712024678,-21.09793917120247
CRO,bearish_engulfing,all,development,2,2415,48.612836438923395,"[46.623195048941604, 50.60688401038994]",50.51399825021873,-1.8030119938923945,-21.803011993892394
CRO,bearish_engulfing,all,development,3,2415,48.65424430641822,"[46.664492108865325, 50.64827115765035]",50.557742782152225,-3.2216374737179767,-23.221637473717976
CRO,bearish_engulfing,all,final_exploratory,1,759,44.79578392621871,"[41.292960194592126, 48.35102356297955]",49.48226107621796,-1.2082327923259308,-21.208232792325934
CRO,bearish_engulfing,all,final_exploratory,2,759,49.53886693017128,"[45.993132762229585, 53.08924554540333]",50.30560271646859,0.1038456680071602,-19.89615433199284
CRO,bearish_engulfing,all,final_exploratory,3,759,51.515151515151516,"[47.96093609476632, 55.05410660872546]",50.80658855493293,2.247757629944933,-17.752242370055068
CRO,bearish_engulfing,trend_aligned,development,1,1004,49.601593625498005,"[46.516257441339526, 52.68996702885501]",49.30165774703041,3.0308202520573753,-16.969179747942626
CRO,bearish_engulfing,trend_aligned,development,2,1004,51.59362549800797,"[48.502161010654255, 54.67294110856766]",50.35896097115259,4.257216620317757,-15.742783379682242
CRO,bearish_engulfing,trend_aligned,development,3,1004,51.49402390438247,"[48.402749834119156, 54.57390840265137]",49.82378279597964,5.858531941583036,-14.141468058416965
CRO,bearish_engulfing,trend_aligned,final_exploratory,1,306,42.48366013071895,"[37.07188123095138, 48.08182311346203]",48.409182440596055,-1.5031867233162035,-21.503186723316205
CRO,bearish_engulfing,trend_aligned,final_exploratory,2,306,47.38562091503268,"[41.85810838400951, 52.9779626923082]",49.21465968586388,-1.3204970027204053,-21.320497002720405
CRO,bearish_engulfing,trend_aligned,final_exploratory,3,306,48.69281045751634,"[43.14344861461157, 54.27458692354728]",49.536850583971,2.2987548296179683,-17.70124517038203
CRO,bearish_engulfing,range,development,1,790,43.41772151898734,"[40.00146248765525, 46.897687166381516]",49.61538461538461,-5.765619716007857,-25.76561971600786
CRO,bearish_engulfing,range,development,2,790,47.59493670886076,"[44.13234528066812, 51.08080555446071]",52.18531468531469,-1.2233637031839237,-21.223363703183924
CRO,bearish_engulfing,range,development,3,790,48.607594936708864,"[45.13743875852485, 52.09122751444446]",52.6048951048951,-1.0864449531432858,-21.086444953143285
CRO,bearish_engulfing,range,final_exploratory,1,247,43.7246963562753,"[37.681318240240394, 49.960285066388174]",48.98876404494382,-3.373416248264517,-23.373416248264515
CRO,bearish_engulfing,range,final_exploratory,2,247,48.582995951417004,"[42.4194865180329, 54.78990777701226]",50.87127599775154,-5.565064868062138,-25.565064868062137
CRO,bearish_engulfing,range,final_exploratory,3,247,49.797570850202426,"[43.613063056918726, 55.9882789852306]",50.0562429696288,-1.58467506046947,-21.584675060469472
CRO,lower_wick_rejection,all,development,1,1466,49.79536152796726,"[47.239741401303164, 52.35205134697664]",50.010936132983375,1.5626456125425803,-18.437354387457418
CRO,lower_wick_rejection,all,development,2,1466,48.567530695770806,"[46.01614480406026, 51.12640443389844]",49.01027996500437,-0.6942995286142093,-20.69429952861421
CRO,lower_wick_rejection,all,development,3,1466,48.84038199181446,"[46.28792222126859, 51.39890335231703]",48.96653543307087,-0.7294931506609921,-20.729493150660993
CRO,lower_wick_rejection,all,final_exploratory,1,440,45.90909090909091,"[41.30825578661688, 50.580742450592076]",48.78628416228145,-4.974091759972425,-24.974091759972428
CRO,lower_wick_rejection,all,final_exploratory,2,440,45.68181818181818,"[41.08471903540427, 50.35366799276074]",48.25127334465195,-10.682507862524433,-30.68250786252443
CRO,lower_wick_rejection,all,final_exploratory,3,439,42.8246013667426,"[38.27767700857916, 47.49601724236746]",48.14060112073357,-12.922909279627675,-32.922909279627675
CRO,lower_wick_rejection,trend_aligned,development,1,386,50.0,"[45.03656904063558, 54.96343095936442]",51.06655290102389,1.4306307905204583,-18.569369209479543
CRO,lower_wick_rejection,trend_aligned,development,2,386,50.259067357512954,"[45.293149450293654, 55.21987943118025]",50.98122866894198,-3.8166501124865886,-23.816650112486588
CRO,lower_wick_rejection,trend_aligned,development,3,386,47.15025906735751,"[42.22289880775579, 52.13378349603121]",50.597269624573386,3.3952237452743264,-16.604776254725675
CRO,lower_wick_rejection,trend_aligned,final_exploratory,1,118,45.76271186440678,"[37.04897254617516, 54.74365000638488]",47.420147420147416,-12.792919378079787,-32.79291937807979
CRO,lower_wick_rejection,trend_aligned,final_exploratory,2,118,46.610169491525426,"[37.85856310359922, 55.5755349384488]",47.54299754299755,-25.955260850091125,-45.95526085009112
CRO,lower_wick_rejection,trend_aligned,final_exploratory,3,118,36.440677966101696,"[28.311937035351992, 45.424455132840144]",45.7002457002457,-35.11488179275814,-55.11488179275814
CRO,lower_wick_rejection,range,development,1,456,50.219298245614034,"[45.64744930443843, 54.78748307227562]",49.45804195804196,1.275809554766629,-18.724190445233372
CRO,lower_wick_rejection,range,development,2,456,47.14912280701754,"[42.61025159864168, 51.73562750407543]",47.25524475524476,-1.1880469416717878,-21.18804694167179
CRO,lower_wick_rejection,range,development,3,456,48.46491228070175,"[43.90981257804945, 53.04566078495208]",46.78321678321679,-3.2871616840951914,-23.287161684095192
CRO,lower_wick_rejection,range,final_exploratory,1,129,40.310077519379846,"[32.244049490705024, 48.93654454008051]",48.98876404494382,-4.570321397908092,-24.570321397908092
CRO,lower_wick_rejection,range,final_exploratory,2,129,37.2093023255814,"[29.351051285070046, 45.80733283556687]",47.5548060708263,-14.359617493013,-34.359617493013005
CRO,lower_wick_rejection,range,final_exploratory,3,128,38.28125,"[30.31848964440972, 46.926932134452194]",48.706411698537686,-15.730479768862057,-35.73047976886206
CRO,upper_wick_rejection,all,development,1,1263,44.972288202692006,"[42.24807501348317, 47.72699369281759]",49.1415135608049,-6.555697328947973,-26.555697328947975
CRO,upper_wick_rejection,all,development,2,1263,47.980997624703086,"[45.23598678581776, 50.738253403326624]",50.51399825021873,-5.497516902103938,-25.49751690210394
CRO,upper_wick_rejection,all,development,3,1263,49.08946951702296,"[46.33931366437158, 51.84514759739941]",50.557742782152225,-3.404917278174747,-23.404917278174747
CRO,upper_wick_rejection,all,final_exploratory,1,432,45.370370370370374,"[40.73696311651709, 50.08539069275674]",49.48226107621796,1.0909733436525526,-18.909026656347447
CRO,upper_wick_rejection,all,final_exploratory,2,432,49.53703703703704,"[44.84711556389144, 54.235119817035915]",50.30560271646859,3.804017857506545,-16.195982142493456
CRO,upper_wick_rejection,all,final_exploratory,3,432,48.148148148148145,"[43.47346150272596, 52.85548002098355]",50.80658855493293,2.03231715070998,-17.96768284929002
CRO,upper_wick_rejection,trend_aligned,development,1,523,45.69789674952199,"[41.475395960528104, 49.9831373063969]",49.30165774703041,-4.898078921650253,-24.898078921650253
CRO,upper_wick_rejection,trend_aligned,development,2,523,47.60994263862333,"[43.362626678169455, 51.89211402567776]",50.35896097115259,-4.7878967830263655,-24.787896783026365
CRO,upper_wick_rejection,trend_aligned,development,3,523,48.565965583174,"[44.308577053611344, 52.84426736869698]",49.82378279597964,-2.754000956558079,-22.754000956558077
CRO,upper_wick_rejection,trend_aligned,final_exploratory,1,178,43.258426966292134,"[36.19839715012982, 50.60330279091777]",48.409182440596055,0.4849296388909948,-19.515070361109007
CRO,upper_wick_rejection,trend_aligned,final_exploratory,2,178,48.87640449438202,"[41.63453157855282, 56.1657517449551]",49.21465968586388,0.657515783234375,-19.342484216765627
CRO,upper_wick_rejection,trend_aligned,final_exploratory,3,178,44.943820224719104,"[37.81969562409524, 52.28157933169045]",49.536850583971,-0.06772325462689341,-20.067723254626895
CRO,upper_wick_rejection,range,development,1,403,45.90570719602977,"[41.10190465666344, 50.7868304186091]",49.61538461538461,-2.1741827126644475,-22.174182712664447
CRO,upper_wick_rejection,range,development,2,403,49.13151364764268,"[44.28181519549403, 53.997613456836504]",52.18531468531469,1.2156057128419835,-18.78439428715802
CRO,upper_wick_rejection,range,development,3,403,51.86104218362283,"[46.98817900897904, 56.698759593169804]",52.6048951048951,4.867551313241134,-15.132448686758867
CRO,upper_wick_rejection,range,final_exploratory,1,133,45.86466165413534,"[37.63109985626455, 54.33040892469093]",48.98876404494382,-0.739583476545068,-20.739583476545068
CRO,upper_wick_rejection,range,final_exploratory,2,133,54.13533834586466,"[45.66959107530906, 62.36890014373544]",50.87127599775154,2.4505796995770783,-17.549420300422923
CRO,upper_wick_rejection,range,final_exploratory,3,133,53.38345864661654,"[44.92958736112798, 61.647359999908446]",50.0562429696288,0.5750001264664669,-19.424999873533533
CRO,inside_bar_up_break,all,development,1,763,46.788990825688074,"[43.27340507847605, 50.33674856994366]",50.010936132983375,0.1524265699348851,-19.847573430065115
CRO,inside_bar_up_break,all,development,2,763,47.313237221494106,"[43.79284394425829, 50.860549924827595]",49.01027996500437,-1.354758779092085,-21.354758779092084
CRO,inside_bar_up_break,all,development,3,763,45.87155963302752,"[42.365324819190576, 49.419158443063324]",48.96653543307087,-1.9277632282722434,-21.927763228272244
CRO,inside_bar_up_break,all,final_exploratory,1,265,48.679245283018865,"[42.723248462145996, 54.67298783461758]",48.78628416228145,6.215576235608934,-13.784423764391066
CRO,inside_bar_up_break,all,final_exploratory,2,265,50.943396226415096,"[44.954038921886294, 56.905792294711134]",48.25127334465195,9.503072446102308,-10.49692755389769
CRO,inside_bar_up_break,all,final_exploratory,3,265,50.943396226415096,"[44.954038921886294, 56.905792294711134]",48.14060112073357,7.2047114917731125,-12.795288508226887
CRO,inside_bar_up_break,trend_aligned,development,1,203,48.76847290640394,"[41.979296004611335, 55.603395291530255]",51.06655290102389,8.71551270836352,-11.28448729163648
CRO,inside_bar_up_break,trend_aligned,development,2,203,49.26108374384236,"[42.461459217953205, 56.088155559731746]",50.98122866894198,22.59764796083097,2.59764796083097
CRO,inside_bar_up_break,trend_aligned,development,3,203,51.724137931034484,"[44.882014704634024, 58.50221748076776]",50.597269624573386,46.65365230262644,26.653652302626444
CRO,inside_bar_up_break,trend_aligned,final_exploratory,1,82,53.65853658536585,"[42.944534622716574, 64.04508346455114]",47.420147420147416,15.822823715177865,-4.177176284822135
CRO,inside_bar_up_break,trend_aligned,final_exploratory,2,82,54.8780487804878,"[44.130583571145195, 65.18890721187844]",47.54299754299755,15.722205845642014,-4.277794154357987
CRO,inside_bar_up_break,trend_aligned,final_exploratory,3,82,52.4390243902439,"[41.76454367591391, 62.895201715597906]",45.7002457002457,9.24047934830435,-10.75952065169565
CRO,inside_bar_up_break,range,development,1,228,49.56140350877193,"[43.13270177284379, 56.00464027448506]",49.45804195804196,-6.073324042071735,-26.073324042071732
CRO,inside_bar_up_break,range,development,2,228,50.43859649122807,"[43.99535972551492, 56.867298227156205]",47.25524475524476,-8.440760106905168,-28.44076010690517
CRO,inside_bar_up_break,range,development,3,228,49.56140350877193,"[43.13270177284379, 56.00464027448506]",46.78321678321679,-11.130091359543092,-31.130091359543094
CRO,inside_bar_up_break,range,final_exploratory,1,74,47.2972972972973,"[36.33851779028374, 58.52284168845255]",48.98876404494382,1.8581892949296435,-18.14181070507036
CRO,inside_bar_up_break,range,final_exploratory,2,74,51.351351351351354,"[40.18091826719451, 62.38840199343733]",47.5548060708263,14.387068507796732,-5.612931492203269
CRO,inside_bar_up_break,range,final_exploratory,3,74,52.7027027027027,"[41.477158311547434, 63.661482209716254]",48.706411698537686,20.992821549199775,0.9928215491997747
CRO,inside_bar_down_break,all,development,1,769,44.60338101430429,"[41.125520613173954, 48.13489186979798]",49.1415135608049,-4.118009315535007,-24.118009315535005
CRO,inside_bar_down_break,all,development,2,769,48.634590377113135,"[45.117509412582876, 52.165245552988345]",50.51399825021873,-7.844738332229395,-27.844738332229394
CRO,inside_bar_down_break,all,development,3,769,48.764629388816644,"[45.24666469347906, 52.29487551346633]",50.557742782152225,-10.200086025035963,-30.20008602503596
CRO,inside_bar_down_break,all,final_exploratory,1,263,46.00760456273764,"[40.084678031440724, 52.04548458188493]",49.48226107621796,-2.4889188092582923,-22.48891880925829
CRO,inside_bar_down_break,all,final_exploratory,2,263,46.7680608365019,"[40.82767253026332, 52.80150672814315]",50.30560271646859,-1.5575341137392216,-21.557534113739223
CRO,inside_bar_down_break,all,final_exploratory,3,263,47.52851711026616,"[41.57204336222622, 53.556152541261085]",50.80658855493293,-3.495782446452995,-23.495782446452996
CRO,inside_bar_down_break,trend_aligned,development,1,313,49.52076677316294,"[44.02122306969577, 55.031931566564104]",49.30165774703041,5.2528497744913585,-14.74715022550864
CRO,inside_bar_down_break,trend_aligned,development,2,313,50.798722044728436,"[45.28412772103482, 56.293947885198705]",50.35896097115259,-0.2960454934682281,-20.296045493468228
CRO,inside_bar_down_break,trend_aligned,development,3,313,47.6038338658147,"[42.133531614836784, 53.132241566462646]",49.82378279597964,-11.767119629198858,-31.76711962919886
CRO,inside_bar_down_break,trend_aligned,final_exploratory,1,111,44.14414414414414,"[35.256004350648226, 53.42405583660099]",48.409182440596055,-6.59226006487565,-26.59226006487565
CRO,inside_bar_down_break,trend_aligned,final_exploratory,2,111,45.04504504504504,"[36.10945286072419, 54.31213652848669]",49.21465968586388,-2.8259932024388643,-22.825993202438866
CRO,inside_bar_down_break,trend_aligned,final_exploratory,3,111,49.549549549549546,"[40.420129093119115, 58.70910630590006]",49.536850583971,-0.7558177633708846,-20.75581776337088
CRO,inside_bar_down_break,range,development,1,252,38.888888888888886,"[33.079699696615265, 45.031756767071634]",49.61538461538461,-4.98881281695364,-24.988812816953644
CRO,inside_bar_down_break,range,development,2,252,49.6031746031746,"[43.48242741592271, 55.73583888635183]",52.18531468531469,1.0975979264000197,-18.90240207359998
CRO,inside_bar_down_break,range,development,3,252,54.36507936507937,"[48.19568054711412, 60.40339012786601]",52.6048951048951,7.822670357965149,-12.177329642034852
CRO,inside_bar_down_break,range,final_exploratory,1,73,45.205479452054796,"[34.31446980664788, 56.5758812531947]",48.98876404494382,-5.7150110088758534,-25.715011008875855
CRO,inside_bar_down_break,range,final_exploratory,2,73,43.83561643835616,"[33.04516589160894, 55.242428328188666]",50.87127599775154,-7.776590978221665,-27.776590978221666
CRO,inside_bar_down_break,range,final_exploratory,3,73,41.0958904109589,"[30.531095731906, 52.55098480780166]",50.0562429696288,-8.409552830220383,-28.40955283022038
CRO,three_bar_up_reversal,all,development,1,434,45.6221198156682,"[40.99489197119575, 50.32617025770164]",50.010936132983375,-2.376093446729099,-22.376093446729097
CRO,three_bar_up_reversal,all,development,2,434,43.31797235023041,"[38.73477310306281, 48.01842714104372]",49.01027996500437,-16.98837627726508,-36.988376277265075
CRO,three_bar_up_reversal,all,development,3,434,43.54838709677419,"[38.960332124834565, 48.24965431775106]",48.96653543307087,-13.257426204170336,-33.257426204170336
CRO,three_bar_up_reversal,all,final_exploratory,1,132,46.21212121212121,"[37.93439270607824, 54.704092117422064]",48.78628416228145,-4.195455065782273,-24.195455065782273
CRO,three_bar_up_reversal,all,final_exploratory,2,132,43.93939393939394,"[35.76269726250174, 52.45887845509875]",48.25127334465195,-9.990289069445154,-29.990289069445154
CRO,three_bar_up_reversal,all,final_exploratory,3,132,43.93939393939394,"[35.76269726250174, 52.45887845509875]",48.14060112073357,-4.00646928936889,-24.00646928936889
CRO,three_bar_up_reversal,trend_aligned,development,1,101,35.64356435643565,"[26.986507179349307, 45.35271694542558]",51.06655290102389,-14.97610228995624,-34.97610228995624
CRO,three_bar_up_reversal,trend_aligned,development,2,101,36.633663366336634,"[27.887722904962388, 46.359140935345266]",50.98122866894198,-41.90037313179685,-61.900373131796854
CRO,three_bar_up_reversal,trend_aligned,development,3,101,40.59405940594059,"[31.532231224182006, 50.34519147825671]",50.597269624573386,-13.730091401526254,-33.73009140152625
CRO,three_bar_up_reversal,trend_aligned,final_exploratory,1,31,45.16129032258065,"[29.161482836586107, 62.22812039633085]",47.420147420147416,0.8511933661474235,-19.148806633852576
CRO,three_bar_up_reversal,trend_aligned,final_exploratory,2,31,54.83870967741935,"[37.771879603669134, 70.83851716341388]",47.54299754299755,2.6041362559731285,-17.395863744026872
CRO,three_bar_up_reversal,trend_aligned,final_exploratory,3,31,51.61290322580645,"[34.84011828697318, 68.03001396872116]",45.7002457002457,0.3878774515977688,-19.61212254840223
CRO,three_bar_up_reversal,range,development,1,133,45.11278195488722,"[36.91141956077144, 53.58854536217596]",49.45804195804196,-8.92750397593448,-28.92750397593448
CRO,three_bar_up_reversal,range,development,2,133,42.10526315789474,"[34.051465236214625, 50.602324254700406]",47.25524475524476,-16.654067771360136,-36.65406777136013
CRO,three_bar_up_reversal,range,development,3,133,42.10526315789474,"[34.051465236214625, 50.602324254700406]",46.78321678321679,-18.792473021296207,-38.7924730212962
CRO,three_bar_up_reversal,range,final_exploratory,1,35,57.142857142857146,"[40.857129258973366, 72.01566691832107]",48.98876404494382,3.097578667837934,-16.902421332162067
CRO,three_bar_up_reversal,range,final_exploratory,2,35,45.714285714285715,"[30.46577363376085, 61.81054865986248]",47.5548060708263,3.777663124806953,-16.222336875193047
CRO,three_bar_up_reversal,range,final_exploratory,3,35,48.57142857142857,"[32.993980391252734, 64.43146037328837]",48.706411698537686,13.014802791828904,-6.985197208171097
CRO,three_bar_down_reversal,all,development,1,443,46.72686230248307,"[42.128798486835215, 51.38120595321691]",49.1415135608049,9.091539542019307,-10.908460457980693
CRO,three_bar_down_reversal,all,development,2,443,49.20993227990971,"[44.58123606563682, 53.852213281961966]",50.51399825021873,3.1346814144312107,-16.86531858556879
CRO,three_bar_down_reversal,all,development,3,443,51.46726862302483,"[46.820571172505325, 56.08873718195406]",50.557742782152225,7.926966149329079,-12.073033850670923
CRO,three_bar_down_reversal,all,final_exploratory,1,145,51.724137931034484,"[43.65154803728679, 59.70772786407412]",49.48226107621796,3.0965448070168518,-16.90345519298315
CRO,three_bar_down_reversal,all,final_exploratory,2,145,52.41379310344828,"[44.32787340193019, 60.37511285997509]",50.30560271646859,9.031954950051988,-10.968045049948012
CRO,three_bar_down_reversal,all,final_exploratory,3,145,54.48275862068966,"[46.3658273260272, 62.36829001751115]",50.80658855493293,5.848291532433619,-14.151708467566381
CRO,three_bar_down_reversal,trend_aligned,development,1,171,45.6140350877193,"[38.32688490710242, 53.09392112532921]",49.30165774703041,4.261517959166588,-15.738482040833413
CRO,three_bar_down_reversal,trend_aligned,development,2,171,48.538011695906434,"[41.161774994114246, 55.97849368336296]",50.35896097115259,4.890242109483481,-15.109757890516521
CRO,three_bar_down_reversal,trend_aligned,development,3,171,54.3859649122807,"[46.90607887467079, 61.67311509289758]",49.82378279597964,8.17369975926307,-11.826300240736932
CRO,three_bar_down_reversal,trend_aligned,final_exploratory,1,65,49.23076923076923,"[37.46363604246928, 61.08375390779336]",48.409182440596055,4.143798143379891,-15.85620185662011
CRO,three_bar_down_reversal,trend_aligned,final_exploratory,2,65,53.84615384615385,"[41.85318739862352, 65.40986285006332]",49.21465968586388,9.933669911107753,-10.066330088892247
CRO,three_bar_down_reversal,trend_aligned,final_exploratory,3,65,52.30769230769231,"[40.37942040227627, 63.97840974693585]",49.536850583971,3.300677021061908,-16.699322978938092
CRO,three_bar_down_reversal,range,development,1,136,50.73529411764706,"[42.42876511786049, 59.001424468071015]",49.61538461538461,7.028755170371736,-12.971244829628267
CRO,three_bar_down_reversal,range,development,2,136,55.14705882352941,"[46.761275959599814, 63.250051141920785]",52.18531468531469,-1.1426787175752933,-21.142678717575293
CRO,three_bar_down_reversal,range,development,3,136,51.470588235294116,"[43.14647506955499, 59.71390410230802]",52.6048951048951,3.793240675774995,-16.206759324225004
CRO,three_bar_down_reversal,range,final_exploratory,1,35,57.142857142857146,"[40.857129258973366, 72.01566691832107]",48.98876404494382,2.0982084602679016,-17.9017915397321
CRO,three_bar_down_reversal,range,final_exploratory,2,35,51.42857142857143,"[35.568539626711626, 67.00601960874725]",50.87127599775154,1.3544950381009382,-18.64550496189906
CRO,three_bar_down_reversal,range,final_exploratory,3,35,40.0,"[25.550504933307245, 56.42758041848053]",50.0562429696288,-12.868031218766276,-32.868031218766276
CRO,doji_follow_previous_direction,all,development,1,2298,45.996518711923414,"[43.96712390251484, 48.03927653789775]",47.17847769028871,0.5248679577569345,-19.475132042243068
CRO,doji_follow_previous_direction,all,development,2,2298,46.08355091383812,"[44.05372884814477, 48.12644549573712]",47.31517935258093,0.34026627038615187,-19.65973372961385
CRO,doji_follow_previous_direction,all,development,3,2298,45.996518711923414,"[43.96712390251484, 48.03927653789775]",47.46281714785652,-0.40337073073294827,-20.40337073073295
CRO,doji_follow_previous_direction,all,final_exploratory,1,788,42.51269035532995,"[39.10546507631321, 45.99256463063828]",45.883551179765746,0.5647632648947226,-19.435236735105278
CRO,doji_follow_previous_direction,all,final_exploratory,2,788,44.54314720812183,"[41.107695855912276, 48.031546133899816]",46.6893039049236,1.033811472327905,-18.966188527672095
CRO,doji_follow_previous_direction,all,final_exploratory,3,787,42.94790343074968,"[39.53199754921913, 46.432321980760065]",45.933095601969775,1.9689556459788937,-18.031044354021105
CRO,doji_follow_previous_direction,trend_aligned,development,1,723,49.93084370677732,"[46.29619784261484, 53.56622059903737]",48.16075190406741,-1.130069432853657,-21.13006943285366
CRO,doji_follow_previous_direction,trend_aligned,development,2,723,51.72890733056708,"[48.08691689961238, 55.35262205908234]",49.03581267217631,3.457995522290848,-16.542004477709153
CRO,doji_follow_previous_direction,trend_aligned,development,3,723,48.96265560165975,"[45.333901739936074, 52.602374884847094]",48.29039053637984,7.19457452430353,-12.805425475696472
CRO,doji_follow_previous_direction,trend_aligned,final_exploratory,1,248,45.96774193548387,"[39.87369588615883, 52.18480437749897]",46.07991906929691,-0.8118527512486619,-20.81185275124866
CRO,doji_follow_previous_direction,trend_aligned,final_exploratory,2,248,50.806451612903224,"[44.61958015967842, 56.96871978759002]",46.68689934243804,-1.696016881641099,-21.6960168816411
CRO,doji_follow_previous_direction,trend_aligned,final_exploratory,3,248,50.0,"[43.82463914140111, 56.1753608585989]",45.42235710672736,-1.275365897819135,-21.275365897819135
CRO,doji_follow_previous_direction,range,development,1,713,46.70406732117812,"[43.06936743199298, 50.37409343858149]",46.870629370629366,3.0565469839562605,-16.94345301604374
CRO,doji_follow_previous_direction,range,development,2,713,44.88078541374474,"[41.267069925231546, 48.549369299277735]",46.45104895104895,3.23135588912795,-16.76864411087205
CRO,doji_follow_previous_direction,range,development,3,713,47.40532959326788,"[43.763858502139875, 51.07461069384427]",47.48251748251748,1.0298799262008982,-18.9701200737991
CRO,doji_follow_previous_direction,range,final_exploratory,1,233,38.197424892703864,"[32.197944811434496, 44.579783425496856]",43.98876404494382,-1.7887954536258788,-21.78879545362588
CRO,doji_follow_previous_direction,range,final_exploratory,2,233,42.918454935622314,"[36.72855114319711, 49.33808579896171]",46.711635750421586,-1.5581718850115143,-21.558171885011514
CRO,doji_follow_previous_direction,range,final_exploratory,3,232,39.224137931034484,"[33.16575732090954, 45.63357239869889]",45.10686164229472,-0.3490024722402197,-20.349002472240223
LTC,bullish_engulfing,all,development,1,2323,46.79294016358158,"[44.77079065831538, 48.825679337751396]",49.857830271216095,-2.2941726755722285,-22.29417267557223
LTC,bullish_engulfing,all,development,2,2323,47.524752475247524,"[45.49970512011802, 49.55797306476573]",50.267935258092734,-5.078754110299146,-25.078754110299148
LTC,bullish_engulfing,all,development,3,2323,47.73999139044339,"[45.71417476629236, 49.77327053294933]",50.73272090988626,-5.93246444664686,-25.93246444664686
LTC,bullish_engulfing,all,final_exploratory,1,777,45.43114543114543,"[41.96115198011026, 48.946094764940206]",49.66898658971312,-6.118128543571925,-26.118128543571924
LTC,bullish_engulfing,all,final_exploratory,2,776,45.618556701030926,"[42.14425407089166, 49.13602643735514]",50.169779286926996,-5.290709931753378,-25.29070993175338
LTC,bullish_engulfing,all,final_exploratory,3,776,49.48453608247423,"[45.977941665863675, 52.99620898216536]",49.9745287824758,-4.412863520339436,-24.412863520339435
LTC,bullish_engulfing,trend_aligned,development,1,656,46.798780487804876,"[43.0100970312826, 50.62473896572032]",49.409748667174405,-6.234417703460994,-26.23441770346099
LTC,bullish_engulfing,trend_aligned,development,2,656,46.798780487804876,"[43.0100970312826, 50.62473896572032]",49.06702208682407,-7.73908337879212,-27.73908337879212
LTC,bullish_engulfing,trend_aligned,development,3,656,47.5609756097561,"[43.76458828423505, 51.38576295157669]",49.23838537699924,-5.8106076901285535,-25.810607690128556
LTC,bullish_engulfing,trend_aligned,final_exploratory,1,228,42.54385964912281,"[36.301960870677036, 49.032853933913685]",49.190064794816415,-9.325094212045736,-29.325094212045737
LTC,bullish_engulfing,trend_aligned,final_exploratory,2,228,44.29824561403509,"[37.99779779454663, 50.78764882072863]",48.056155507559396,-5.1068174632386985,-25.1068174632387
LTC,bullish_engulfing,trend_aligned,final_exploratory,3,228,49.12280701754386,"[42.70210342485095, 55.57258066980678]",48.86609071274298,-7.065858149980616,-27.065858149980617
LTC,bullish_engulfing,range,development,1,825,46.42424242424242,"[43.04548526369227, 49.83614616021308]",49.37965260545906,-0.662660130080282,-20.662660130080283
LTC,bullish_engulfing,range,development,2,825,46.06060606060606,"[42.68539141705028, 49.4723381177607]",49.64330024813896,-7.652927539877395,-27.652927539877393
LTC,bullish_engulfing,range,development,3,825,46.78787878787879,"[43.40575970211562, 50.1997736108841]",49.55024813895781,-10.71402391017126,-30.714023910171257
LTC,bullish_engulfing,range,final_exploratory,1,257,48.249027237354085,"[42.21059280199266, 54.33903731835623]",49.75149105367793,-2.6803572461876017,-22.6803572461876
LTC,bullish_engulfing,range,final_exploratory,2,256,47.65625,"[41.61793073036034, 53.76387110583526]",50.37294878170064,0.5375516724869184,-19.462448327513084
LTC,bullish_engulfing,range,final_exploratory,3,256,51.5625,"[45.46277053336087, 57.61602824250874]",50.099502487562184,1.9584111751449897,-18.041588824855012
LTC,bearish_engulfing,all,development,1,2271,47.60017613386174,"[45.55188302489015, 49.65657456617903]",49.13057742782152,0.08755048926450518,-19.912449510735495
LTC,bearish_engulfing,all,development,2,2271,46.41127256715104,"[44.36791353732687, 48.466752401611465]",49.01574803149607,-1.9336189787678937,-21.933618978767893
LTC,bearish_engulfing,all,development,3,2271,45.35446939674152,"[43.316477345622346, 47.40815156919967]",48.68766404199475,-3.746698776098905,-23.746698776098903
LTC,bearish_engulfing,all,final_exploratory,1,774,46.640826873385016,"[43.15148894602551, 50.163345333858715]",48.327957901884226,-0.7545848820203892,-20.75458488202039
LTC,bearish_engulfing,all,final_exploratory,2,774,47.41602067183462,"[43.91962673024649, 50.93793810043369]",48.62478777589134,-2.2250631421055798,-22.225063142105583
LTC,bearish_engulfing,all,final_exploratory,3,774,48.44961240310077,"[44.945122800417224, 51.96941609799087]",48.717948717948715,-0.3225332670992085,-20.322533267099207
LTC,bearish_engulfing,trend_aligned,development,1,748,46.3903743315508,"[42.84402734462521, 49.97360871062898]",48.24933270529125,-1.1806071765164434,-21.180607176516446
LTC,bearish_engulfing,trend_aligned,development,2,748,46.25668449197861,"[42.71172157453738, 49.83990100128179]",47.464280106767156,-5.476159799881264,-25.476159799881266
LTC,bearish_engulfing,trend_aligned,development,3,748,42.9144385026738,"[39.41245819072804, 46.488827399215374]",46.34950541686293,-9.393480164323691,-29.39348016432369
LTC,bearish_engulfing,trend_aligned,final_exploratory,1,258,44.96124031007752,"[39.00925279976044, 51.0610797982683]",48.59398125308337,0.1669623990597702,-19.83303760094023
LTC,bearish_engulfing,trend_aligned,final_exploratory,2,258,46.12403100775194,"[40.142562441911615, 52.21923186426434]",46.96595954612729,-2.473295186269995,-22.473295186269997
LTC,bearish_engulfing,trend_aligned,final_exploratory,3,258,48.44961240310077,"[42.41893707545686, 54.525780647013534]",47.804637395165265,0.7542761232640189,-19.24572387673598
LTC,bearish_engulfing,range,development,1,829,47.52714113389626,"[44.14686238565505, 50.930232706617]",49.65880893300248,0.5668846501121653,-19.433115349887835
LTC,bearish_engulfing,range,development,2,829,44.993968636911944,"[41.638222093347, 48.39589723978909]",49.61228287841191,-3.8086191899849777,-23.808619189984977
LTC,bearish_engulfing,range,development,3,829,45.23522316043426,"[41.876762588705745, 48.63764015006234]",49.79838709677419,-5.874332710950868,-25.874332710950867
LTC,bearish_engulfing,range,final_exploratory,1,257,47.85992217898833,"[41.82903006589836, 53.95385119230585]",47.61431411530815,-1.3846441158885407,-21.38464411588854
LTC,bearish_engulfing,range,final_exploratory,2,257,47.47081712062257,"[41.44783038371487, 53.56830201234464]",48.334162108403774,0.7521934442365164,-19.247806555763486
LTC,bearish_engulfing,range,final_exploratory,3,257,45.13618677042802,"[39.168282968476575, 51.2473562547148]",48.407960199004975,0.1303164394578205,-19.869683560542178
LTC,lower_wick_rejection,all,development,1,1552,51.03092783505155,"[48.544384107267405, 53.51238054023912]",49.857830271216095,-0.5210986924058822,-20.521098692405882
LTC,lower_wick_rejection,all,development,2,1552,49.097938144329895,"[46.61604375538022, 51.58428717805157]",50.267935258092734,-0.9799565654473702,-20.97995656544737
LTC,lower_wick_rejection,all,development,3,1552,50.51546391752577,"[48.02979778347961, 52.998584540273654]",50.73272090988626,-2.0746524978565954,-22.074652497856597
LTC,lower_wick_rejection,all,final_exploratory,1,448,48.660714285714285,"[44.063400994935634, 53.28080104400898]",49.66898658971312,-0.8948724317159392,-20.894872431715942
LTC,lower_wick_rejection,all,final_exploratory,2,448,47.99107142857143,"[43.4015024893989, 52.61480056901803]",50.169779286926996,0.1013883083477728,-19.898611691652228
LTC,lower_wick_rejection,all,final_exploratory,3,448,47.767857142857146,"[43.181052238194034, 52.39261782671368]",49.9745287824758,-3.355994572184262,-23.35599457218426
LTC,lower_wick_rejection,trend_aligned,development,1,447,49.4407158836689,"[44.8303174462538, 54.0606455882133]",49.409748667174405,-1.3761639717540541,-21.376163971754057
LTC,lower_wick_rejection,trend_aligned,development,2,447,45.41387024608501,"[40.85678792786208, 50.04910895476809]",49.06702208682407,0.02539434955196901,-19.97460565044803
LTC,lower_wick_rejection,trend_aligned,development,3,447,45.63758389261745,"[41.076755800760935, 50.272755868082406]",49.23838537699924,-6.452907345411363,-26.452907345411365
LTC,lower_wick_rejection,trend_aligned,final_exploratory,1,144,48.611111111111114,"[40.59036542402024, 56.70403615172028]",49.190064794816415,0.7155613847335818,-19.284438615266417
LTC,lower_wick_rejection,trend_aligned,final_exploratory,2,144,40.27777777777778,"[32.62034003252684, 48.44047099765682]",48.056155507559396,-2.4612511821082523,-22.461251182108253
LTC,lower_wick_rejection,trend_aligned,final_exploratory,3,144,46.52777777777778,"[38.57708907826937, 54.65891486108194]",48.86609071274298,1.6820147359742184,-18.317985264025783
LTC,lower_wick_rejection,range,development,1,543,51.74953959484346,"[47.54901296547344, 55.92548495129076]",49.37965260545906,-2.1166145624787003,-22.1166145624787
LTC,lower_wick_rejection,range,development,2,543,49.90791896869245,"[45.71778865132044, 54.0993430372709]",49.64330024813896,-2.405915234455746,-22.405915234455748
LTC,lower_wick_rejection,range,development,3,543,54.14364640883978,"[49.93806709595449, 58.291006917434395]",49.55024813895781,3.5391332460065335,-16.460866753993468
LTC,lower_wick_rejection,range,final_exploratory,1,152,48.026315789473685,"[40.2306698963966, 55.919266962567896]",49.75149105367793,-0.342654549819429,-20.342654549819432
LTC,lower_wick_rejection,range,final_exploratory,2,152,48.68421052631579,"[40.86903122895866, 56.564260010351]",50.37294878170064,0.52395614187807,-19.47604385812193
LTC,lower_wick_rejection,range,final_exploratory,3,152,44.73684210526316,"[37.05885132044295, 52.67431363679569]",50.099502487562184,-8.952870564673013,-28.952870564673013
LTC,upper_wick_rejection,all,development,1,1219,46.513535684987694,"[43.728818421874784, 49.320158649235665]",49.13057742782152,-4.158560450409048,-24.158560450409052
LTC,upper_wick_rejection,all,development,2,1219,47.2518457752256,"[44.462232122446295, 50.058726274781954]",49.01574803149607,-3.1510944905535063,-23.151094490553508
LTC,upper_wick_rejection,all,development,3,1219,46.75963904840033,"[43.973221567161815, 49.5664159459879]",48.68766404199475,-2.2575109114473855,-22.257510911447387
LTC,upper_wick_rejection,all,final_exploratory,1,389,44.473007712082264,"[39.61261743397081, 49.441494961457785]",48.327957901884226,-1.4435700437755743,-21.443570043775573
LTC,upper_wick_rejection,all,final_exploratory,2,389,47.04370179948586,"[42.13673433964616, 52.00848856953657]",48.62478777589134,-3.4587180572398113,-23.458718057239814
LTC,upper_wick_rejection,all,final_exploratory,3,388,49.74226804123711,"[44.79411214000799, 54.695477530920265]",48.717948717948715,1.5046930822747233,-18.495306917725276
LTC,upper_wick_rejection,trend_aligned,development,1,423,48.93617021276596,"[44.20337656641672, 53.68811292289264]",48.24933270529125,0.45012147260155516,-19.549878527398445
LTC,upper_wick_rejection,trend_aligned,development,2,423,48.69976359338062,"[43.9696231986898, 53.453308399354974]",47.464280106767156,4.886536054929608,-15.113463945070393
LTC,upper_wick_rejection,trend_aligned,development,3,423,44.2080378250591,"[39.548378079666286, 48.97195358435146]",46.34950541686293,3.052041369103955,-16.947958630896046
LTC,upper_wick_rejection,trend_aligned,final_exploratory,1,115,44.34782608695652,"[35.59665913178988, 53.46441039268639]",48.59398125308337,-2.1436143489351216,-22.14361434893512
LTC,upper_wick_rejection,trend_aligned,final_exploratory,2,115,41.73913043478261,"[33.13605835213601, 50.87627402979085]",46.96595954612729,-3.8489263215556986,-23.8489263215557
LTC,upper_wick_rejection,trend_aligned,final_exploratory,3,115,48.69565217391305,"[39.75114589900694, 57.724485529718336]",47.804637395165265,-0.11227730389340923,-20.11227730389341
LTC,upper_wick_rejection,range,development,1,424,46.22641509433962,"[41.535803806938674, 50.98479260070378]",49.65880893300248,-4.436719607480003,-24.436719607480004
LTC,upper_wick_rejection,range,development,2,424,44.81132075471698,"[40.14537421764486, 49.57044584286352]",49.61228287841191,-7.858741139141649,-27.85874113914165
LTC,upper_wick_rejection,range,development,3,424,47.64150943396226,"[42.93002720170192, 52.39534555307463]",49.79838709677419,-4.2128813890957835,-24.212881389095784
LTC,upper_wick_rejection,range,final_exploratory,1,147,45.57823129251701,"[37.7419966086067, 53.63969120165254]",47.61431411530815,-1.5971693709706647,-21.597169370970665
LTC,upper_wick_rejection,range,final_exploratory,2,147,47.61904761904762,"[39.70919332291601, 55.65017703645434]",48.334162108403774,-2.891653766382706,-22.891653766382706
LTC,upper_wick_rejection,range,final_exploratory,3,146,48.63013698630137,"[40.662290610999094, 56.668223745494714]",48.407960199004975,0.5843819060179242,-19.415618093982076
LTC,inside_bar_up_break,all,development,1,724,47.651933701657455,"[44.035796665409144, 51.292857261489246]",49.857830271216095,3.5550149443288515,-16.44498505567115
LTC,inside_bar_up_break,all,development,2,724,49.30939226519337,"[45.680865168489056, 52.945209515892834]",50.267935258092734,6.373053137251225,-13.626946862748774
LTC,inside_bar_up_break,all,development,3,724,50.552486187845304,"[46.91727386205625, 54.18186639043824]",50.73272090988626,7.674869440882581,-12.32513055911742
LTC,inside_bar_up_break,all,final_exploratory,1,206,53.398058252427184,"[46.58600978608018, 60.0856892478578]",49.66898658971312,0.8920147316219436,-19.107985268378055
LTC,inside_bar_up_break,all,final_exploratory,2,206,49.51456310679612,"[42.758568673770114, 56.28833146423875]",50.169779286926996,-3.1846334506772007,-23.184633450677204
LTC,inside_bar_up_break,all,final_exploratory,3,206,50.970873786407765,"[44.18915759080741, 57.71704213317486]",49.9745287824758,4.4013035086967935,-15.598696491303206
LTC,inside_bar_up_break,trend_aligned,development,1,230,51.30434782608695,"[44.876435028944805, 57.68940441108641]",49.409748667174405,9.538863369900623,-10.461136630099377
LTC,inside_bar_up_break,trend_aligned,development,2,230,49.56521739130435,"[43.16396855314122, 55.980751633515055]",49.06702208682407,12.550337024015569,-7.449662975984432
LTC,inside_bar_up_break,trend_aligned,development,3,230,56.95652173913044,"[50.494909658841024, 63.18956735465873]",49.23838537699924,20.68351940682689,0.6835194068268877
LTC,inside_bar_up_break,trend_aligned,final_exploratory,1,69,53.6231884057971,"[41.97820076036184, 64.88600870236277]",49.190064794816415,-3.071930914410997,-23.071930914411
LTC,inside_bar_up_break,trend_aligned,final_exploratory,2,69,46.3768115942029,"[35.113991297637234, 58.02179923963817]",48.056155507559396,-13.992351102212728,-33.99235110221273
LTC,inside_bar_up_break,trend_aligned,final_exploratory,3,69,50.72463768115942,"[39.205066383648344, 62.167775508896575]",48.86609071274298,-8.804068759701831,-28.80406875970183
LTC,inside_bar_up_break,range,development,1,225,49.77777777777778,"[43.30330797703921, 56.25970853744068]",49.37965260545906,6.939947031106956,-13.060052968893045
LTC,inside_bar_up_break,range,development,2,225,49.77777777777778,"[43.30330797703921, 56.25970853744068]",49.64330024813896,4.6688543524523825,-15.331145647547617
LTC,inside_bar_up_break,range,development,3,225,45.333333333333336,"[38.961212633347564, 51.86213417073]",49.55024813895781,5.550804238234476,-14.449195761765525
LTC,inside_bar_up_break,range,final_exploratory,1,63,53.96825396825397,"[41.78903692159612, 65.6913345835743]",49.75149105367793,6.704666881224233,-13.295333118775767
LTC,inside_bar_up_break,range,final_exploratory,2,63,44.44444444444444,"[32.84690053363267, 56.680579359128714]",50.37294878170064,5.50179210207273,-14.49820789792727
LTC,inside_bar_up_break,range,final_exploratory,3,63,49.20634920634921,"[37.26660281435346, 61.23732288461243]",50.099502487562184,8.216043881403952,-11.783956118596048
LTC,inside_bar_down_break,all,development,1,676,48.5207100591716,"[44.772138924982706, 52.28599932369169]",49.13057742782152,4.756415412569088,-15.243584587430913
LTC,inside_bar_down_break,all,development,2,676,48.5207100591716,"[44.772138924982706, 52.28599932369169]",49.01574803149607,2.7160940135030414,-17.28390598649696
LTC,inside_bar_down_break,all,development,3,676,46.74556213017752,"[43.01331087612322, 50.514593270960454]",48.68766404199475,-3.847638013677199,-23.847638013677198
LTC,inside_bar_down_break,all,final_exploratory,1,215,47.906976744186046,"[41.32480042741683, 54.5626359649327]",48.327957901884226,5.029203592838461,-14.970796407161538
LTC,inside_bar_down_break,all,final_exploratory,2,215,46.04651162790697,"[39.5116661284975, 52.72015816816273]",48.62478777589134,1.9631573205342936,-18.036842679465707
LTC,inside_bar_down_break,all,final_exploratory,3,215,48.372093023255815,"[41.77949763281722, 55.02184178345464]",48.717948717948715,-1.3374983942489245,-21.33749839424892
LTC,inside_bar_down_break,trend_aligned,development,1,221,50.678733031674206,"[44.13209395260507, 57.20217870868181]",48.24933270529125,14.544901333969623,-5.455098666030378
LTC,inside_bar_down_break,trend_aligned,development,2,221,50.678733031674206,"[44.13209395260507, 57.20217870868181]",47.464280106767156,14.903653763628865,-5.096346236371135
LTC,inside_bar_down_break,trend_aligned,development,3,221,47.05882352941177,"[40.58456521601354, 53.633586585076664]",46.34950541686293,-0.4417933397028647,-20.441793339702865
LTC,inside_bar_down_break,trend_aligned,final_exploratory,1,73,56.16438356164384,"[44.75757167181133, 66.95483410839105]",48.59398125308337,12.427480312026804,-7.572519687973197
LTC,inside_bar_down_break,trend_aligned,final_exploratory,2,73,50.68493150684932,"[39.472044284713675, 61.82933413530882]",46.96595954612729,12.070585423127303,-7.929414576872698
LTC,inside_bar_down_break,trend_aligned,final_exploratory,3,73,53.42465753424658,"[42.0987449723941, 64.40814712771832]",47.804637395165265,4.410224977657147,-15.589775022342854
LTC,inside_bar_down_break,range,development,1,243,46.09053497942387,"[39.932585534228906, 52.3701705652292]",49.65880893300248,0.1048715220666295,-19.89512847793337
LTC,inside_bar_down_break,range,development,2,243,43.20987654320987,"[37.13484228743567, 49.49626041162315]",49.61228287841191,1.722294152128549,-18.277705847871452
LTC,inside_bar_down_break,range,development,3,243,44.03292181069959,"[37.9320787053516, 50.3194963938213]",49.79838709677419,3.0519434870981335,-16.948056512901868
LTC,inside_bar_down_break,range,final_exploratory,1,70,42.857142857142854,"[31.935124886212545, 54.52237332617722]",47.61431411530815,5.578180490869333,-14.421819509130666
LTC,inside_bar_down_break,range,final_exploratory,2,70,38.57142857142857,"[28.047517785454172, 50.28447935436945]",48.334162108403774,-0.7533608721839962,-20.753360872183997
LTC,inside_bar_down_break,range,final_exploratory,3,70,45.714285714285715,"[34.5725523240816, 57.30194660335225]",48.407960199004975,1.25293204163763,-18.747067958362372
LTC,three_bar_up_reversal,all,development,1,441,42.857142857142854,"[38.31959886675514, 47.51805660431591]",49.857830271216095,-11.49780784123829,-31.497807841238288
LTC,three_bar_up_reversal,all,development,2,441,43.764172335600904,"[39.207514867316995, 48.42853355980853]",50.267935258092734,-13.648186798272974,-33.648186798272974
LTC,three_bar_up_reversal,all,development,3,441,43.764172335600904,"[39.207514867316995, 48.42853355980853]",50.73272090988626,-14.863854980814617,-34.863854980814615
LTC,three_bar_up_reversal,all,final_exploratory,1,132,46.96969696969697,"[38.662084214673214, 55.448703644127036]",49.66898658971312,0.7180910609237491,-19.281908939076253
LTC,three_bar_up_reversal,all,final_exploratory,2,131,48.091603053435115,"[39.71249733448441, 56.57944817787972]",50.169779286926996,6.720932048049673,-13.27906795195033
LTC,three_bar_up_reversal,all,final_exploratory,3,131,51.14503816793893,"[42.67511692343854, 59.54971576914298]",49.9745287824758,0.15883068115354998,-19.84116931884645
LTC,three_bar_up_reversal,trend_aligned,development,1,119,37.81512605042017,"[29.61223799633842, 46.780124200181326]",49.409748667174405,-24.325988019844154,-44.32598801984416
LTC,three_bar_up_reversal,trend_aligned,development,2,119,41.1764705882353,"[32.744744181799824, 50.16006982257654]",49.06702208682407,-21.04262458097516,-41.04262458097516
LTC,three_bar_up_reversal,trend_aligned,development,3,119,45.378151260504204,"[36.71730228743812, 54.32807647675902]",49.23838537699924,-19.446628716925453,-39.44662871692545
LTC,three_bar_up_reversal,trend_aligned,final_exploratory,1,39,35.8974358974359,"[22.741884696491105, 51.5821368153105]",49.190064794816415,-7.587509601808398,-27.587509601808396
LTC,three_bar_up_reversal,trend_aligned,final_exploratory,2,39,43.58974358974359,"[29.30452416170466, 59.02457652547789]",48.056155507559396,9.348838771371183,-10.651161228628819
LTC,three_bar_up_reversal,trend_aligned,final_exploratory,3,39,46.15384615384615,"[31.56664723404835, 61.43081317826119]",48.86609071274298,-8.082892003531633,-28.082892003531633
LTC,three_bar_up_reversal,range,development,1,143,45.45454545454545,"[37.51880921668999, 53.6281137261273]",49.37965260545906,-10.10183702515308,-30.101837025153078
LTC,three_bar_up_reversal,range,development,2,143,41.95804195804196,"[34.18368846811589, 50.15317519994549]",49.64330024813896,-23.81609329275984,-43.816093292759845
LTC,three_bar_up_reversal,range,development,3,143,42.65734265734266,"[34.847549154638266, 50.85132636837428]",49.55024813895781,-26.756565169789386,-46.75656516978939
LTC,three_bar_up_reversal,range,final_exploratory,1,55,54.54545454545455,"[41.52246134836049, 66.9749282535538]",49.75149105367793,12.225244840730348,-7.774755159269653
LTC,three_bar_up_reversal,range,final_exploratory,2,54,51.851851851851855,"[38.85147504846543, 64.60624396345678]",50.37294878170064,10.651377366468916,-9.348622633531084
LTC,three_bar_up_reversal,range,final_exploratory,3,54,59.25925925925926,"[45.966610248851524, 71.32198481075955]",50.099502487562184,7.161487815714935,-12.838512184285065
LTC,three_bar_down_reversal,all,development,1,397,47.3551637279597,"[42.49244521415605, 52.26857759385588]",49.13057742782152,1.3949886425614861,-18.605011357438514
LTC,three_bar_down_reversal,all,development,2,397,47.858942065491185,"[42.98905503079366, 52.769868194739814]",49.01574803149607,-5.393714620691935,-25.393714620691934
LTC,three_bar_down_reversal,all,development,3,397,45.84382871536524,"[41.00558464628599, 50.76173690916133]",48.68766404199475,-5.614791513795887,-25.614791513795886
LTC,three_bar_down_reversal,all,final_exploratory,1,119,47.89915966386555,"[39.13036522440084, 56.79935239568877]",48.327957901884226,-0.7332082965184998,-20.733208296518498
LTC,three_bar_down_reversal,all,final_exploratory,2,119,47.05882352941177,"[38.323576373558964, 55.978028294566485]",48.62478777589134,5.871257265485339,-14.128742734514661
LTC,three_bar_down_reversal,all,final_exploratory,3,119,52.10084033613445,"[43.20064760431123, 60.86963477559917]",48.717948717948715,-2.725089050300798,-22.7250890503008
LTC,three_bar_down_reversal,trend_aligned,development,1,134,44.776119402985074,"[36.619006523615575, 53.22440794632676]",48.24933270529125,0.12477309318909582,-19.8752269068109
LTC,three_bar_down_reversal,trend_aligned,development,2,134,44.776119402985074,"[36.619006523615575, 53.22440794632676]",47.464280106767156,2.61630718393273,-17.38369281606727
LTC,three_bar_down_reversal,trend_aligned,development,3,134,44.02985074626866,"[35.907177107087364, 52.48529657284672]",46.34950541686293,0.6760919817667406,-19.32390801823326
LTC,three_bar_down_reversal,trend_aligned,final_exploratory,1,44,45.45454545454545,"[31.705007786853614, 59.9340678293465]",48.59398125308337,-3.8074988923583235,-23.80749889235832
LTC,three_bar_down_reversal,trend_aligned,final_exploratory,2,44,45.45454545454545,"[31.705007786853614, 59.9340678293465]",46.96595954612729,-1.1396467009616718,-21.139646700961674
LTC,three_bar_down_reversal,trend_aligned,final_exploratory,3,44,47.72727272727273,"[33.75475794427176, 62.0647798638283]",47.804637395165265,-4.039041089067224,-24.039041089067222
LTC,three_bar_down_reversal,range,development,1,150,50.666666666666664,"[42.74957452416098, 58.55046395697807]",49.65880893300248,12.292723583292046,-7.707276416707954
LTC,three_bar_down_reversal,range,development,2,150,48.0,"[40.15497821637989, 55.944906340202984]",49.61228287841191,1.1109635096883268,-18.88903649031167
LTC,three_bar_down_reversal,range,development,3,150,42.666666666666664,"[35.03195687405146, 50.66761983341909]",49.79838709677419,-4.953171752782315,-24.953171752782314
LTC,three_bar_down_reversal,range,final_exploratory,1,36,47.22222222222222,"[31.985792907209337, 62.99432837306054]",47.61431411530815,5.756183747520319,-14.243816252479682
LTC,three_bar_down_reversal,range,final_exploratory,2,36,38.888888888888886,"[24.784655417822943, 55.13582970325652]",48.334162108403774,11.00913616253116,-8.99086383746884
LTC,three_bar_down_reversal,range,final_exploratory,3,36,52.77777777777778,"[37.00567162693947, 68.01420709279067]",48.407960199004975,3.811747084186412,-16.18825291581359
LTC,doji_follow_previous_direction,all,development,1,2288,45.80419580419581,"[43.771362002579394, 47.85109567512398]",46.80118110236221,-1.4613809270556395,-21.46138092705564
LTC,doji_follow_previous_direction,all,development,2,2288,44.93006993006993,"[42.90202621693914, 46.97511014361911]",47.0909886264217,-1.6749807646842974,-21.674980764684296
LTC,doji_follow_previous_direction,all,development,3,2288,45.49825174825175,"[43.46702252022631, 47.54457269647628]",47.56124234470691,-1.2045839177863076,-21.20458391778631
LTC,doji_follow_previous_direction,all,final_exploratory,1,740,40.810810810810814,"[37.325917790926276, 44.390619708455326]",44.8989984722458,0.3287271447311581,-19.671272855268843
LTC,doji_follow_previous_direction,all,final_exploratory,2,740,42.567567567567565,"[39.05242909132254, 46.159476239059636]",46.24787775891341,0.08919778933422742,-19.910802210665775
LTC,doji_follow_previous_direction,all,final_exploratory,3,739,43.843031123139376,"[40.30644031762235, 47.443303369322486]",47.18967566649686,5.318809635511653,-14.681190364488348
LTC,doji_follow_previous_direction,trend_aligned,development,1,656,46.646341463414636,"[42.859305118347066, 50.4724278308941]",46.44933920704845,-6.971092687055048,-26.971092687055048
LTC,doji_follow_previous_direction,trend_aligned,development,2,656,44.81707317073171,"[41.05257771772484, 48.641918658375126]",46.13215859030837,-8.55521807835125,-28.55521807835125
LTC,doji_follow_previous_direction,trend_aligned,development,3,656,44.96951219512195,"[41.202942020180764, 48.79465740368097]",45.74449339207048,-10.59017998838959,-30.590179988389593
LTC,doji_follow_previous_direction,trend_aligned,final_exploratory,1,204,49.01960784313726,"[42.24134520205286, 55.83411226170798]",45.063025210084035,3.173020204671179,-16.82697979532882
LTC,doji_follow_previous_direction,trend_aligned,final_exploratory,2,204,48.529411764705884,"[41.76181329481942, 55.35137290082187]",44.85294117647059,1.2431711367944347,-18.756828863205566
LTC,doji_follow_previous_direction,trend_aligned,final_exploratory,3,204,53.92156862745098,"[47.071971311764486, 60.62619883319205]",46.90126050420168,17.435120868558474,-2.5648791314415242
LTC,doji_follow_previous_direction,range,development,1,783,45.721583652618136,"[42.26154890704332, 49.2233954578708]",46.727667493796524,-0.6463441952723052,-20.646344195272306
LTC,doji_follow_previous_direction,range,development,2,783,44.95530012771392,"[41.50399587865821, 48.45586389489724]",46.88275434243176,-0.4361541872804405,-20.43615418728044
LTC,doji_follow_previous_direction,range,development,3,783,46.23243933588761,"[42.767043138267184, 49.734624287552705]",47.78225806451613,1.3330980773790237,-18.666901922620976
LTC,doji_follow_previous_direction,range,final_exploratory,1,273,39.56043956043956,"[33.94336214669213, 45.467246663544486]",45.97415506958251,-2.3251325050044755,-22.325132505004476
LTC,doji_follow_previous_direction,range,final_exploratory,2,273,39.56043956043956,"[33.94336214669213, 45.467246663544486]",46.59373446046743,-2.0825834878642633,-22.082583487864262
LTC,doji_follow_previous_direction,range,final_exploratory,3,272,38.60294117647059,"[33.01420758462381, 44.509124646627754]",47.3134328358209,-2.0501506922496437,-22.050150692249645
TRX,bullish_engulfing,all,development,1,2241,51.67336010709505,"[49.60325939318358, 53.73773357487261]",52.50437445319335,2.899051350075487,-17.100948649924515
TRX,bullish_engulfing,all,development,2,2241,51.71798304328425,"[49.64786849757838, 53.78221761629263]",53.08398950131233,4.370788719882352,-15.62921128011765
TRX,bullish_engulfing,all,development,3,2241,53.27978580990629,"[51.21022642656994, 55.33811979082017]",53.056649168853895,4.392613449298719,-15.607386550701282
TRX,bullish_engulfing,all,final_exploratory,1,700,48.714285714285715,"[45.02858843318961, 52.41401797143326]",49.94058733661518,0.23865247145637664,-19.761347528543624
TRX,bullish_engulfing,all,final_exploratory,2,700,52.57142857142857,"[48.86832560363567, 56.246461587118624]",51.103565365025474,2.324741644569271,-17.675258355430728
TRX,bullish_engulfing,all,final_exploratory,3,699,53.50500715307582,"[49.79833687711429, 57.173362009235085]",51.536763457293254,2.2214571544526875,-17.778542845547314
TRX,bullish_engulfing,trend_aligned,development,1,905,52.26519337016575,"[49.00820408572426, 55.503033075954946]",52.89402173913044,5.999723412438521,-14.00027658756148
TRX,bullish_engulfing,trend_aligned,development,2,905,52.04419889502763,"[48.787526611876366, 55.283589851102455]",53.55978260869565,7.0151289341051095,-12.984871065894891
TRX,bullish_engulfing,trend_aligned,development,3,905,53.70165745856354,"[50.44415576343001, 56.92786593980189]",53.01630434782608,8.936837908627444,-11.063162091372556
TRX,bullish_engulfing,trend_aligned,final_exploratory,1,283,50.53003533568904,"[44.73690337033356, 56.30897003157189]",49.24242424242424,1.1458500008447443,-18.854149999155254
TRX,bullish_engulfing,trend_aligned,final_exploratory,2,283,56.53710247349823,"[50.71219814913006, 62.186907141037054]",51.515151515151516,5.1388292869363426,-14.861170713063657
TRX,bullish_engulfing,trend_aligned,final_exploratory,3,283,55.830388692579504,"[50.0048933973561, 61.499714023603744]",51.09427609427609,5.445043052704586,-14.554956947295414
TRX,bullish_engulfing,range,development,1,577,51.646447140381284,"[47.571468931154385, 55.699646636325625]",53.06836902800659,0.02657647756078775,-19.973423522439212
TRX,bullish_engulfing,range,development,2,577,49.393414211438476,"[45.331443919537485, 53.46340823981198]",52.34761120263591,2.2537798217223726,-17.74622017827763
TRX,bullish_engulfing,range,development,3,577,53.03292894280762,"[48.954028363729535, 57.07171083952311]",52.80065897858319,0.7625937682973182,-19.237406231702682
TRX,bullish_engulfing,range,final_exploratory,1,223,50.224215246636774,"[43.71372338944043, 56.72711285928996]",50.797872340425535,0.46056886823690063,-19.5394311317631
TRX,bullish_engulfing,range,final_exploratory,2,223,52.91479820627803,"[46.36955476763314, 59.36131646586196]",51.19744544970729,1.8474923468273912,-18.15250765317261
TRX,bullish_engulfing,range,final_exploratory,3,222,59.909909909909906,"[53.34733647056639, 66.13534519658438]",52.23642172523961,3.257428507818711,-16.742571492181288
TRX,bearish_engulfing,all,development,1,2168,46.54059040590406,"[44.448871868029684, 48.644547099541434]",46.52777777777778,0.028219522554828222,-19.971780477445172
TRX,bearish_engulfing,all,development,2,2168,46.586715867158674,"[44.49478233809703, 48.690724376573144]",46.28171478565179,0.2974447348796589,-19.702555265120342
TRX,bearish_engulfing,all,development,3,2168,46.586715867158674,"[44.49478233809703, 48.690724376573144]",46.44028871391076,-0.8580405897956902,-20.858040589795692
TRX,bearish_engulfing,all,final_exploratory,1,672,46.57738095238095,"[42.83595514080719, 50.357716275690414]",47.207604820913254,-1.0861299742599877,-21.086129974259986
TRX,bearish_engulfing,all,final_exploratory,2,672,48.36309523809524,"[44.60473642535241, 52.14006294775516]",47.164685908319186,-0.01438358944053483,-20.014383589440538
TRX,bearish_engulfing,all,final_exploratory,3,672,48.80952380952381,"[45.047680809565406, 52.584900552694634]",47.15571404313126,-0.14811682423319894,-20.148116824233202
TRX,bearish_engulfing,trend_aligned,development,1,659,48.861911987860395,"[45.063029063020934, 52.67398683942092]",47.291987015205876,2.19325606305777,-17.80674393694223
TRX,bearish_engulfing,trend_aligned,development,2,659,46.28224582701062,"[42.50780905830519, 50.09977622300485]",46.16436015718435,2.713301545366958,-17.286698454633044
TRX,bearish_engulfing,trend_aligned,development,3,659,45.371775417298934,"[41.60838703118691, 49.18881097207661]",46.16436015718435,2.3087735510440064,-17.691226448955994
TRX,bearish_engulfing,trend_aligned,final_exploratory,1,189,45.5026455026455,"[38.56318105066201, 52.621293668485734]",47.706422018348626,-0.23608358654448355,-20.23608358654448
TRX,bearish_engulfing,trend_aligned,final_exploratory,2,189,50.264550264550266,"[43.20228605025087, 57.3162742603875]",47.584097859327215,1.460213043560524,-18.539786956439478
TRX,bearish_engulfing,trend_aligned,final_exploratory,3,189,50.264550264550266,"[43.20228605025087, 57.3162742603875]",47.522935779816514,3.6302705491493668,-16.369729450850635
TRX,bearish_engulfing,range,development,1,612,44.44444444444444,"[40.554359021228976, 48.40384061971765]",46.02553542009885,-0.8727782684856055,-20.872778268485607
TRX,bearish_engulfing,range,development,2,612,47.87581699346405,"[43.943570382420326, 51.83456477441221]",47.05518945634267,-0.6445906356577538,-20.644590635657753
TRX,bearish_engulfing,range,development,3,612,47.38562091503268,"[43.458257332121455, 51.345601322441645]",46.725700164744644,-4.1205368353038185,-24.12053683530382
TRX,bearish_engulfing,range,final_exploratory,1,228,43.85964912280702,"[37.57308972878921, 50.34969893381491]",46.27659574468085,-1.6776574584940467,-21.677657458494046
TRX,bearish_engulfing,range,final_exploratory,2,228,46.49122807017544,"[40.12875959334216, 52.96997678528877]",46.99308142629058,-1.4343332573526122,-21.434333257352613
TRX,bearish_engulfing,range,final_exploratory,3,228,46.05263157894737,"[39.70158185577866, 52.53449657018112]",46.59211927582535,-2.13193530244454,-22.13193530244454
TRX,lower_wick_rejection,all,development,1,1452,52.47933884297521,"[49.90751022575598, 55.038082756337694]",52.50437445319335,1.0666309355791337,-18.93336906442087
TRX,lower_wick_rejection,all,development,2,1452,51.65289256198347,"[49.08149352881382, 54.21556845924861]",53.08398950131233,1.7184789075101876,-18.281521092489815
TRX,lower_wick_rejection,all,development,3,1452,50.68870523415978,"[48.11869336690506, 53.25508246145429]",53.056649168853895,1.1576619325902489,-18.842338067409752
TRX,lower_wick_rejection,all,final_exploratory,1,414,51.690821256038646,"[46.88374763566296, 56.466804343843144]",49.94058733661518,1.8582868711652638,-18.141713128834738
TRX,lower_wick_rejection,all,final_exploratory,2,414,57.2463768115942,"[52.43565760478519, 61.923850878812424]",51.103565365025474,3.6855997036970316,-16.31440029630297
TRX,lower_wick_rejection,all,final_exploratory,3,414,56.76328502415459,"[51.95051401695125, 61.45169390107317]",51.536763457293254,3.908006207670977,-16.091993792329024
TRX,lower_wick_rejection,trend_aligned,development,1,595,53.109243697478995,"[49.09229749040699, 57.08629798459006]",52.89402173913044,2.1543637010787573,-17.845636298921242
TRX,lower_wick_rejection,trend_aligned,development,2,595,51.09243697478992,"[47.08167778682255, 55.089180082770994]",53.55978260869565,4.02186073220013,-15.97813926779987
TRX,lower_wick_rejection,trend_aligned,development,3,595,51.9327731092437,"[47.918647195727665, 55.92210134278402]",53.01630434782608,5.887565681846396,-14.112434318153603
TRX,lower_wick_rejection,trend_aligned,final_exploratory,1,165,46.666666666666664,"[39.21690859511836, 54.26810931515966]",49.24242424242424,1.7622987154205012,-18.2377012845795
TRX,lower_wick_rejection,trend_aligned,final_exploratory,2,165,56.96969696969697,"[49.341069856310725, 64.28116542219884]",51.515151515151516,2.7264500356792274,-17.273549964320775
TRX,lower_wick_rejection,trend_aligned,final_exploratory,3,165,58.18181818181818,"[50.552995156218884, 65.43832451855322]",51.09427609427609,2.7594700778600143,-17.240529922139988
TRX,lower_wick_rejection,range,development,1,400,50.0,"[45.12336165999552, 54.87663834000448]",53.06836902800659,-1.20923612278154,-21.209236122781544
TRX,lower_wick_rejection,range,development,2,400,50.75,"[45.8667706127959, 55.61896042630459]",52.34761120263591,0.23204891601671387,-19.767951083983284
TRX,lower_wick_rejection,range,development,3,400,48.25,"[43.39296820630707, 53.14032603579181]",52.80065897858319,-5.201614558392682,-25.20161455839268
TRX,lower_wick_rejection,range,final_exploratory,1,144,52.083333333333336,"[43.97615166371159, 60.082245972677626]",50.797872340425535,1.46695300467929,-18.53304699532071
TRX,lower_wick_rejection,range,final_exploratory,2,144,56.25,"[48.08929845318485, 64.08589445598278]",51.19744544970729,3.6644911039263426,-16.33550889607366
TRX,lower_wick_rejection,range,final_exploratory,3,144,56.25,"[48.08929845318485, 64.08589445598278]",52.23642172523961,4.268149548163871,-15.731850451836129
TRX,upper_wick_rejection,all,development,1,1152,45.3125,"[42.458182246114234, 48.197976867729736]",46.52777777777778,0.444368979696542,-19.55563102030346
TRX,upper_wick_rejection,all,development,2,1152,46.267361111111114,"[43.405233348847794, 49.154300760324254]",46.28171478565179,-0.39947479773778727,-20.39947479773779
TRX,upper_wick_rejection,all,development,3,1152,45.65972222222222,"[42.80244190764404, 48.54585356813741]",46.44028871391076,-1.1811090775591881,-21.18110907755919
TRX,upper_wick_rejection,all,final_exploratory,1,378,46.03174603174603,"[41.07217372675127, 51.07116529131276]",47.207604820913254,0.09046145664479216,-19.909538543355207
TRX,upper_wick_rejection,all,final_exploratory,2,378,47.354497354497354,"[42.37291100265142, 52.38931500939128]",47.164685908319186,0.9624296051909466,-19.037570394809055
TRX,upper_wick_rejection,all,final_exploratory,3,378,48.148148148148145,"[43.15502930676885, 53.178528901661025]",47.15571404313126,0.40421618704203166,-19.595783812957972
TRX,upper_wick_rejection,trend_aligned,development,1,394,47.20812182741117,"[42.32939784017238, 52.140763148522616]",47.291987015205876,0.6207765437126042,-19.379223456287395
TRX,upper_wick_rejection,trend_aligned,development,2,394,46.954314720812185,"[42.07948582297225, 51.887962528331386]",46.16436015718435,-0.038573776695222245,-20.038573776695223
TRX,upper_wick_rejection,trend_aligned,development,3,394,42.89340101522843,"[38.098145984764244, 47.82590016827757]",46.16436015718435,-4.810231219408162,-24.810231219408163
TRX,upper_wick_rejection,trend_aligned,final_exploratory,1,118,45.76271186440678,"[37.04897254617516, 54.74365000638488]",47.706422018348626,-0.30427301492791664,-20.304273014927915
TRX,upper_wick_rejection,trend_aligned,final_exploratory,2,118,47.45762711864407,"[38.67064050210384, 56.40493302943217]",47.584097859327215,1.7481751272004287,-18.25182487279957
TRX,upper_wick_rejection,trend_aligned,final_exploratory,3,118,45.76271186440678,"[37.04897254617516, 54.74365000638488]",47.522935779816514,0.688865733912889,-19.311134266087112
TRX,upper_wick_rejection,range,development,1,294,44.5578231292517,"[38.982820212027825, 50.27321386783208]",46.02553542009885,-0.8286516683554538,-20.828651668355455
TRX,upper_wick_rejection,range,development,2,294,47.95918367346939,"[42.31168045207047, 53.65933232787701]",47.05518945634267,0.9384287622312247,-19.061571237768774
TRX,upper_wick_rejection,range,development,3,294,45.57823129251701,"[39.97872818482114, 51.291799505065036]",46.725700164744644,2.202161611088755,-17.797838388911245
TRX,upper_wick_rejection,range,final_exploratory,1,127,44.09448818897638,"[35.758598499665624, 52.77715771242594]",46.27659574468085,-1.0996628465453817,-21.09966284654538
TRX,upper_wick_rejection,range,final_exploratory,2,127,45.669291338582674,"[37.260213016613264, 54.3326748722539]",46.99308142629058,-2.8178180770029617,-22.81781807700296
TRX,upper_wick_rejection,range,final_exploratory,3,127,47.24409448818898,"[38.770169986669714, 55.87984957897301]",46.59211927582535,-3.8041891238336096,-23.804189123833613
TRX,inside_bar_up_break,all,development,1,849,49.352179034157835,"[45.999609847419734, 52.7105844020165]",52.50437445319335,0.9674358989716682,-19.03256410102833
TRX,inside_bar_up_break,all,development,2,849,51.3545347467609,"[47.9938916858103, 54.70297488355029]",53.08398950131233,1.9268719004574375,-18.073128099542565
TRX,inside_bar_up_break,all,development,3,849,49.58775029446407,"[46.233953127122504, 52.94526139524602]",53.056649168853895,0.19298695493711973,-19.807013045062877
TRX,inside_bar_up_break,all,final_exploratory,1,253,49.80237154150198,"[43.690417750734845, 55.92023722104543]",49.94058733661518,-0.009463036500650397,-20.00946303650065
TRX,inside_bar_up_break,all,final_exploratory,2,253,56.52173913043478,"[50.360692233834406, 62.48769369741659]",51.103565365025474,2.9470629054847426,-17.052937094515258
TRX,inside_bar_up_break,all,final_exploratory,3,253,56.126482213438734,"[49.965276487253014, 62.10441938755853]",51.536763457293254,4.633800208269867,-15.366199791730134
TRX,inside_bar_up_break,trend_aligned,development,1,345,50.14492753623188,"[44.89634273725363, 55.390320321280676]",52.89402173913044,0.9128694318482662,-19.087130568151736
TRX,inside_bar_up_break,trend_aligned,development,2,345,52.46376811594203,"[47.195929075259976, 57.6773429198232]",53.55978260869565,0.3316880227061967,-19.6683119772938
TRX,inside_bar_up_break,trend_aligned,development,3,345,49.56521739130435,"[44.32319101500822, 54.816819809388875]",53.01630434782608,0.7586975989410841,-19.241302401058917
TRX,inside_bar_up_break,trend_aligned,final_exploratory,1,111,45.945945945945944,"[36.96581251274361, 55.19730607842893]",49.24242424242424,-1.5572108219724206,-21.557210821972422
TRX,inside_bar_up_break,trend_aligned,final_exploratory,2,111,54.054054054054056,"[44.80269392157108, 63.034187487256396]",51.515151515151516,2.091509238901499,-17.908490761098502
TRX,inside_bar_up_break,trend_aligned,final_exploratory,3,111,52.252252252252255,"[43.04103594871583, 61.31278705618831]",51.09427609427609,3.8312832494397346,-16.168716750560264
TRX,inside_bar_up_break,range,development,1,226,50.442477876106196,"[43.971176200795504, 56.89898829510079]",53.06836902800659,3.931742433578649,-16.06825756642135
TRX,inside_bar_up_break,range,development,2,226,51.32743362831859,"[44.84333218744365, 57.76716130024526]",52.34761120263591,5.931974404433839,-14.068025595566162
TRX,inside_bar_up_break,range,development,3,226,52.21238938053097,"[45.717481507245935, 58.6333409722356]",52.80065897858319,3.6516980178146374,-16.34830198218536
TRX,inside_bar_up_break,range,final_exploratory,1,77,49.35064935064935,"[38.48283063647114, 60.28018246569409]",50.797872340425535,-0.25982069957894605,-20.259820699578945
TRX,inside_bar_up_break,range,final_exploratory,2,77,54.54545454545455,"[43.472886644893926, 65.18602163994952]",51.19744544970729,-0.07385656996063338,-20.073856569960636
TRX,inside_bar_up_break,range,final_exploratory,3,77,55.84415584415584,"[44.73803679096196, 66.39484528955104]",52.23642172523961,1.9838745750624762,-18.016125424937524
TRX,inside_bar_down_break,all,development,1,705,47.09219858156028,"[43.43327516420216, 50.78263992881721]",46.52777777777778,0.7918698562616244,-19.208130143738376
TRX,inside_bar_down_break,all,development,2,705,47.09219858156028,"[43.43327516420216, 50.78263992881721]",46.28171478565179,0.6259565836083374,-19.374043416391665
TRX,inside_bar_down_break,all,development,3,705,47.801418439716315,"[44.13599621381118, 51.49067129554492]",46.44028871391076,-0.8635627827861729,-20.863562782786172
TRX,inside_bar_down_break,all,final_exploratory,1,198,52.02020202020202,"[45.08931647631492, 58.87418757834973]",47.207604820913254,2.5914319906829757,-17.408568009317026
TRX,inside_bar_down_break,all,final_exploratory,2,198,53.03030303030303,"[46.08710555640967, 59.85815052558729]",47.164685908319186,2.752900973159705,-17.247099026840296
TRX,inside_bar_down_break,all,final_exploratory,3,198,48.98989898989899,"[42.11254392166273, 55.905704051004946]",47.15571404313126,-0.0889598729544496,-20.08895987295445
TRX,inside_bar_down_break,trend_aligned,development,1,216,49.074074074074076,"[42.48182917185386, 55.698678975830674]",47.291987015205876,3.718709051354141,-16.281290948645857
TRX,inside_bar_down_break,trend_aligned,development,2,216,44.907407407407405,"[38.42062910230312, 51.57216570996172]",46.16436015718435,-0.2822460542550607,-20.28224605425506
TRX,inside_bar_down_break,trend_aligned,development,3,216,44.907407407407405,"[38.42062910230312, 51.57216570996172]",46.16436015718435,-4.675295738891589,-24.675295738891588
TRX,inside_bar_down_break,trend_aligned,final_exploratory,1,50,46.0,"[32.96943460178263, 59.601365671611916]",47.706422018348626,0.011549447977121652,-19.98845055202288
TRX,inside_bar_down_break,trend_aligned,final_exploratory,2,50,46.0,"[32.96943460178263, 59.601365671611916]",47.584097859327215,-0.8383886893222003,-20.8383886893222
TRX,inside_bar_down_break,trend_aligned,final_exploratory,3,50,50.0,"[36.64428641233285, 63.35571358766714]",47.522935779816514,-3.6239297553700474,-23.62392975537005
TRX,inside_bar_down_break,range,development,1,171,46.198830409356724,"[38.89186720910832, 53.67283135233243]",46.02553542009885,2.037278588176157,-17.962721411823843
TRX,inside_bar_down_break,range,development,2,171,48.538011695906434,"[41.161774994114246, 55.97849368336296]",47.05518945634267,-1.5422898075905154,-21.542289807590514
TRX,inside_bar_down_break,range,development,3,171,49.707602339181285,"[42.30269217010652, 57.12536156538891]",46.725700164744644,-5.0880403134271575,-25.088040313427157
TRX,inside_bar_down_break,range,final_exploratory,1,66,46.96969696969697,"[35.430230971911904, 58.84252337506756]",46.27659574468085,1.1673364471744965,-18.832663552825505
TRX,inside_bar_down_break,range,final_exploratory,2,66,51.515151515151516,"[39.710384843935756, 63.15323798257452]",46.99308142629058,-0.36037597416641953,-20.36037597416642
TRX,inside_bar_down_break,range,final_exploratory,3,66,40.90909090909091,"[29.867234579227308, 52.95102846171105]",46.59211927582535,-1.1535345046098655,-21.153534504609866
TRX,three_bar_up_reversal,all,development,1,427,54.332552693208434,"[49.59015961511619, 58.99768334155282]",52.50437445319335,0.6728540333803048,-19.327145966619696
TRX,three_bar_up_reversal,all,development,2,427,55.03512880562061,"[50.292657643553696, 59.68780849527783]",53.08398950131233,3.799304670888531,-16.20069532911147
TRX,three_bar_up_reversal,all,development,3,427,55.269320843091336,"[50.52703190992003, 59.91764195629901]",53.056649168853895,3.9415439812451845,-16.058456018754814
TRX,three_bar_up_reversal,all,final_exploratory,1,142,50.0,"[41.8850590194875, 58.1149409805125]",49.94058733661518,-0.7176238677307392,-20.71762386773074
TRX,three_bar_up_reversal,all,final_exploratory,2,142,48.59154929577465,"[40.51684355909101, 56.74045477005512]",51.103565365025474,0.8720768403313602,-19.12792315966864
TRX,three_bar_up_reversal,all,final_exploratory,3,142,50.0,"[41.8850590194875, 58.1149409805125]",51.536763457293254,-0.04375009225355346,-20.043750092253553
TRX,three_bar_up_reversal,trend_aligned,development,1,152,57.23684210526316,"[49.28879663242575, 64.8281015513711]",52.89402173913044,-2.651723972397812,-22.65172397239781
TRX,three_bar_up_reversal,trend_aligned,development,2,152,56.578947368421055,"[48.63306877491429, 64.20047502853741]",53.55978260869565,1.145794119787215,-18.854205880212785
TRX,three_bar_up_reversal,trend_aligned,development,3,152,58.55263157894737,"[50.60436263488485, 66.07924430960239]",53.01630434782608,1.5841275830552615,-18.41587241694474
TRX,three_bar_up_reversal,trend_aligned,final_exploratory,1,54,53.7037037037037,"[40.60512701625496, 66.31031100758949]",49.24242424242424,-1.6217191913096376,-21.621719191309637
TRX,three_bar_up_reversal,trend_aligned,final_exploratory,2,54,50.0,"[37.11436198892329, 62.88563801107671]",51.515151515151516,1.6218715918206759,-18.378128408179325
TRX,three_bar_up_reversal,trend_aligned,final_exploratory,3,54,48.148148148148145,"[35.39375603654322, 61.14852495153457]",51.09427609427609,-1.1127560289712233,-21.112756028971226
TRX,three_bar_up_reversal,range,development,1,113,53.982300884955755,"[44.8129787057941, 62.889757306037296]",53.06836902800659,2.369913865070983,-17.63008613492902
TRX,three_bar_up_reversal,range,development,2,113,57.52212389380531,"[48.30833737524277, 66.24127509154988]",52.34761120263591,8.674004429145723,-11.325995570854278
TRX,three_bar_up_reversal,range,development,3,113,51.32743362831859,"[42.22063746832804, 60.34694120228244]",52.80065897858319,6.412990573193683,-13.587009426806317
TRX,three_bar_up_reversal,range,final_exploratory,1,32,56.25,"[39.32530203122613, 71.83491403055682]",50.797872340425535,3.373817168321816,-16.626182831678186
TRX,three_bar_up_reversal,range,final_exploratory,2,32,50.0,"[33.630614316859386, 66.36938568314062]",51.19744544970729,5.91088335262318,-14.089116647376821
TRX,three_bar_up_reversal,range,final_exploratory,3,32,65.625,"[48.31077350878594, 79.58976664567146]",52.23642172523961,7.214895328031025,-12.785104671968975
TRX,three_bar_down_reversal,all,development,1,416,46.875,"[42.13004670200306, 51.67714153279787]",46.52777777777778,0.1392467231260152,-19.860753276873982
TRX,three_bar_down_reversal,all,development,2,416,47.35576923076923,"[42.60378355133238, 52.15614495503763]",46.28171478565179,1.327023797554883,-18.672976202445117
TRX,three_bar_down_reversal,all,development,3,416,47.11538461538461,"[42.366860085321804, 51.91669828526365]",46.44028871391076,-0.3018894813593665,-20.301889481359364
TRX,three_bar_down_reversal,all,final_exploratory,1,151,50.99337748344371,"[43.094673205477655, 58.842790628530786]",47.207604820913254,1.8918982880622732,-18.108101711937728
TRX,three_bar_down_reversal,all,final_exploratory,2,151,49.66887417218543,"[41.80168316401289, 57.552495557984294]",47.164685908319186,4.189955022756967,-15.810044977243031
TRX,three_bar_down_reversal,all,final_exploratory,3,151,58.27814569536424,"[50.30316539835458, 65.84236655171568]",47.15571404313126,7.125168340105068,-12.874831659894932
TRX,three_bar_down_reversal,trend_aligned,development,1,131,48.091603053435115,"[39.71249733448441, 56.57944817787972]",47.291987015205876,1.6408826522531406,-18.35911734774686
TRX,three_bar_down_reversal,trend_aligned,development,2,131,44.274809160305345,"[36.05238999613965, 52.823446540952744]",46.16436015718435,0.3628954323313722,-19.637104567668626
TRX,three_bar_down_reversal,trend_aligned,development,3,131,44.274809160305345,"[36.05238999613965, 52.823446540952744]",46.16436015718435,-1.7601703073977493,-21.76017030739775
TRX,three_bar_down_reversal,trend_aligned,final_exploratory,1,36,44.44444444444444,"[29.54102987654314, 60.41921268399659]",47.706422018348626,-0.8504779340352048,-20.850477934035204
TRX,three_bar_down_reversal,trend_aligned,final_exploratory,2,36,47.22222222222222,"[31.985792907209337, 62.99432837306054]",47.584097859327215,9.911625585958292,-10.08837441404171
TRX,three_bar_down_reversal,trend_aligned,final_exploratory,3,36,63.888888888888886,"[47.574780390831975, 77.52461320781867]",47.522935779816514,9.08666930361093,-10.91333069638907
TRX,three_bar_down_reversal,range,development,1,99,42.42424242424242,"[33.1509474444057, 52.26351518550282]",46.02553542009885,1.2997225423072016,-18.7002774576928
TRX,three_bar_down_reversal,range,development,2,99,52.525252525252526,"[42.77913415524874, 62.08271163478176]",47.05518945634267,2.3191783548167275,-17.680821645183272
TRX,three_bar_down_reversal,range,development,3,99,50.505050505050505,"[40.82299868548984, 60.149370472516274]",46.725700164744644,-1.789105759980625,-21.789105759980625
TRX,three_bar_down_reversal,range,final_exploratory,1,47,55.319148936170215,"[41.245213738758245, 68.5892525250887]",46.27659574468085,2.9271058688880216,-17.07289413111198
TRX,three_bar_down_reversal,range,final_exploratory,2,47,55.319148936170215,"[41.245213738758245, 68.5892525250887]",46.99308142629058,4.595242935478782,-15.404757064521217
TRX,three_bar_down_reversal,range,final_exploratory,3,47,61.702127659574465,"[47.42630844397632, 74.20951733648693]",46.59211927582535,8.356170241995065,-11.643829758004935
TRX,doji_follow_previous_direction,all,development,1,2181,46.079779917469054,"[43.9965130748257, 48.17683258098752]",48.96106736657917,0.1224473173526094,-19.877552682647387
TRX,doji_follow_previous_direction,all,development,2,2181,43.7414030261348,"[41.67226554138328, 45.832549452985205]",49.239938757655295,-1.221316001627183,-21.221316001627184
TRX,doji_follow_previous_direction,all,development,3,2181,44.56671251719395,"[42.49205682081133, 46.66047487759647]",49.72659667541557,-0.7263531718405327,-20.726353171840536
TRX,doji_follow_previous_direction,all,final_exploratory,1,745,37.04697986577181,"[33.65382946445955, 40.573029727123824]",47.564080801222204,-0.689168344568614,-20.689168344568614
TRX,doji_follow_previous_direction,all,final_exploratory,2,745,36.51006711409396,"[33.130159405125845, 40.028383069010204]",48.67572156196944,0.2660924651844082,-19.73390753481559
TRX,doji_follow_previous_direction,all,final_exploratory,3,745,36.375838926174495,"[32.99931358021288, 39.892149714561334]",48.768891152997114,0.04684636256496844,-19.953153637435033
TRX,doji_follow_previous_direction,trend_aligned,development,1,777,51.351351351351354,"[47.838906391289335, 54.85049950101968]",50.59211512516863,0.27206497037515304,-19.727935029624845
TRX,doji_follow_previous_direction,trend_aligned,development,2,777,46.33204633204633,"[42.85242355497625, 49.84776045161355]",50.0824464098336,-2.781264601948089,-22.78126460194809
TRX,doji_follow_previous_direction,trend_aligned,development,3,777,49.163449163449165,"[45.66098195093395, 52.674147734779496]",50.42722230550143,-3.0356855783188594,-23.03568557831886
TRX,doji_follow_previous_direction,trend_aligned,final_exploratory,1,193,53.8860103626943,"[46.84586581545728, 60.774474600389794]",48.5655737704918,1.446108265780252,-18.55389173421975
TRX,doji_follow_previous_direction,trend_aligned,final_exploratory,2,193,49.22279792746114,"[42.25377373502497, 56.22215818180562]",50.409836065573764,1.9683795756377762,-18.031620424362224
TRX,doji_follow_previous_direction,trend_aligned,final_exploratory,3,193,46.63212435233161,"[39.72838654031984, 53.667318432612696]",49.94877049180328,3.253444547545222,-16.74655545245478
TRX,doji_follow_previous_direction,range,development,1,547,46.06946983546618,"[41.93417235832254, 50.25959078520184]",47.98187808896211,0.6464133431138566,-19.353586656886144
TRX,doji_follow_previous_direction,range,development,2,547,44.97257769652651,"[40.853111632162666, 49.16216680722897]",49.83525535420099,1.8244036143372901,-18.17559638566271
TRX,doji_follow_previous_direction,range,development,3,547,42.77879341864717,"[38.69708389608773, 46.96122513503844]",49.79406919275123,1.1860712769575557,-18.813928723042444
TRX,doji_follow_previous_direction,range,final_exploratory,1,244,34.01639344262295,"[28.36058408896599, 40.16770171938903]",47.5,-1.3382900245733822,-21.338290024573386
TRX,doji_follow_previous_direction,range,final_exploratory,2,244,36.0655737704918,"[30.299290327177573, 42.26383063395245]",49.44119212346993,-0.8356783329897151,-20.835678332989715
TRX,doji_follow_previous_direction,range,final_exploratory,3,244,37.295081967213115,"[31.468111101399522, 43.51591095139551]",49.52076677316294,-1.8843709989686706,-21.88437099896867
ZEC,bullish_engulfing,all,development,1,2246,47.640249332146034,"[45.580482795944434, 49.70807440737156]",49.40398075240595,4.002815098044433,-15.997184901955569
ZEC,bullish_engulfing,all,development,2,2246,48.30810329474622,"[46.2460792353155, 50.37590517460917]",49.332895888014,4.035769004218398,-15.964230995781602
ZEC,bullish_engulfing,all,development,3,2246,48.842386464826355,"[46.77882182540743, 50.909904349804194]",49.38210848643919,4.736352409582609,-15.26364759041739
ZEC,bullish_engulfing,all,final_exploratory,1,750,45.6,"[42.066874676880786, 49.17797039402005]",48.98998472245798,1.1581000636367231,-18.84189993636328
ZEC,bullish_engulfing,all,final_exploratory,2,750,44.93333333333333,"[41.40810790405237, 48.51019854122738]",48.87945670628183,3.099408047784459,-16.90059195221554
ZEC,bullish_engulfing,all,final_exploratory,3,750,46.4,"[42.85823771153324, 49.9784537101129]",48.734929529631515,5.681127409190219,-14.318872590809782
ZEC,bullish_engulfing,trend_aligned,development,1,852,45.070422535211264,"[41.75891607117723, 48.426183601472474]",49.50753186558517,5.4015587213849505,-14.598441278615049
ZEC,bullish_engulfing,trend_aligned,development,2,852,46.36150234741784,"[43.036794849548315, 49.71887395645503]",48.971610660486675,-0.08672129356308395,-20.086721293563087
ZEC,bullish_engulfing,trend_aligned,development,3,852,48.35680751173709,"[45.01610363447862, 51.71226292307127]",48.75434530706836,0.5162979468785551,-19.483702053121444
ZEC,bullish_engulfing,trend_aligned,final_exploratory,1,359,47.63231197771588,"[42.51830169246011, 52.796458246863274]",48.682336182336186,6.790502059837313,-13.209497940162686
ZEC,bullish_engulfing,trend_aligned,final_exploratory,2,359,47.07520891364903,"[41.97010291002268, 52.24224760325914]",48.86039886039886,10.16693312741294,-9.83306687258706
ZEC,bullish_engulfing,trend_aligned,final_exploratory,3,359,47.353760445682454,"[42.244122978575845, 52.51943224772677]",48.75356125356126,8.556173743480077,-11.443826256519923
ZEC,bullish_engulfing,range,development,1,623,49.2776886035313,"[45.36828377227128, 53.19594680846873]",49.23838537699924,3.7118265415057463,-16.288173458494253
ZEC,bullish_engulfing,range,development,2,623,48.635634028892454,"[44.731206677980204, 52.556784418973145]",49.047981721249045,8.462225005933199,-11.537774994066803
ZEC,bullish_engulfing,range,development,3,623,48.47512038523274,"[44.57203772372307, 52.39689350228362]",49.581111957349584,4.474692685521701,-15.5253073144783
ZEC,bullish_engulfing,range,final_exploratory,1,200,44.0,"[37.29770042058236, 50.9284516504375]",49.55808080808081,0.07154565669461599,-19.928454343305386
ZEC,bullish_engulfing,range,final_exploratory,2,200,43.5,"[36.8156071588974, 50.42939091804078]",48.45230574857865,7.20700555452079,-12.792994445479211
ZEC,bullish_engulfing,range,final_exploratory,3,200,46.0,"[39.23293114096125, 52.91783690638533]",48.1668773704172,5.4621155267715045,-14.537884473228495
ZEC,bearish_engulfing,all,development,1,2297,45.88593818023509,"[43.856655872424625, 47.92895857404576]",49.108705161854765,-6.374444090894486,-26.374444090894485
ZEC,bearish_engulfing,all,development,2,2297,47.235524597300824,"[45.20019272915514, 49.280087877732356]",49.666447944007,-9.394601506637782,-29.39460150663778
ZEC,bearish_engulfing,all,development,3,2297,47.757945145842406,"[45.72067271615668, 49.80270446895681]",49.74300087489063,-15.015380584735274,-35.015380584735276
ZEC,bearish_engulfing,all,final_exploratory,1,760,52.10526315789474,"[48.55192069517452, 55.63742955754801]",50.84026481072823,4.33173437826548,-15.66826562173452
ZEC,bearish_engulfing,all,final_exploratory,2,760,49.473684210526315,"[45.93064351493234, 53.022018921887025]",51.035653650254666,2.656934103996079,-17.34306589600392
ZEC,bearish_engulfing,all,final_exploratory,3,760,50.6578947368421,"[47.10900822742693, 54.20016372654886]",51.21412803532009,-2.766730276909711,-22.76673027690971
ZEC,bearish_engulfing,trend_aligned,development,1,723,47.994467496542185,"[44.372962399568486, 51.637172408345656]",48.520209707424314,4.438967574060695,-15.561032425939304
ZEC,bearish_engulfing,trend_aligned,development,2,723,46.19640387275242,"[42.5919696197409, 49.84104467113073]",48.604769152714354,-1.8557969840849975,-21.855796984085
ZEC,bearish_engulfing,trend_aligned,development,3,723,47.85615491009682,"[44.23579622735185, 51.499175463866706]",48.9091831557585,-5.409664009587466,-25.409664009587466
ZEC,bearish_engulfing,trend_aligned,final_exploratory,1,190,47.89473684210526,"[40.90371376115176, 54.96920515821332]",50.900600400266846,2.751046133296038,-17.248953866703964
ZEC,bearish_engulfing,trend_aligned,final_exploratory,2,190,42.10526315789474,"[35.30939394146314, 49.21405200615593]",50.36691127418279,-6.473839675630076,-26.473839675630078
ZEC,bearish_engulfing,trend_aligned,final_exploratory,3,190,43.1578947368421,"[36.319526218747065, 50.26746026918947]",50.70046697798533,-5.408991002428678,-25.408991002428678
ZEC,bearish_engulfing,range,development,1,648,48.91975308641975,"[45.08856764144554, 52.763671307403385]",49.31454683929932,-3.646789470618192,-23.646789470618195
ZEC,bearish_engulfing,range,development,2,648,49.22839506172839,"[45.39495437880673, 53.07093058465679]",50.03808073115004,-6.076279452818017,-26.07627945281802
ZEC,bearish_engulfing,range,development,3,648,49.53703703703704,"[45.701486567032006, 53.3780444110461]",49.31454683929932,-12.551943332315485,-32.55194333231549
ZEC,bearish_engulfing,range,final_exploratory,1,217,52.07373271889401,"[45.4486779663533, 58.626641176416896]",50.189393939393945,1.6135285365729735,-18.386471463427025
ZEC,bearish_engulfing,range,final_exploratory,2,217,51.1520737327189,"[44.53919632180342, 57.724869868624474]",51.54769425142135,1.2434101225756635,-18.756589877424336
ZEC,bearish_engulfing,range,final_exploratory,3,217,52.534562211981566,"[45.9042462777152, 59.076699341226146]",51.76991150442478,-0.9030971805835127,-20.90309718058351
ZEC,lower_wick_rejection,all,development,1,1352,47.26331360946745,"[44.613575779782934, 49.92855952569819]",49.40398075240595,2.662722491589111,-17.33727750841089
ZEC,lower_wick_rejection,all,development,2,1352,47.0414201183432,"[44.392982860590195, 49.70662287506508]",49.332895888014,-1.1042102490073262,-21.104210249007327
ZEC,lower_wick_rejection,all,development,3,1352,46.22781065088758,"[43.584592032849784, 48.89240528011068]",49.38210848643919,-2.5918902232765806,-22.59189022327658
ZEC,lower_wick_rejection,all,final_exploratory,1,424,46.93396226415094,"[42.23244272077115, 51.690541860438344]",48.98998472245798,-3.788113612818782,-23.788113612818783
ZEC,lower_wick_rejection,all,final_exploratory,2,424,45.5188679245283,"[40.840113198430004, 50.27809503564541]",48.87945670628183,9.996029471159812,-10.003970528840188
ZEC,lower_wick_rejection,all,final_exploratory,3,424,43.632075471698116,"[38.98960155662737, 48.38890488126927]",48.734929529631515,7.825386150476421,-12.17461384952358
ZEC,lower_wick_rejection,trend_aligned,development,1,501,47.70459081836327,"[43.364994522940634, 52.07912101745856]",49.50753186558517,7.138213998013727,-12.861786001986273
ZEC,lower_wick_rejection,trend_aligned,development,2,501,47.30538922155689,"[42.970557275237944, 51.68123053305676]",48.971610660486675,8.90489631519016,-11.095103684809843
ZEC,lower_wick_rejection,trend_aligned,development,3,501,46.706586826347305,"[42.37942111535105, 51.08387509478693]",48.75434530706836,12.280676536793802,-7.719323463206199
ZEC,lower_wick_rejection,trend_aligned,final_exploratory,1,202,43.06930693069307,"[36.432746307089275, 49.96456113708139]",48.682336182336186,-5.681063554502089,-25.68106355450209
ZEC,lower_wick_rejection,trend_aligned,final_exploratory,2,202,42.57425742574257,"[35.956561850228276, 49.46912469709744]",48.86039886039886,1.138774230173619,-18.861225769826383
ZEC,lower_wick_rejection,trend_aligned,final_exploratory,3,202,40.0990099009901,"[33.58589110780247, 46.9816909552985]",48.75356125356126,2.480236518189925,-17.519763481810077
ZEC,lower_wick_rejection,range,development,1,408,45.588235294117645,"[40.81900463022828, 50.439770588205214]",49.23838537699924,2.1632158848932916,-17.83678411510671
ZEC,lower_wick_rejection,range,development,2,408,44.6078431372549,"[39.856998438008354, 49.45928238452148]",49.047981721249045,-7.565525959450707,-27.56552595945071
ZEC,lower_wick_rejection,range,development,3,408,45.09803921568628,"[40.33776829344256, 49.94975972703911]",49.581111957349584,-5.882700696085569,-25.882700696085568
ZEC,lower_wick_rejection,range,final_exploratory,1,120,46.666666666666664,"[37.98276424616983, 55.55737089420304]",49.55808080808081,-6.250160570303467,-26.250160570303464
ZEC,lower_wick_rejection,range,final_exploratory,2,120,45.833333333333336,"[37.1859770816446, 54.73919184382149]",48.45230574857865,12.694920571711787,-7.305079428288213
ZEC,lower_wick_rejection,range,final_exploratory,3,120,43.333333333333336,"[34.810028273121944, 52.27024200762379]",48.1668773704172,8.057032412787898,-11.942967587212102
ZEC,upper_wick_rejection,all,development,1,1269,47.67533490937746,"[44.93843755331607, 50.426264543158474]",49.108705161854765,-5.824037122786272,-25.824037122786272
ZEC,upper_wick_rejection,all,development,2,1269,47.75413711583924,"[45.01680444882053, 50.5050263901464]",49.666447944007,-9.492352117648224,-29.492352117648224
ZEC,upper_wick_rejection,all,development,3,1269,50.197005516154455,"[47.449557195042686, 52.94326466118826]",49.74300087489063,-12.286683130875446,-32.286683130875446
ZEC,upper_wick_rejection,all,final_exploratory,1,487,48.25462012320329,"[43.84756354206297, 52.68899733623259]",50.84026481072823,-6.610027113622937,-26.610027113622937
ZEC,upper_wick_rejection,all,final_exploratory,2,487,48.459958932238195,"[44.05070278200402, 52.89332152237443]",51.035653650254666,-6.66547668133686,-26.66547668133686
ZEC,upper_wick_rejection,all,final_exploratory,3,487,52.36139630390144,"[47.924420284569315, 56.76140911538376]",51.21412803532009,-11.0982734459282,-31.098273445928204
ZEC,upper_wick_rejection,trend_aligned,development,1,391,44.75703324808184,"[39.90306444200733, 49.71302464283075]",48.520209707424314,-8.285038741921369,-28.285038741921365
ZEC,upper_wick_rejection,trend_aligned,development,2,391,47.82608695652174,"[42.91995221383861, 52.77452374816743]",48.604769152714354,-5.061377494885301,-25.061377494885303
ZEC,upper_wick_rejection,trend_aligned,development,3,391,48.33759590792839,"[43.42456627712525, 53.28297416440878]",48.9091831557585,-4.0853952854499145,-24.085395285449916
ZEC,upper_wick_rejection,trend_aligned,final_exploratory,1,121,48.760330578512395,"[40.03014516387383, 57.56680969732627]",50.900600400266846,-15.800842030514177,-35.800842030514175
ZEC,upper_wick_rejection,trend_aligned,final_exploratory,2,121,45.45454545454545,"[36.85867066649213, 54.33016382457494]",50.36691127418279,-24.99217665799579,-44.992176657995785
ZEC,upper_wick_rejection,trend_aligned,final_exploratory,3,121,46.28099173553719,"[37.64803403232706, 55.14283055127327]",50.70046697798533,-16.939657347053725,-36.939657347053725
ZEC,upper_wick_rejection,range,development,1,341,50.43988269794721,"[45.157830004997756, 55.71213463963909]",49.31454683929932,-2.1339117357855772,-22.133911735785578
ZEC,upper_wick_rejection,range,development,2,341,47.21407624633431,"[41.97586455088286, 52.51435936641715]",50.03808073115004,-9.094071051344507,-29.094071051344507
ZEC,upper_wick_rejection,range,development,3,341,52.199413489736074,"[46.90260862924245, 57.447214593941744]",49.31454683929932,-6.767434164287798,-26.7674341642878
ZEC,upper_wick_rejection,range,final_exploratory,1,142,49.29577464788732,"[41.20016733195035, 57.42848183262272]",50.189393939393945,3.3650290627624875,-16.63497093723751
ZEC,upper_wick_rejection,range,final_exploratory,2,142,48.59154929577465,"[40.51684355909101, 56.74045477005512]",51.54769425142135,2.800157796557895,-17.199842203442106
ZEC,upper_wick_rejection,range,final_exploratory,3,142,59.859154929577464,"[51.639600494420534, 67.55931120155647]",51.76991150442478,-3.1433218268309098,-23.14332182683091
ZEC,inside_bar_up_break,all,development,1,733,49.65893587994543,"[46.05053322262379, 53.27089488349834]",49.40398075240595,4.514054328710541,-15.485945671289459
ZEC,inside_bar_up_break,all,development,2,733,48.43110504774898,"[44.83078870865217, 52.04778057950963]",49.332895888014,7.015906794964205,-12.984093205035796
ZEC,inside_bar_up_break,all,development,3,733,49.522510231923604,"[45.914899059112365, 53.13510028945861]",49.38210848643919,11.006682363518216,-8.993317636481786
ZEC,inside_bar_up_break,all,final_exploratory,1,229,49.34497816593886,"[42.933950367149464, 55.77762007387137]",48.98998472245798,6.984261567447159,-13.01573843255284
ZEC,inside_bar_up_break,all,final_exploratory,2,229,45.414847161572055,"[39.09473358685627, 51.88625950028967]",48.87945670628183,2.928383454173876,-17.071616545826124
ZEC,inside_bar_up_break,all,final_exploratory,3,229,48.47161572052402,"[42.077406943995655, 54.91625741838633]",48.734929529631515,9.299407328892535,-10.700592671107467
ZEC,inside_bar_up_break,trend_aligned,development,1,300,47.333333333333336,"[41.752799159808596, 52.981299133512664]",49.50753186558517,2.0074389003681823,-17.992561099631818
ZEC,inside_bar_up_break,trend_aligned,development,2,300,46.0,"[40.44621489711663, 51.654932542865254]",48.971610660486675,-4.514215543650679,-24.51421554365068
ZEC,inside_bar_up_break,trend_aligned,development,3,300,46.0,"[40.44621489711663, 51.654932542865254]",48.75434530706836,1.4975488621987092,-18.50245113780129
ZEC,inside_bar_up_break,trend_aligned,final_exploratory,1,118,48.30508474576271,"[39.48519746023298, 57.23185156079103]",48.682336182336186,-5.784297513152143,-25.784297513152143
ZEC,inside_bar_up_break,trend_aligned,final_exploratory,2,118,43.220338983050844,"[34.63522697916651, 52.23296910492955]",48.86039886039886,0.06747732756413906,-19.932522672435862
ZEC,inside_bar_up_break,trend_aligned,final_exploratory,3,118,48.30508474576271,"[39.48519746023298, 57.23185156079103]",48.75356125356126,14.309496060058834,-5.690503939941166
ZEC,inside_bar_up_break,range,development,1,207,50.24154589371981,"[43.48809014304275, 56.98619956069694]",49.23838537699924,5.0523196524928755,-14.947680347507124
ZEC,inside_bar_up_break,range,development,2,207,49.27536231884058,"[42.54012933019331, 56.03700155858764]",49.047981721249045,17.79329179962567,-2.20670820037433
ZEC,inside_bar_up_break,range,development,3,207,47.82608695652174,"[41.12283012440424, 54.608562541938646]",49.581111957349584,15.923599684792892,-4.076400315207109
ZEC,inside_bar_up_break,range,final_exploratory,1,54,59.25925925925926,"[45.966610248851524, 71.32198481075955]",49.55808080808081,45.778869364970504,25.778869364970507
ZEC,inside_bar_up_break,range,final_exploratory,2,54,48.148148148148145,"[35.39375603654322, 61.14852495153457]",48.45230574857865,28.344448362948995,8.344448362948993
ZEC,inside_bar_up_break,range,final_exploratory,3,54,50.0,"[37.11436198892329, 62.88563801107671]",48.1668773704172,15.82689795221935,-4.1731020477806515
ZEC,inside_bar_down_break,all,development,1,781,47.37516005121639,"[43.89468499745453, 50.881330952770334]",49.108705161854765,1.479237438918219,-18.52076256108178
ZEC,inside_bar_down_break,all,development,2,781,45.96670934699104,"[42.49967212097019, 49.4732304366924]",49.666447944007,-3.2546507673373215,-23.254650767337324
ZEC,inside_bar_down_break,all,development,3,781,48.27144686299616,"[44.783865543594224, 51.77594983826117]",49.74300087489063,-2.909178511474136,-22.90917851147414
ZEC,inside_bar_down_break,all,final_exploratory,1,266,44.3609022556391,"[38.51286284251565, 50.36950370141234]",50.84026481072823,-9.713754739691437,-29.713754739691435
ZEC,inside_bar_down_break,all,final_exploratory,2,266,46.61654135338346,"[40.712349566968456, 52.61707035938834]",51.035653650254666,-10.761106295905428,-30.761106295905428
ZEC,inside_bar_down_break,all,final_exploratory,3,266,51.8796992481203,"[45.89125581664729, 57.81462200204339]",51.21412803532009,-2.4097497590931276,-22.409749759093128
ZEC,inside_bar_down_break,trend_aligned,development,1,240,49.166666666666664,"[42.90480885473272, 55.45478196160049]",48.520209707424314,13.90637682069451,-6.0936231793054905
ZEC,inside_bar_down_break,trend_aligned,development,2,240,44.583333333333336,"[38.429177724554286, 50.908162581611684]",48.604769152714354,-4.549048515341043,-24.549048515341045
ZEC,inside_bar_down_break,trend_aligned,development,3,240,48.75,"[42.495779188055785, 55.04360703644403]",48.9091831557585,1.7771894788923734,-18.22281052110763
ZEC,inside_bar_down_break,trend_aligned,final_exploratory,1,76,40.78947368421053,"[30.44362924110896, 52.02165201577967]",50.900600400266846,-21.050625717868513,-41.05062571786852
ZEC,inside_bar_down_break,trend_aligned,final_exploratory,2,76,48.68421052631579,"[37.783539215050595, 59.711500964504914]",50.36691127418279,-19.047227358316082,-39.04722735831608
ZEC,inside_bar_down_break,trend_aligned,final_exploratory,3,76,52.63157894736842,"[41.55183265272202, 63.458086988166926]",50.70046697798533,-17.667862389064865,-37.667862389064865
ZEC,inside_bar_down_break,range,development,1,225,44.888888888888886,"[38.52979137736145, 51.41958845567589]",49.31454683929932,-5.779931755050566,-25.779931755050566
ZEC,inside_bar_down_break,range,development,2,225,48.0,"[41.56040874075375, 54.50673988956519]",50.03808073115004,-8.664680682248784,-28.664680682248786
ZEC,inside_bar_down_break,range,development,3,225,45.77777777777778,"[39.39314370539081, 52.30417006972699]",49.31454683929932,-13.178944959615086,-33.17894495961509
ZEC,inside_bar_down_break,range,final_exploratory,1,70,41.42857142857143,"[30.629997924814166, 53.118999930053555]",50.189393939393945,-16.0563319720028,-36.0563319720028
ZEC,inside_bar_down_break,range,final_exploratory,2,70,37.142857142857146,"[26.770481600829648, 48.85301518147193]",51.54769425142135,-35.54185839628968,-55.54185839628968
ZEC,inside_bar_down_break,range,final_exploratory,3,70,47.142857142857146,"[35.904683190771934, 58.67831609418397]",51.76991150442478,-25.353861424030605,-45.353861424030605
ZEC,three_bar_up_reversal,all,development,1,449,43.87527839643653,"[39.35637535287262, 48.49809738108115]",49.40398075240595,-8.974941920807364,-28.974941920807364
ZEC,three_bar_up_reversal,all,development,2,449,47.88418708240535,"[43.300979379613814, 52.503293019388394]",49.332895888014,-1.63128711655506,-21.63128711655506
ZEC,three_bar_up_reversal,all,development,3,449,46.5478841870824,"[41.98281871818035, 51.17152045913905]",49.38210848643919,-11.716674953655266,-31.716674953655268
ZEC,three_bar_up_reversal,all,final_exploratory,1,146,49.31506849315068,"[41.32746580535948, 57.337791372887416]",48.98998472245798,24.776533907411356,4.776533907411354
ZEC,three_bar_up_reversal,all,final_exploratory,2,146,49.31506849315068,"[41.32746580535948, 57.337791372887416]",48.87945670628183,20.33980322108412,0.33980322108412286
ZEC,three_bar_up_reversal,all,final_exploratory,3,146,52.054794520547944,"[44.00280936618258, 60.001419099076735]",48.734929529631515,42.112766185143386,22.112766185143386
ZEC,three_bar_up_reversal,trend_aligned,development,1,188,38.297872340425535,"[31.649266871331683, 45.41514460146671]",49.50753186558517,-14.692355722287935,-34.692355722287935
ZEC,three_bar_up_reversal,trend_aligned,development,2,188,43.08510638297872,"[36.21473848280984, 50.23241375111647]",48.971610660486675,-7.5432448829844025,-27.5432448829844
ZEC,three_bar_up_reversal,trend_aligned,development,3,188,45.212765957446805,"[38.26502240083383, 52.35223683803824]",48.75434530706836,-19.543349665853096,-39.54334966585309
ZEC,three_bar_up_reversal,trend_aligned,final_exploratory,1,64,48.4375,"[36.6333485657839, 60.418607756000966]",48.682336182336186,21.981144686386273,1.9811446863862714
ZEC,three_bar_up_reversal,trend_aligned,final_exploratory,2,64,46.875,"[35.17578764404486, 58.92812499952487]",48.86039886039886,39.80058467736143,19.80058467736143
ZEC,three_bar_up_reversal,trend_aligned,final_exploratory,3,64,48.4375,"[36.6333485657839, 60.418607756000966]",48.75356125356126,56.844195682273586,36.844195682273586
ZEC,three_bar_up_reversal,range,development,1,120,50.0,"[41.1937137430229, 58.8062862569771]",49.23838537699924,-2.9683460942013795,-22.96834609420138
ZEC,three_bar_up_reversal,range,development,2,120,52.5,"[43.626835924004915, 61.21806272071544]",49.047981721249045,16.099583870947306,-3.9004161290526955
ZEC,three_bar_up_reversal,range,development,3,120,50.0,"[41.1937137430229, 58.8062862569771]",49.581111957349584,13.483555107204689,-6.516444892795312
ZEC,three_bar_up_reversal,range,final_exploratory,1,45,53.333333333333336,"[39.07720886241046, 67.06509605798527]",49.55808080808081,49.68247370442223,29.682473704422232
ZEC,three_bar_up_reversal,range,final_exploratory,2,45,60.0,"[45.45159420914473, 72.97532055204246]",48.45230574857865,65.17480174827173,45.17480174827173
ZEC,three_bar_up_reversal,range,final_exploratory,3,45,57.77777777777778,"[43.300532795944505, 71.0315120183122]",48.1668773704172,71.35127721981773,51.35127721981774
ZEC,three_bar_down_reversal,all,development,1,407,43.73464373464373,"[38.99606411093632, 48.590392567257894]",49.108705161854765,-15.767667429869906,-35.76766742986991
ZEC,three_bar_down_reversal,all,development,2,407,42.997542997543,"[38.27530710712278, 47.85073270968252]",49.666447944007,-28.313104917650364,-48.31310491765037
ZEC,three_bar_down_reversal,all,development,3,407,44.71744471744472,"[39.95873032015418, 49.57494883989192]",49.74300087489063,-30.867303928498817,-50.86730392849882
ZEC,three_bar_down_reversal,all,final_exploratory,1,159,52.83018867924528,"[45.095758816017465, 60.43108444762035]",50.84026481072823,0.0174607681731375,-19.982539231826863
ZEC,three_bar_down_reversal,all,final_exploratory,2,159,48.42767295597484,"[40.78878944323857, 56.14074207696267]",51.035653650254666,0.967851258394402,-19.0321487416056
ZEC,three_bar_down_reversal,all,final_exploratory,3,159,49.685534591194966,"[42.01341666117273, 57.37248964286754]",51.21412803532009,-1.008375536965132,-21.00837553696513
ZEC,three_bar_down_reversal,trend_aligned,development,1,137,45.98540145985402,"[37.863107916464635, 54.32669964039357]",48.520209707424314,4.963490551418166,-15.036509448581835
ZEC,three_bar_down_reversal,trend_aligned,development,2,137,48.175182481751825,"[39.97257905601771, 56.47733346982694]",48.604769152714354,5.281139708460921,-14.71886029153908
ZEC,three_bar_down_reversal,trend_aligned,development,3,137,52.55474452554745,"[44.23782454608223, 60.73229791773529]",48.9091831557585,11.891476983788683,-8.108523016211317
ZEC,three_bar_down_reversal,trend_aligned,final_exploratory,1,36,50.0,"[34.47406762473052, 65.52593237526946]",50.900600400266846,-2.658150955881665,-22.658150955881666
ZEC,three_bar_down_reversal,trend_aligned,final_exploratory,2,36,41.666666666666664,"[27.140333505087288, 57.800030335722305]",50.36691127418279,9.946377085806498,-10.053622914193504
ZEC,three_bar_down_reversal,trend_aligned,final_exploratory,3,36,38.888888888888886,"[24.784655417822943, 55.13582970325652]",50.70046697798533,-26.565018573519882,-46.565018573519886
ZEC,three_bar_down_reversal,range,development,1,122,36.885245901639344,"[28.845943546125767, 45.72526343153504]",49.31454683929932,-23.756217461067976,-43.756217461067976
ZEC,three_bar_down_reversal,range,development,2,122,39.34426229508197,"[31.12802086870674, 48.211084800642666]",50.03808073115004,-29.547472148570346,-49.54747214857035
ZEC,three_bar_down_reversal,range,development,3,122,38.52459016393443,"[30.364856037074855, 47.384950068378345]",49.31454683929932,-34.55324643377123,-54.553246433771236
ZEC,three_bar_down_reversal,range,final_exploratory,1,55,56.36363636363637,"[43.26958407868132, 68.6267613639987]",50.189393939393945,6.467368001951397,-13.532631998048604
ZEC,three_bar_down_reversal,range,final_exploratory,2,55,52.72727272727273,"[39.79131907162938, 65.30711468951918]",51.54769425142135,8.001708355050237,-11.998291644949761
ZEC,three_bar_down_reversal,range,final_exploratory,3,55,54.54545454545455,"[41.52246134836049, 66.9749282535538]",51.76991150442478,29.621826930778656,9.621826930778658
ZEC,doji_follow_previous_direction,all,development,1,2313,43.925637699956766,"[41.91476467775392, 45.95665475808494]",46.59339457567804,-1.2622919194873976,-21.2622919194874
ZEC,doji_follow_previous_direction,all,development,2,2313,42.75832252485949,"[40.75576121425828, 44.78489896725779]",46.62620297462817,-2.952815327202028,-22.95281532720203
ZEC,doji_follow_previous_direction,all,development,3,2313,43.320363164721144,"[41.3136578547724, 45.34921974549169]",47.145669291338585,-2.9163331042744374,-22.916333104274436
ZEC,doji_follow_previous_direction,all,final_exploratory,1,843,45.195729537366546,"[41.86539968439753, 48.56964743657526]",47.34340519436429,-8.836737941786375,-28.836737941786375
ZEC,doji_follow_previous_direction,all,final_exploratory,2,843,46.02609727164887,"[42.68709438487065, 49.401154468279685]",47.53820033955857,-13.34938520405944,-33.34938520405944
ZEC,doji_follow_previous_direction,all,final_exploratory,3,843,47.805456702253856,"[44.45100779010719, 51.17981620342358]",48.14060112073357,-15.230898788457619,-35.230898788457615
ZEC,doji_follow_previous_direction,trend_aligned,development,1,724,48.34254143646409,"[44.720758598373145, 51.98182064414336]",46.47283126787416,-2.3001174495836745,-22.300117449583677
ZEC,doji_follow_previous_direction,trend_aligned,development,2,724,47.51381215469613,"[43.89888723273195, 51.154981631042816]",46.37750238322212,2.659226702550175,-17.340773297449825
ZEC,doji_follow_previous_direction,trend_aligned,development,3,724,46.68508287292818,"[43.07801225611174, 50.32714622892127]",47.044804575786465,9.348223434054585,-10.651776565945413
ZEC,doji_follow_previous_direction,trend_aligned,final_exploratory,1,323,43.343653250774,"[38.04884480918261, 48.79493517476067]",46.70098268600842,-16.364584538843403,-36.3645845388434
ZEC,doji_follow_previous_direction,trend_aligned,final_exploratory,2,323,43.343653250774,"[38.04884480918261, 48.79493517476067]",46.74777725783809,-25.682542100531126,-45.68254210053113
ZEC,doji_follow_previous_direction,trend_aligned,final_exploratory,3,323,45.82043343653251,"[40.46758189126593, 51.27153577307055]",47.44969583528311,-16.059735118711206,-36.05973511871121
ZEC,doji_follow_previous_direction,range,development,1,663,46.15384615384615,"[42.39215728349646, 49.95984954991046]",47.638994668697634,-0.9178788225507689,-20.91787882255077
ZEC,doji_follow_previous_direction,range,development,2,663,42.68476621417798,"[38.97248221126705, 46.481334707173545]",47.124904798172125,-4.972561678874631,-24.972561678874634
ZEC,doji_follow_previous_direction,range,development,3,663,43.74057315233786,"[40.011290116070974, 47.54197590692459]",47.124904798172125,-3.0154229633240797,-23.01542296332408
ZEC,doji_follow_previous_direction,range,final_exploratory,1,245,45.714285714285715,"[39.59048409878152, 51.97041247156685]",47.97979797979798,-0.36693785572433524,-20.366937855724334
ZEC,doji_follow_previous_direction,range,final_exploratory,2,245,46.12244897959184,"[39.988256682851855, 52.37636402365381]",48.32596336070752,4.595120527964575,-15.404879472035427
ZEC,doji_follow_previous_direction,range,final_exploratory,3,245,50.61224489795919,"[44.39077768512666, 56.814808519109285]",48.79898862199747,2.0309519047021363,-17.969048095297865
SUI,bullish_engulfing,all,development,1,2270,46.563876651982376,"[44.51937088191737, 48.61999291545532]",48.999343832021,-0.9908423698670206,-20.99084236986702
SUI,bullish_engulfing,all,development,2,2270,46.43171806167401,"[44.38781635094997, 48.487676823244755]",48.92825896762905,-2.584937450184524,-22.584937450184526
SUI,bullish_engulfing,all,development,3,2270,47.31277533039648,"[45.26511901530388, 49.369511646744]",49.02668416447944,-2.746130524282,-22.746130524282
SUI,bullish_engulfing,all,final_exploratory,1,724,45.994475138121544,"[42.39471295411407, 49.63652021530083]",49.07485995586488,-2.8500723973832707,-22.850072397383272
SUI,bullish_engulfing,all,final_exploratory,2,724,46.408839779005525,"[42.804609156266594, 50.05097920251917]",48.60780984719864,-0.7573615605325056,-20.757361560532505
SUI,bullish_engulfing,all,final_exploratory,3,724,47.51381215469613,"[43.89888723273195, 51.154981631042816]",48.68398709458312,2.0045867888174045,-17.995413211182594
SUI,bullish_engulfing,trend_aligned,development,1,695,45.611510791366904,"[41.942742035040425, 49.32852744863083]",49.519890260631,-0.5751054815414696,-20.57510548154147
SUI,bullish_engulfing,trend_aligned,development,2,695,44.31654676258993,"[40.664563343754914, 48.03101516788492]",48.74828532235939,-7.816880190250011,-27.81688019025001
SUI,bullish_engulfing,trend_aligned,development,3,695,47.194244604316545,"[43.508356783121194, 50.91097944414405]",48.98834019204389,-8.622479796772344,-28.622479796772343
SUI,bullish_engulfing,trend_aligned,final_exploratory,1,225,40.888888888888886,"[34.67020247599672, 47.413474617678546]",48.10195227765727,-6.585688661014638,-26.58568866101464
SUI,bullish_engulfing,trend_aligned,final_exploratory,2,225,44.44444444444444,"[38.0988812586581, 50.976531603339005]",48.50786760716224,-1.985301767960173,-21.985301767960173
SUI,bullish_engulfing,trend_aligned,final_exploratory,3,225,48.44444444444444,"[41.995377874194155, 54.945737727165024]",48.80564603691639,7.864247313734918,-12.135752686265084
SUI,bullish_engulfing,range,development,1,746,47.58713136729222,"[44.02480922630348, 51.174176799545165]",48.82892057026476,-1.9323326971574106,-21.932332697157413
SUI,bullish_engulfing,range,development,2,746,48.65951742627346,"[45.08883281578172, 52.243937198578635]",49.20230821452817,-1.9869008413302496,-21.98690084133025
SUI,bullish_engulfing,range,development,3,746,49.061662198391424,"[45.48826456068611, 52.64467444936615]",48.89680923285811,-1.458434982543545,-21.458434982543547
SUI,bullish_engulfing,range,final_exploratory,1,228,46.49122807017544,"[40.12875959334216, 52.96997678528877]",49.095022624434385,-8.578142095449488,-28.57814209544949
SUI,bullish_engulfing,range,final_exploratory,2,228,46.49122807017544,"[40.12875959334216, 52.96997678528877]",48.41628959276018,-4.551182810703658,-24.551182810703658
SUI,bullish_engulfing,range,final_exploratory,3,228,42.98245614035088,"[36.72516953510119, 49.47230322216066]",48.529411764705884,-4.046231107137887,-24.046231107137885
SUI,bearish_engulfing,all,development,1,2290,49.86899563318777,"[47.823039556262664, 51.915390507957994]",50.688976377952756,1.416036481149917,-18.583963518850084
SUI,bearish_engulfing,all,development,2,2290,50.13100436681223,"[48.08460949204201, 52.17696044373734]",50.88035870516185,1.3956407998816698,-18.60435920011833
SUI,bearish_engulfing,all,development,3,2290,50.480349344978166,"[48.433456664207256, 52.52563310031702]",50.776465441819774,0.438024467678068,-19.561975532321934
SUI,bearish_engulfing,all,final_exploratory,1,761,47.174770039421816,"[43.65102902986143, 50.726891836367614]",49.90663724325242,1.0322787120229282,-18.96772128797707
SUI,bearish_engulfing,all,final_exploratory,2,761,50.19710906701708,"[46.65258207642584, 53.73965600267447]",50.730050933786075,0.7383006592636433,-19.261699340736357
SUI,bearish_engulfing,all,final_exploratory,3,761,50.98554533508541,"[47.43771581914276, 54.52347457635873]",50.84055017829853,0.11305565054704808,-19.88694434945295
SUI,bearish_engulfing,trend_aligned,development,1,798,52.38095238095238,"[48.91261048209625, 55.82648013131168]",51.05320642845997,7.814092647961618,-12.185907352038383
SUI,bearish_engulfing,trend_aligned,development,2,798,53.50877192982456,"[50.039610623965494, 56.944312385267246]",51.06880948665938,13.162293550191738,-6.837706449808263
SUI,bearish_engulfing,trend_aligned,development,3,798,52.38095238095238,"[48.91261048209625, 55.82648013131168]",50.61632079887658,7.5780989582914495,-12.421901041708551
SUI,bearish_engulfing,trend_aligned,final_exploratory,1,291,50.85910652920962,"[45.14143139977927, 56.554394426698394]",49.10048266783677,4.522828429772651,-15.47717157022735
SUI,bearish_engulfing,trend_aligned,final_exploratory,2,291,51.89003436426117,"[46.162121198122456, 57.56869562012843]",50.46072838964458,3.9924273835998934,-16.007572616400108
SUI,bearish_engulfing,trend_aligned,final_exploratory,3,291,49.48453608247423,"[43.78423852867795, 55.19826597543545]",50.63624396665204,7.596433551756661,-12.403566448243339
SUI,bearish_engulfing,range,development,1,739,49.52638700947226,"[45.933342166527424, 53.12433042477603]",50.865580448065174,4.355658434222718,-15.644341565777282
SUI,bearish_engulfing,range,development,2,739,49.39106901217862,"[45.79882877052772, 52.98960741829101]",50.61099796334012,-0.4798135961589102,-20.479813596158913
SUI,bearish_engulfing,range,development,3,739,49.39106901217862,"[45.79882877052772, 52.98960741829101]",50.984385607603535,4.6328913588023095,-15.367108641197689
SUI,bearish_engulfing,range,final_exploratory,1,244,41.80327868852459,"[35.78823745503806, 48.07242193386196]",49.37782805429865,-7.060186171892245,-27.060186171892244
SUI,bearish_engulfing,range,final_exploratory,2,244,45.90163934426229,"[39.760792044531776, 52.16953764991824]",50.7918552036199,-7.87064209871964,-27.870642098719642
SUI,bearish_engulfing,range,final_exploratory,3,244,50.81967213114754,"[44.5827960648799, 57.03113799623012]",51.01809954751131,-6.752923768541352,-26.752923768541354
SUI,lower_wick_rejection,all,development,1,1392,48.706896551724135,"[46.088271657326395, 51.33263913942878]",48.999343832021,1.5031233855983517,-18.49687661440165
SUI,lower_wick_rejection,all,development,2,1392,48.85057471264368,"[46.231370736489296, 51.47610552729308]",48.92825896762905,0.1547220281852388,-19.84527797181476
SUI,lower_wick_rejection,all,development,3,1392,49.497126436781606,"[46.87558405100433, 52.12143681440047]",49.02668416447944,4.210395565146407,-15.789604434853592
SUI,lower_wick_rejection,all,final_exploratory,1,459,50.326797385620914,"[45.768955930048975, 54.87921398380493]",49.07485995586488,1.9979023920008563,-18.002097607999143
SUI,lower_wick_rejection,all,final_exploratory,2,459,48.36601307189542,"[43.82676255993659, 52.93238787079393]",48.60780984719864,4.35538189132637,-15.64461810867363
SUI,lower_wick_rejection,all,final_exploratory,3,459,49.891067538126364,"[45.33675688523202, 54.44718647681669]",48.68398709458312,4.866485788187584,-15.133514211812418
SUI,lower_wick_rejection,trend_aligned,development,1,441,48.75283446712018,"[44.11856544597873, 53.40864423944638]",49.519890260631,-3.2441756095826446,-23.244175609582648
SUI,lower_wick_rejection,trend_aligned,development,2,441,51.02040816326531,"[46.36608281250518, 55.65710926305609]",48.74828532235939,7.052977454629868,-12.947022545370132
SUI,lower_wick_rejection,trend_aligned,development,3,441,49.88662131519274,"[45.2411397028456, 54.53406117764757]",48.98834019204389,8.08663503364463,-11.91336496635537
SUI,lower_wick_rejection,trend_aligned,final_exploratory,1,135,45.925925925925924,"[37.74854825392432, 54.32875422602407]",48.10195227765727,-10.763918088423946,-30.763918088423946
SUI,lower_wick_rejection,trend_aligned,final_exploratory,2,135,44.44444444444444,"[36.331238690531265, 52.86508287303471]",48.50786760716224,2.389480627989933,-17.610519372010067
SUI,lower_wick_rejection,trend_aligned,final_exploratory,3,135,45.18518518518518,"[37.0389938345493, 53.59781818720788]",48.80564603691639,2.7126507294606927,-17.28734927053931
SUI,lower_wick_rejection,range,development,1,448,47.767857142857146,"[43.181052238194034, 52.39261782671368]",48.82892057026476,1.1471415359525272,-18.852858464047472
SUI,lower_wick_rejection,range,development,2,448,48.4375,"[43.842676911115, 53.05889213432038]",49.20230821452817,1.1924954300066932,-18.80750456999331
SUI,lower_wick_rejection,range,development,3,448,50.44642857142857,"[45.832475046074386, 55.05279094094407]",48.89680923285811,7.642365623391653,-12.357634376608345
SUI,lower_wick_rejection,range,final_exploratory,1,143,52.44755244755245,"[44.305699976545725, 60.46134151578343]",49.095022624434385,10.194060298423524,-9.805939701576477
SUI,lower_wick_rejection,range,final_exploratory,2,143,53.14685314685315,"[44.99287767224968, 61.13617567503064]",48.41628959276018,12.323164178081065,-7.676835821918935
SUI,lower_wick_rejection,range,final_exploratory,3,143,53.84615384615385,"[45.681604952562544, 61.809460249668966]",48.529411764705884,11.399004606458735,-8.600995393541265
SUI,upper_wick_rejection,all,development,1,1377,47.421931735657225,"[44.795335091242954, 50.062873120328874]",50.688976377952756,-5.546786852459639,-25.54678685245964
SUI,upper_wick_rejection,all,development,2,1377,48.87436456063907,"[46.24089542916599, 51.51409688856256]",50.88035870516185,-4.867549825000313,-24.867549825000314
SUI,upper_wick_rejection,all,development,3,1377,50.25417574437182,"[47.616235323753244, 52.89070189482417]",50.776465441819774,-6.8095778423715005,-26.809577842371503
SUI,upper_wick_rejection,all,final_exploratory,1,428,47.66355140186916,"[42.97355001476513, 52.39512220208476]",49.90663724325242,-4.314322318541364,-24.314322318541365
SUI,upper_wick_rejection,all,final_exploratory,2,428,46.495327102803735,"[41.8221080667359, 51.230900258538924]",50.730050933786075,-4.882714002904478,-24.88271400290448
SUI,upper_wick_rejection,all,final_exploratory,3,428,51.16822429906542,"[46.44321601062698, 55.87244788094809]",50.84055017829853,-4.574564665432442,-24.574564665432444
SUI,upper_wick_rejection,trend_aligned,development,1,516,47.093023255813954,"[42.823483490301314, 51.40552780852511]",51.05320642845997,-8.054746486896109,-28.054746486896107
SUI,upper_wick_rejection,trend_aligned,development,2,516,49.8062015503876,"[45.50942675866907, 54.10584066125268]",51.06880948665938,-7.393612194570761,-27.393612194570764
SUI,upper_wick_rejection,trend_aligned,development,3,516,50.58139534883721,"[46.27914831172999, 54.87504942850474]",50.61632079887658,-9.911572689625272,-29.91157268962527
SUI,upper_wick_rejection,trend_aligned,final_exploratory,1,142,50.70422535211268,"[42.57151816737727, 58.79983266804965]",49.10048266783677,-2.1378717001544274,-22.137871700154427
SUI,upper_wick_rejection,trend_aligned,final_exploratory,2,142,47.88732394366197,"[39.83508906520301, 56.05085842851618]",50.46072838964458,5.990469168021223,-14.009530831978777
SUI,upper_wick_rejection,trend_aligned,final_exploratory,3,142,54.225352112676056,"[46.02737366434806, 62.20073134821354]",50.63624396665204,7.978429245715165,-12.021570754284834
SUI,upper_wick_rejection,range,development,1,424,46.22641509433962,"[41.535803806938674, 50.98479260070378]",50.865580448065174,-8.454226365445832,-28.454226365445834
SUI,upper_wick_rejection,range,development,2,424,46.93396226415094,"[42.23244272077115, 51.690541860438344]",50.61099796334012,-1.487884140652651,-21.48788414065265
SUI,upper_wick_rejection,range,development,3,424,48.820754716981135,"[44.09476364835341, 53.567922729034855]",50.984385607603535,-7.386272263399222,-27.38627226339922
SUI,upper_wick_rejection,range,final_exploratory,1,136,47.794117647058826,"[39.575361538245666, 56.13406970395979]",49.37782805429865,1.3946372505871303,-18.60536274941287
SUI,upper_wick_rejection,range,final_exploratory,2,136,50.0,"[41.71279878870851, 58.287201211291496]",50.7918552036199,-3.0264162691884904,-23.02641626918849
SUI,upper_wick_rejection,range,final_exploratory,3,136,50.73529411764706,"[42.42876511786049, 59.001424468071015]",51.01809954751131,-4.7806046154266015,-24.7806046154266
SUI,inside_bar_up_break,all,development,1,768,42.708333333333336,"[39.254688990803956, 46.23456165336967]",48.999343832021,-9.088193749299705,-29.08819374929971
SUI,inside_bar_up_break,all,development,2,768,46.09375,"[42.59646073931195, 49.629923534352486]",48.92825896762905,-12.290379867054789,-32.29037986705479
SUI,inside_bar_up_break,all,development,3,768,46.09375,"[42.59646073931195, 49.629923534352486]",49.02668416447944,-8.76622655101569,-28.76622655101569
SUI,inside_bar_up_break,all,final_exploratory,1,246,42.68292682926829,"[36.6611233233979, 48.929747052072]",49.07485995586488,-8.449974850218258,-28.449974850218258
SUI,inside_bar_up_break,all,final_exploratory,2,246,39.43089430894309,"[33.531297945097016, 45.655514819470625]",48.60780984719864,-13.636127426522929,-33.63612742652293
SUI,inside_bar_up_break,all,final_exploratory,3,246,43.90243902439025,"[37.841729533241, 50.15066244631725]",48.68398709458312,-13.803760670761255,-33.80376067076126
SUI,inside_bar_up_break,trend_aligned,development,1,271,43.542435424354245,"[37.77018406399533, 49.495208074603795]",49.519890260631,-11.395085425351308,-31.395085425351304
SUI,inside_bar_up_break,trend_aligned,development,2,271,46.494464944649444,"[40.646481436834314, 52.44044572411949]",48.74828532235939,-11.08894843086656,-31.088948430866562
SUI,inside_bar_up_break,trend_aligned,development,3,271,43.542435424354245,"[37.77018406399533, 49.495208074603795]",48.98834019204389,-10.72102106852843,-30.721021068528426
SUI,inside_bar_up_break,trend_aligned,final_exploratory,1,85,38.8235294117647,"[29.161137914729085, 49.45248453241281]",48.10195227765727,-12.949324373224028,-32.94932437322403
SUI,inside_bar_up_break,trend_aligned,final_exploratory,2,85,34.11764705882353,"[24.921771761762066, 44.687060136807965]",48.50786760716224,-19.08100493166481,-39.08100493166481
SUI,inside_bar_up_break,trend_aligned,final_exploratory,3,85,43.529411764705884,"[33.49560581140017, 54.12280718431356]",48.80564603691639,-19.20722634454491,-39.207226344544914
SUI,inside_bar_up_break,range,development,1,259,43.24324324324324,"[37.351871549907436, 49.33212367763646]",48.82892057026476,-5.708069305060151,-25.708069305060153
SUI,inside_bar_up_break,range,development,2,259,44.78764478764479,"[38.85151989909259, 50.876133562155566]",49.20230821452817,-17.88980817074927,-37.88980817074927
SUI,inside_bar_up_break,range,development,3,259,48.648648648648646,"[42.62581590130286, 54.710983144205926]",48.89680923285811,-10.30702680309779,-30.307026803097788
SUI,inside_bar_up_break,range,final_exploratory,1,63,38.095238095238095,"[27.117289491083675, 50.441595993405016]",49.095022624434385,-12.889793639051094,-32.88979363905109
SUI,inside_bar_up_break,range,final_exploratory,2,63,36.507936507936506,"[25.715218473434465, 48.85151840898606]",48.41628959276018,-22.286934347577233,-42.28693434757723
SUI,inside_bar_up_break,range,final_exploratory,3,63,38.095238095238095,"[27.117289491083675, 50.441595993405016]",48.529411764705884,-16.274040788850236,-36.274040788850236
SUI,inside_bar_down_break,all,development,1,823,48.96719319562576,"[45.56459521181446, 52.37938825490998]",50.688976377952756,1.5109083300763115,-18.48909166992369
SUI,inside_bar_down_break,all,development,2,823,50.3037667071689,"[46.894297675419, 53.710413069662046]",50.88035870516185,2.3482193334444736,-17.651780666555528
SUI,inside_bar_down_break,all,development,3,823,49.21020656136088,"[45.806178959592195, 52.62157310319709]",50.776465441819774,-2.8620545383937857,-22.86205453839379
SUI,inside_bar_down_break,all,final_exploratory,1,226,43.80530973451327,"[37.49366118818479, 50.32403586926695]",49.90663724325242,1.3499617497660823,-18.65003825023392
SUI,inside_bar_down_break,all,final_exploratory,2,226,46.46017699115044,"[40.07113560878442, 52.96754842404513]",50.730050933786075,0.06875065166137571,-19.931249348338625
SUI,inside_bar_down_break,all,final_exploratory,3,226,53.53982300884956,"[47.03245157595487, 59.928864391215576]",50.84055017829853,6.60147671852624,-13.398523281473759
SUI,inside_bar_down_break,trend_aligned,development,1,275,49.09090909090909,"[43.23561764916598, 54.971249618845675]",51.05320642845997,6.699185766974755,-13.300814233025244
SUI,inside_bar_down_break,trend_aligned,development,2,275,51.27272727272727,"[45.388295562751594, 57.122090262032074]",51.06880948665938,13.858505034105887,-6.141494965894113
SUI,inside_bar_down_break,trend_aligned,development,3,275,47.63636363636363,"[41.80662543405393, 53.531229462776395]",50.61632079887658,0.336665678342401,-19.6633343216576
SUI,inside_bar_down_break,trend_aligned,final_exploratory,1,82,41.46341463414634,"[31.41639024666607, 52.2745008830426]",49.10048266783677,5.7947123489880985,-14.205287651011902
SUI,inside_bar_down_break,trend_aligned,final_exploratory,2,82,51.21951219512195,"[40.590584856555765, 61.73928783920014]",50.46072838964458,8.009271539652296,-11.990728460347706
SUI,inside_bar_down_break,trend_aligned,final_exploratory,3,82,58.53658536585366,"[47.7254991169574, 68.58360975333392]",50.63624396665204,15.641185149912454,-4.358814850087547
SUI,inside_bar_down_break,range,development,1,270,51.48148148148148,"[45.54115353425267, 57.38024336088673]",50.865580448065174,-0.32204068065727415,-20.322040680657278
SUI,inside_bar_down_break,range,development,2,270,50.370370370370374,"[44.44322625285866, 56.28712297092618]",50.61099796334012,0.9008359078292512,-19.09916409217075
SUI,inside_bar_down_break,range,development,3,270,49.629629629629626,"[43.71287702907382, 55.55677374714134]",50.984385607603535,-3.0445721862870645,-23.044572186287066
SUI,inside_bar_down_break,range,final_exploratory,1,74,45.945945945945944,"[35.07318442825122, 57.21885478985323]",49.37782805429865,-6.871678789501939,-26.87167878950194
SUI,inside_bar_down_break,range,final_exploratory,2,74,43.24324324324324,"[32.56593778993208, 54.58746090690868]",50.7918552036199,-13.954588101732854,-33.95458810173286
SUI,inside_bar_down_break,range,final_exploratory,3,74,48.648648648648646,"[37.611598006562666, 59.81908173280549]",51.01809954751131,-4.465578018022813,-24.465578018022814
SUI,three_bar_up_reversal,all,development,1,480,48.541666666666664,"[44.09985135511896, 53.0066396948445]",48.999343832021,1.1805383644114102,-18.81946163558859
SUI,three_bar_up_reversal,all,development,2,480,48.125,"[43.68772137168773, 52.59205283540814]",48.92825896762905,-1.8939183691506767,-21.89391836915068
SUI,three_bar_up_reversal,all,development,3,480,44.791666666666664,"[40.40178955025967, 49.26424991389554]",49.02668416447944,-12.75940114598423,-32.75940114598423
SUI,three_bar_up_reversal,all,final_exploratory,1,145,37.241379310344826,"[29.796877137041598, 45.34448119288766]",49.07485995586488,-8.15777374457305,-28.15777374457305
SUI,three_bar_up_reversal,all,final_exploratory,2,145,42.758620689655174,"[34.99526967419022, 50.895771540093946]",48.60780984719864,-3.7665466586769125,-23.766546658676916
SUI,three_bar_up_reversal,all,final_exploratory,3,145,40.0,"[32.38341968911917, 48.13278008298755]",48.68398709458312,-4.481267162900304,-24.481267162900306
SUI,three_bar_up_reversal,trend_aligned,development,1,155,50.32258064516129,"[42.53915719085748, 58.09040080906194]",49.519890260631,10.879413835882104,-9.120586164117896
SUI,three_bar_up_reversal,trend_aligned,development,2,155,50.96774193548387,"[43.169978623421976, 58.71869537633627]",48.74828532235939,7.056783419258792,-12.943216580741208
SUI,three_bar_up_reversal,trend_aligned,development,3,155,47.096774193548384,"[39.404010770828634, 54.929967229896604]",48.98834019204389,5.1755472562930285,-14.824452743706972
SUI,three_bar_up_reversal,trend_aligned,final_exploratory,1,47,44.680851063829785,"[31.410747474911304, 58.75478626124176]",48.10195227765727,19.84437048627076,-0.15562951372924233
SUI,three_bar_up_reversal,trend_aligned,final_exploratory,2,47,57.4468085106383,"[43.28166877121154, 70.48658399817417]",48.50786760716224,32.82334213827729,12.82334213827729
SUI,three_bar_up_reversal,trend_aligned,final_exploratory,3,47,46.808510638297875,"[33.331462168462636, 60.767858073229206]",48.80564603691639,44.774477427149876,24.774477427149876
SUI,three_bar_up_reversal,range,development,1,149,40.939597315436245,"[33.368297954163225, 48.966354391794944]",48.82892057026476,-19.272957667875552,-39.27295766787555
SUI,three_bar_up_reversal,range,development,2,149,43.624161073825505,"[35.92055906281176, 51.64827036582547]",49.20230821452817,-24.008018018654177,-44.00801801865417
SUI,three_bar_up_reversal,range,development,3,149,40.26845637583892,"[32.73386313643237, 48.29224493885603]",48.89680923285811,-37.171288895223626,-57.17128889522362
SUI,three_bar_up_reversal,range,final_exploratory,1,47,34.04255319148936,"[22.16726071376219, 48.32934049469702]",49.095022624434385,-25.011830944273207,-45.01183094427321
SUI,three_bar_up_reversal,range,final_exploratory,2,47,34.04255319148936,"[22.16726071376219, 48.32934049469702]",48.41628959276018,-9.605250708424565,-29.605250708424563
SUI,three_bar_up_reversal,range,final_exploratory,3,47,34.04255319148936,"[22.16726071376219, 48.32934049469702]",48.529411764705884,-23.967714999042983,-43.96771499904298
SUI,three_bar_down_reversal,all,development,1,406,45.073891625615765,"[40.302585629309895, 49.93754616795033]",50.688976377952756,-5.7255323208446605,-25.72553232084466
SUI,three_bar_down_reversal,all,development,2,406,47.04433497536946,"[42.23961512824702, 51.904463950109125]",50.88035870516185,-5.111494634162485,-25.111494634162483
SUI,three_bar_down_reversal,all,development,3,406,45.566502463054185,"[40.786137663500305, 50.429980954033894]",50.776465441819774,-22.142162213053968,-42.14216221305397
SUI,three_bar_down_reversal,all,final_exploratory,1,129,44.96124031007752,"[36.64624265425491, 53.56766624175358]",49.90663724325242,1.5371501479825391,-18.46284985201746
SUI,three_bar_down_reversal,all,final_exploratory,2,129,47.286821705426355,"[38.874705666597535, 55.855860662022415]",50.730050933786075,8.831222727236824,-11.168777272763178
SUI,three_bar_down_reversal,all,final_exploratory,3,129,54.263565891472865,"[45.6675986048851, 62.612940021569244]",50.84055017829853,2.691622911101732,-17.30837708889827
SUI,three_bar_down_reversal,trend_aligned,development,1,147,42.857142857142854,"[35.13948880448692, 50.938622273624155]",51.05320642845997,-11.961116467494584,-31.961116467494584
SUI,three_bar_down_reversal,trend_aligned,development,2,147,42.857142857142854,"[35.13948880448692, 50.938622273624155]",51.06880948665938,-20.969734884995255,-40.96973488499526
SUI,three_bar_down_reversal,trend_aligned,development,3,147,44.89795918367347,"[37.08917050735806, 52.96662311986413]",50.61632079887658,-27.098265335718654,-47.09826533571866
SUI,three_bar_down_reversal,trend_aligned,final_exploratory,1,45,46.666666666666664,"[32.934903942014735, 60.92279113758954]",49.10048266783677,5.113870442135132,-14.886129557864868
SUI,three_bar_down_reversal,trend_aligned,final_exploratory,2,45,44.44444444444444,"[30.938708549039106, 58.82411658363468]",50.46072838964458,8.847124410467927,-11.152875589532073
SUI,three_bar_down_reversal,trend_aligned,final_exploratory,3,45,64.44444444444444,"[49.835546011952204, 76.78110864309596]",50.63624396665204,12.262804242313901,-7.737195757686099
SUI,three_bar_down_reversal,range,development,1,128,46.09375,"[37.69796782209271, 54.717172770861254]",50.865580448065174,1.2186980267743595,-18.78130197322564
SUI,three_bar_down_reversal,range,development,2,128,51.5625,"[42.986091219393444, 60.04785254342495]",50.61099796334012,19.478173198133433,-0.5218268018665657
SUI,three_bar_down_reversal,range,development,3,128,44.53125,"[36.205379206482014, 53.17581762365354]",50.984385607603535,-2.539533308953566,-22.539533308953565
SUI,three_bar_down_reversal,range,final_exploratory,1,45,46.666666666666664,"[32.934903942014735, 60.92279113758954]",49.37782805429865,14.489975079335892,-5.510024920664109
SUI,three_bar_down_reversal,range,final_exploratory,2,45,48.888888888888886,"[34.95678935302451, 62.99577567351026]",50.7918552036199,23.64062223603278,3.6406222360327787
SUI,three_bar_down_reversal,range,final_exploratory,3,45,57.77777777777778,"[43.300532795944505, 71.0315120183122]",51.01809954751131,19.492623263668346,-0.5073767363316545
SUI,doji_follow_previous_direction,all,development,1,2246,48.1300089047195,"[46.06855078609332, 50.19785303540238]",47.64873140857393,2.578777009346297,-17.421222990653703
SUI,doji_follow_previous_direction,all,development,2,2246,50.0,"[47.93390586756316, 52.06609413243684]",48.65485564304462,4.907597616533358,-15.092402383466643
SUI,doji_follow_previous_direction,all,development,3,2246,49.06500445235975,"[47.000867480382105, 51.13233443036573]",48.731408573928256,4.217694525968599,-15.782305474031402
SUI,doji_follow_previous_direction,all,final_exploratory,1,783,46.36015325670498,"[42.893473920949255, 49.862374270097085]",46.44372772025123,-1.857815132501829,-21.85781513250183
SUI,doji_follow_previous_direction,all,final_exploratory,2,782,45.39641943734016,"[41.93780407245673, 48.90004416566147]",46.82512733446519,2.640223015293031,-17.35977698470697
SUI,doji_follow_previous_direction,all,final_exploratory,3,782,48.593350383631716,"[45.105707249120236, 52.094746379193644]",48.37833248429275,3.5678769963256567,-16.43212300367434
SUI,doji_follow_previous_direction,trend_aligned,development,1,768,50.0,"[46.472540918363315, 53.527459081636685]",48.33225388601036,5.052105927768652,-14.947894072231348
SUI,doji_follow_previous_direction,trend_aligned,development,2,768,52.734375,"[49.198558905227806, 56.24297210320709]",48.639896373057,11.769601803581404,-8.230398196418596
SUI,doji_follow_previous_direction,trend_aligned,development,3,768,51.302083333333336,"[47.76933389266778, 54.82187134944409]",48.4779792746114,5.5885843844181595,-14.41141561558184
SUI,doji_follow_previous_direction,trend_aligned,final_exploratory,1,243,49.382716049382715,"[43.15519975564964, 55.6294459442648]",46.756487025948104,-1.303892889595235,-21.303892889595236
SUI,doji_follow_previous_direction,trend_aligned,final_exploratory,2,243,47.73662551440329,"[41.54055396334175, 54.003146936344514]",47.455089820359284,7.90911274929185,-12.090887250708152
SUI,doji_follow_previous_direction,trend_aligned,final_exploratory,3,243,51.440329218106996,"[45.18287056209607, 57.652956138103576]",49.62556165751373,4.732622573629224,-15.267377426370777
SUI,doji_follow_previous_direction,range,development,1,690,48.69565217391305,"[44.9836793784295, 52.42206856173437]",47.77664630006789,3.104025233245822,-16.89597476675418
SUI,doji_follow_previous_direction,range,development,2,690,50.72463768115942,"[47.00056041655929, 54.44069072779412]",48.94772572980312,8.483086247191219,-11.516913752808783
SUI,doji_follow_previous_direction,range,development,3,690,50.289855072463766,"[46.567858664285424, 54.008641793455936]",49.321113374066535,12.72694788685304,-7.273052113146961
SUI,doji_follow_previous_direction,range,final_exploratory,1,256,42.96875,"[37.05266391091252, 49.09274159767426]",44.34389140271493,0.6401020599277034,-19.359897940072297
SUI,doji_follow_previous_direction,range,final_exploratory,2,256,48.4375,"[42.38397175749127, 54.53722946663914]",45.81447963800905,5.412574817471255,-14.587425182528746
SUI,doji_follow_previous_direction,range,final_exploratory,3,256,48.046875,"[42.000768037908614, 54.150733492254375]",46.32352941176471,9.022200794151429,-10.977799205848571
ICP,bullish_engulfing,all,development,1,2329,45.727780163160155,"[43.713216829619505, 47.7564140274434]",48.87904636920385,-1.8584889476015753,-21.858488947601575
ICP,bullish_engulfing,all,development,2,2329,47.53112924001717,"[45.508659211907755, 49.561730479359746]",48.97747156605424,-3.3525831905603822,-23.352583190560384
ICP,bullish_engulfing,all,development,3,2329,47.35938170888794,"[45.33755049159239, 49.38990978689372]",48.64391951006124,-3.793625781847332,-23.793625781847332
ICP,bullish_engulfing,all,final_exploratory,1,738,47.5609756097561,"[43.97978998651478, 51.16742203287049]",48.36190799524699,1.6126396154058384,-18.387360384594164
ICP,bullish_engulfing,all,final_exploratory,2,738,49.1869918699187,"[45.59359796893777, 52.788806037524]",48.692699490662136,4.540291745149846,-15.459708254850154
ICP,bullish_engulfing,all,final_exploratory,3,738,49.1869918699187,"[45.59359796893777, 52.788806037524]",48.25946680251316,6.730623409285253,-13.269376590714748
ICP,bullish_engulfing,trend_aligned,development,1,613,45.35073409461664,"[41.45083979716001, 49.30853829925893]",49.12393162393162,1.501938449728089,-18.498061550271913
ICP,bullish_engulfing,trend_aligned,development,2,613,45.840130505709624,"[41.93379412601088, 49.798281012890264]",49.700854700854705,-0.9220752588092495,-20.92207525880925
ICP,bullish_engulfing,trend_aligned,development,3,613,45.18760195758564,"[41.289939541166575, 49.14520620775827]",49.2094017094017,-1.686733516721088,-21.686733516721088
ICP,bullish_engulfing,trend_aligned,final_exploratory,1,261,46.74329501915709,"[40.78124394225704, 52.79982489285043]",47.94661190965092,7.3079573864154606,-12.692042613584539
ICP,bullish_engulfing,trend_aligned,final_exploratory,2,261,49.808429118773944,"[43.789359301498834, 55.83305651233101]",48.12532100667694,9.82298859491358,-10.17701140508642
ICP,bullish_engulfing,trend_aligned,final_exploratory,3,261,48.275862068965516,"[42.28250829778343, 54.31923402668524]",47.27646454265159,16.728061672357033,-3.271938327642967
ICP,bullish_engulfing,range,development,1,827,44.37726723095526,"[41.02482498907685, 47.78170564203261]",48.302001212856275,-5.472463416441739,-25.472463416441737
ICP,bullish_engulfing,range,development,2,827,47.40024183796856,"[44.01693372366836, 50.807591191790856]",47.80169799878715,-9.22003216616111,-29.220032166161108
ICP,bullish_engulfing,range,development,3,827,46.19105199516324,"[42.818591050064484, 49.598736151654826]",47.46816252274105,-8.721814961367084,-28.721814961367087
ICP,bullish_engulfing,range,final_exploratory,1,267,44.56928838951311,"[38.72622835441687, 50.56640615963119]",48.57274401473297,-10.5753395485974,-30.5753395485974
ICP,bullish_engulfing,range,final_exploratory,2,267,48.31460674157304,"[42.3870315943521, 54.28999291000765]",49.033149171270715,-2.218962681358552,-22.21896268135855
ICP,bullish_engulfing,range,final_exploratory,3,267,50.18726591760299,"[44.22983432334619, 56.139385176169384]",48.34254143646409,-2.0320082692691037,-22.032008269269102
ICP,bearish_engulfing,all,development,1,2328,48.6254295532646,"[46.59901830436966, 50.65636988323281]",50.333552055993,2.2606002981554734,-17.739399701844526
ICP,bearish_engulfing,all,development,2,2328,49.355670103092784,"[47.327458271157575, 51.386004941781096]",50.45931758530183,0.39710254360895725,-19.602897456391045
ICP,bearish_engulfing,all,development,3,2328,50.0,"[47.970558426320416, 52.02944157367958]",50.842082239720035,-3.9630349846223316,-23.963034984622333
ICP,bearish_engulfing,all,final_exploratory,1,726,49.31129476584022,"[45.68772584972643, 52.942113830554874]",49.125785095909016,-2.133505639866417,-22.133505639866417
ICP,bearish_engulfing,all,final_exploratory,2,726,48.89807162534435,"[45.27721184338153, 52.53053164506857]",49.38879456706282,-2.6431141292226243,-22.643114129222624
ICP,bearish_engulfing,all,final_exploratory,3,726,49.17355371900826,"[45.55086045043989, 52.80494716589769]",50.042452029207,-1.900655254418575,-21.900655254418577
ICP,bearish_engulfing,trend_aligned,development,1,853,48.30011723329426,"[44.96173962962322, 51.65373749006845]",49.698218754600326,0.5215682665061883,-19.47843173349381
ICP,bearish_engulfing,trend_aligned,development,2,853,50.058616647127785,"[46.71043048903368, 53.40627719649419]",49.654055645517445,1.2184707646914077,-18.781529235308593
ICP,bearish_engulfing,trend_aligned,development,3,853,48.18288393903869,"[44.845306952099065, 51.53675479653687]",49.83070808184896,-7.050561078841877,-27.050561078841877
ICP,bearish_engulfing,trend_aligned,final_exploratory,1,214,48.13084112149533,"[41.52855252314353, 54.79905432513521]",48.4472049689441,0.8792267465710317,-19.12077325342897
ICP,bearish_engulfing,trend_aligned,final_exploratory,2,214,50.0,"[43.36018977783148, 56.63981022216852]",48.616600790513836,4.36588621494014,-15.634113785059858
ICP,bearish_engulfing,trend_aligned,final_exploratory,3,214,43.925233644859816,"[37.44086800085948, 50.62385425604645]",49.35064935064935,-6.7362906202414194,-26.736290620241423
ICP,bearish_engulfing,range,development,1,849,49.58775029446407,"[46.233953127122504, 52.94526139524602]",50.84899939357186,6.303048498596356,-13.696951501403642
ICP,bearish_engulfing,range,development,2,849,49.23439340400471,"[45.882466021638635, 52.59321809133147]",51.546391752577314,3.3277107919608198,-16.67228920803918
ICP,bearish_engulfing,range,development,3,849,51.82567726737338,"[48.46391355598111, 55.17099355924405]",52.1376591873863,6.1813045031409475,-13.818695496859053
ICP,bearish_engulfing,range,final_exploratory,1,265,50.56603773584906,"[44.581401439377615, 56.534497290580845]",48.48066298342542,-3.075660021069306,-23.075660021069307
ICP,bearish_engulfing,range,final_exploratory,2,265,49.81132075471698,"[43.837133361413095, 55.790900395267414]",48.89502762430939,-3.760719161006995,-23.760719161006996
ICP,bearish_engulfing,range,final_exploratory,3,265,50.56603773584906,"[44.581401439377615, 56.534497290580845]",49.125230202578265,-3.3682947086504056,-23.368294708650403
ICP,lower_wick_rejection,all,development,1,1436,47.98050139275766,"[45.40532260532023, 50.56645651260497]",48.87904636920385,-1.6399666130045232,-21.639966613004525
ICP,lower_wick_rejection,all,development,2,1436,47.701949860724234,"[45.128134404717514, 50.28802803981806]",48.97747156605424,-3.965041084235987,-23.965041084235988
ICP,lower_wick_rejection,all,development,3,1436,46.37883008356546,"[43.812586843369125, 48.964396402565704]",48.64391951006124,-7.098901819030767,-27.098901819030768
ICP,lower_wick_rejection,all,final_exploratory,1,380,45.78947368421053,"[40.84712983473211, 50.816097913380666]",48.36190799524699,-1.3874050249522123,-21.387405024952212
ICP,lower_wick_rejection,all,final_exploratory,2,380,47.63157894736842,"[42.65876813087122, 52.65179747744221]",48.692699490662136,-0.7733040229728059,-20.773304022972805
ICP,lower_wick_rejection,all,final_exploratory,3,380,50.0,"[44.997926657777136, 55.00207334222286]",48.25946680251316,3.984426232697055,-16.015573767302946
ICP,lower_wick_rejection,trend_aligned,development,1,373,44.50402144772118,"[39.542008696303036, 49.578088447961306]",49.12393162393162,-7.142033263930707,-27.142033263930706
ICP,lower_wick_rejection,trend_aligned,development,2,373,47.98927613941019,"[42.96549850700574, 53.05404922870073]",49.700854700854705,-5.78705571614953,-25.78705571614953
ICP,lower_wick_rejection,trend_aligned,development,3,373,46.11260053619303,"[41.1190370558057, 51.18542189989347]",49.2094017094017,-3.3618868486830666,-23.361886848683064
ICP,lower_wick_rejection,trend_aligned,final_exploratory,1,121,44.62809917355372,"[36.07165818368641, 53.515146214847405]",47.94661190965092,-3.682813797599578,-23.68281379759958
ICP,lower_wick_rejection,trend_aligned,final_exploratory,2,121,43.80165289256198,"[35.287007928056944, 52.6977663779436]",48.12532100667694,-13.422046674355414,-33.422046674355414
ICP,lower_wick_rejection,trend_aligned,final_exploratory,3,121,47.107438016528924,"[38.43973889692793, 55.95315577920565]",47.27646454265159,-5.16851370133991,-25.168513701339908
ICP,lower_wick_rejection,range,development,1,550,47.63636363636363,"[43.49316529127174, 51.81235166520102]",48.302001212856275,-4.504861116859006,-24.504861116859004
ICP,lower_wick_rejection,range,development,2,550,47.45454545454545,"[43.31334734535002, 51.63105553085141]",47.80169799878715,-4.9520995394147596,-24.95209953941476
ICP,lower_wick_rejection,range,development,3,550,47.27272727272727,"[43.13358429347919, 51.44970450245091]",47.46816252274105,-7.903988861060621,-27.903988861060622
ICP,lower_wick_rejection,range,final_exploratory,1,143,47.55244755244755,"[39.53865848421657, 55.69430002345428]",48.57274401473297,-0.02548690211505318,-20.025486902115055
ICP,lower_wick_rejection,range,final_exploratory,2,143,45.45454545454545,"[37.51880921668999, 53.6281137261273]",49.033149171270715,1.8169345589558494,-18.183065441044153
ICP,lower_wick_rejection,range,final_exploratory,3,143,51.74825174825175,"[43.62006831565453, 59.78496132172344]",48.34254143646409,15.69943280042805,-4.30056719957195
ICP,upper_wick_rejection,all,development,1,1322,48.71406959152799,"[46.02727079290215, 51.40832030636643]",50.333552055993,0.6427712224723163,-19.357228777527684
ICP,upper_wick_rejection,all,development,2,1322,50.529500756429655,"[47.83670458702095, 53.219228489750826]",50.45931758530183,2.4900614915242474,-17.509938508475752
ICP,upper_wick_rejection,all,development,3,1322,49.84871406959153,"[47.15775226472517, 52.54055257048289]",50.842082239720035,-0.8514724244667342,-20.85147242446673
ICP,upper_wick_rejection,all,final_exploratory,1,363,47.93388429752066,"[42.84318270057662, 53.06785901334023]",49.125785095909016,3.078144400389351,-16.92185559961065
ICP,upper_wick_rejection,all,final_exploratory,2,363,49.862258953168045,"[44.74705792843752, 54.98034485249028]",49.38879456706282,7.990158002807054,-12.009841997192945
ICP,upper_wick_rejection,all,final_exploratory,3,362,52.48618784530387,"[47.34270149666814, 57.577460671876935]",50.042452029207,1.7452405225085315,-18.25475947749147
ICP,upper_wick_rejection,trend_aligned,development,1,448,50.669642857142854,"[46.05401931288849, 55.2738796676392]",49.698218754600326,3.0443448790046235,-16.955655120995377
ICP,upper_wick_rejection,trend_aligned,development,2,448,51.339285714285715,"[46.71919895599101, 55.936599005064366]",49.654055645517445,4.519299348673167,-15.480700651326835
ICP,upper_wick_rejection,trend_aligned,development,3,448,50.669642857142854,"[46.05401931288849, 55.2738796676392]",49.83070808184896,1.0315031438705384,-18.968496856129462
ICP,upper_wick_rejection,trend_aligned,final_exploratory,1,110,51.81818181818182,"[42.57777238231319, 60.935881677362715]",48.4472049689441,6.788404318075814,-13.211595681924186
ICP,upper_wick_rejection,trend_aligned,final_exploratory,2,110,49.09090909090909,"[39.93812926379583, 58.305043706366234]",48.616600790513836,16.904395755164206,-3.0956042448357954
ICP,upper_wick_rejection,trend_aligned,final_exploratory,3,110,52.72727272727273,"[43.46352821640567, 61.806952873108166]",49.35064935064935,5.585037016316519,-14.414962983683482
ICP,upper_wick_rejection,range,development,1,499,48.897795591182366,"[44.53697785277533, 53.27545453149837]",50.84899939357186,2.445697575671755,-17.554302424328245
ICP,upper_wick_rejection,range,development,2,499,50.901803607214426,"[46.525327270809925, 55.264500778420675]",51.546391752577314,6.624783393725621,-13.375216606274382
ICP,upper_wick_rejection,range,development,3,499,50.901803607214426,"[46.525327270809925, 55.264500778420675]",52.1376591873863,9.003944095740755,-10.996055904259247
ICP,upper_wick_rejection,range,final_exploratory,1,127,44.881889763779526,"[36.50835857973957, 53.55596347073978]",48.48066298342542,-0.022967457148665535,-20.022967457148667
ICP,upper_wick_rejection,range,final_exploratory,2,127,50.39370078740158,"[41.8149182069332, 58.94936471226071]",48.89502762430939,-0.9205844059181136,-20.920584405918113
ICP,upper_wick_rejection,range,final_exploratory,3,127,51.968503937007874,"[43.34967353450727, 60.471741061462204]",49.125230202578265,-12.239499963365226,-32.239499963365226
ICP,inside_bar_up_break,all,development,1,689,44.412191582002905,"[40.74322990450866, 48.143118721208964]",48.87904636920385,-5.5680538535215724,-25.568053853521572
ICP,inside_bar_up_break,all,development,2,689,44.99274310595065,"[41.31598193252227, 48.72503177104288]",48.97747156605424,-8.677210408236578,-28.67721040823658
ICP,inside_bar_up_break,all,development,3,689,45.71843251088534,"[42.03263436370423, 49.45171068717031]",48.64391951006124,-13.35188021344088,-33.35188021344088
ICP,inside_bar_up_break,all,final_exploratory,1,208,49.03846153846154,"[42.32393742446302, 55.787859314232314]",48.36190799524699,13.143653236321644,-6.856346763678357
ICP,inside_bar_up_break,all,final_exploratory,2,208,45.67307692307692,"[39.04315970047479, 52.45992562365418]",48.692699490662136,13.33612960574411,-6.6638703942558895
ICP,inside_bar_up_break,all,final_exploratory,3,208,47.59615384615385,"[40.91420714004712, 54.365284706691206]",48.25946680251316,19.37950849194641,-0.6204915080535887
ICP,inside_bar_up_break,trend_aligned,development,1,182,48.9010989010989,"[41.736744896289494, 56.110884482708535]",49.12393162393162,-1.536601356059336,-21.536601356059336
ICP,inside_bar_up_break,trend_aligned,development,2,182,47.8021978021978,"[40.6656635604295, 55.029595197566564]",49.700854700854705,2.0424533481257665,-17.957546651874235
ICP,inside_bar_up_break,trend_aligned,development,3,182,47.252747252747255,"[40.131401267791496, 54.48767217970358]",49.2094017094017,-10.39643896097373,-30.396438960973732
ICP,inside_bar_up_break,trend_aligned,final_exploratory,1,68,52.94117647058823,"[41.24071581374707, 64.3270889122056]",47.94661190965092,42.985188263426494,22.98518826342649
ICP,inside_bar_up_break,trend_aligned,final_exploratory,2,68,54.411764705882355,"[42.656397784293446, 65.69530930463551]",48.12532100667694,48.81751022506535,28.817510225065348
ICP,inside_bar_up_break,trend_aligned,final_exploratory,3,68,57.35294117647059,"[45.5165693769645, 68.40294243791712]",47.27646454265159,59.316668064716026,39.316668064716026
ICP,inside_bar_up_break,range,development,1,252,41.666666666666664,"[35.74929969768279, 47.834292650082396]",48.302001212856275,-9.659492173173087,-29.65949217317309
ICP,inside_bar_up_break,range,development,2,252,45.63492063492063,"[39.59660987213398, 51.80431945288587]",47.80169799878715,-10.557873942419347,-30.55787394241935
ICP,inside_bar_up_break,range,development,3,252,45.23809523809524,"[39.2101325642931, 51.40906306300129]",47.46816252274105,-13.623655618904202,-33.6236556189042
ICP,inside_bar_up_break,range,final_exploratory,1,72,50.0,"[38.746896004724256, 61.25310399527575]",48.57274401473297,4.386100612601078,-15.61389938739892
ICP,inside_bar_up_break,range,final_exploratory,2,72,45.833333333333336,"[34.82843869513592, 57.260335803292385]",49.033149171270715,5.46870196006338,-14.53129803993662
ICP,inside_bar_up_break,range,final_exploratory,3,72,47.22222222222222,"[36.12631919907143, 58.599530466547435]",48.34254143646409,11.784090546961417,-8.215909453038583
ICP,inside_bar_down_break,all,development,1,725,43.86206896551724,"[40.29170714670403, 47.49713476352723]",50.333552055993,-9.509078063979278,-29.509078063979278
ICP,inside_bar_down_break,all,development,2,725,44.0,"[40.42769314200908, 47.635556815183264]",50.45931758530183,-20.82481306004008,-40.82481306004008
ICP,inside_bar_down_break,all,development,3,725,42.48275862068966,"[38.93339821282312, 46.11136322779716]",50.842082239720035,-26.353782553897634,-46.35378255389764
ICP,inside_bar_down_break,all,final_exploratory,1,235,40.0,"[33.945684838094955, 46.376001166353184]",49.125785095909016,-10.133894406477395,-30.133894406477395
ICP,inside_bar_down_break,all,final_exploratory,2,235,48.93617021276596,"[42.61349882446791, 55.29306351643083]",49.38879456706282,-16.634672770351866,-36.63467277035186
ICP,inside_bar_down_break,all,final_exploratory,3,235,45.95744680851064,"[39.70169911680102, 52.343237778614196]",50.042452029207,-11.760271982808158,-31.76027198280816
ICP,inside_bar_down_break,trend_aligned,development,1,285,43.50877192982456,"[37.87696749201781, 49.313243336339326]",49.698218754600326,-9.283642929304719,-29.283642929304722
ICP,inside_bar_down_break,trend_aligned,development,2,285,45.96491228070175,"[40.27085008120051, 51.76630800129176]",49.654055645517445,-13.764153184304684,-33.76415318430468
ICP,inside_bar_down_break,trend_aligned,development,3,285,41.05263157894737,"[35.49717317784366, 46.84609039637833]",49.83070808184896,-33.848909263169524,-53.84890926316952
ICP,inside_bar_down_break,trend_aligned,final_exploratory,1,75,42.666666666666664,"[32.10056336595694, 53.947411307311995]",48.4472049689441,-5.633707168504347,-25.633707168504348
ICP,inside_bar_down_break,trend_aligned,final_exploratory,2,75,57.333333333333336,"[46.052588692688005, 67.89943663404307]",48.616600790513836,5.66603607102126,-14.33396392897874
ICP,inside_bar_down_break,trend_aligned,final_exploratory,3,75,49.333333333333336,"[38.32981847341953, 60.401815587786736]",49.35064935064935,6.173250689234436,-13.826749310765566
ICP,inside_bar_down_break,range,development,1,244,45.49180327868852,"[39.36164780470069, 51.76171485919432]",50.84899939357186,-4.7925098354332,-24.792509835433197
ICP,inside_bar_down_break,range,development,2,244,47.131147540983605,"[40.96071696344904, 53.39051382266597]",51.546391752577314,-6.398345541745837,-26.398345541745837
ICP,inside_bar_down_break,range,development,3,244,47.540983606557376,"[41.36152032567371, 53.7966774909963]",52.1376591873863,-3.4050259832894723,-23.40502598328947
ICP,inside_bar_down_break,range,final_exploratory,1,83,40.963855421686745,"[31.01274465766225, 51.714427573158005]",48.48066298342542,-5.635023498157603,-25.6350234981576
ICP,inside_bar_down_break,range,final_exploratory,2,83,44.57831325301205,"[34.36112760405485, 55.27517573443731]",48.89502762430939,-20.64460513120715,-40.64460513120715
ICP,inside_bar_down_break,range,final_exploratory,3,83,45.78313253012048,"[35.489199413707425, 56.45014762734203]",49.125230202578265,-10.120540466832436,-30.120540466832434
ICP,three_bar_up_reversal,all,development,1,406,42.610837438423644,"[37.89194086356027, 47.46825683233005]",48.87904636920385,-5.622854442559871,-25.62285444255987
ICP,three_bar_up_reversal,all,development,2,406,46.30541871921182,"[41.51234843002724, 51.16775041791794]",48.97747156605424,-8.868046932883752,-28.868046932883754
ICP,three_bar_up_reversal,all,development,3,406,47.04433497536946,"[42.23961512824702, 51.904463950109125]",48.64391951006124,-16.6323065321664,-36.6323065321664
ICP,three_bar_up_reversal,all,final_exploratory,1,130,46.15384615384615,"[37.81769959668404, 54.710781832109404]",48.36190799524699,1.4690880562578688,-18.530911943742133
ICP,three_bar_up_reversal,all,final_exploratory,2,130,49.23076923076923,"[40.782903157362526, 57.72279312839616]",48.692699490662136,9.443172250948663,-10.556827749051337
ICP,three_bar_up_reversal,all,final_exploratory,3,130,47.69230769230769,"[39.29639354034779, 56.22069531692827]",48.25946680251316,2.5886676577020915,-17.41133234229791
ICP,three_bar_up_reversal,trend_aligned,development,1,101,31.683168316831683,"[23.423391085400684, 41.28527417724314]",49.12393162393162,-25.042282545523506,-45.042282545523506
ICP,three_bar_up_reversal,trend_aligned,development,2,101,37.62376237623762,"[28.79296294235288, 47.36154061348755]",49.700854700854705,-24.18604847553571,-44.18604847553571
ICP,three_bar_up_reversal,trend_aligned,development,3,101,39.603960396039604,"[30.6152707505536, 49.35451223635236]",49.2094017094017,-32.568079869990235,-52.568079869990235
ICP,three_bar_up_reversal,trend_aligned,final_exploratory,1,42,40.476190476190474,"[27.042647671209085, 55.505954471822584]",47.94661190965092,-0.44070954532877893,-20.44070954532878
ICP,three_bar_up_reversal,trend_aligned,final_exploratory,2,42,28.571428571428573,"[17.16685874457567, 43.567496077245565]",48.12532100667694,-22.121899529891472,-42.12189952989147
ICP,three_bar_up_reversal,trend_aligned,final_exploratory,3,42,33.333333333333336,"[21.01228076197232, 48.447772988333085]",47.27646454265159,-10.024441185163017,-30.024441185163017
ICP,three_bar_up_reversal,range,development,1,142,45.070422535211264,"[37.1238233112124, 53.276720840799086]",48.302001212856275,-2.589048327674258,-22.589048327674256
ICP,three_bar_up_reversal,range,development,2,142,50.70422535211268,"[42.57151816737727, 58.79983266804965]",47.80169799878715,-7.530516658956069,-27.53051665895607
ICP,three_bar_up_reversal,range,development,3,142,52.816901408450704,"[44.640309470218455, 60.845093871489254]",47.46816252274105,-18.728623311084522,-38.72862331108452
ICP,three_bar_up_reversal,range,final_exploratory,1,52,48.07692307692308,"[35.10389470288445, 61.31454602947278]",48.57274401473297,-4.136297425556652,-24.136297425556656
ICP,three_bar_up_reversal,range,final_exploratory,2,52,53.84615384615385,"[40.5033783976834, 66.65974013760211]",49.033149171270715,21.782571137636243,1.7825711376362419
ICP,three_bar_up_reversal,range,final_exploratory,3,52,53.84615384615385,"[40.5033783976834, 66.65974013760211]",48.34254143646409,-0.8324129322231494,-20.83241293222315
ICP,three_bar_down_reversal,all,development,1,416,48.79807692307692,"[44.027631736467086, 53.59051758461019]",50.333552055993,-1.2771036198274468,-21.277103619827447
ICP,three_bar_down_reversal,all,development,2,416,46.63461538461539,"[41.89334349630277, 51.43747460271361]",50.45931758530183,-5.128196181689947,-25.128196181689948
ICP,three_bar_down_reversal,all,development,3,416,46.39423076923077,"[41.65675057089507, 51.19769739233677]",50.842082239720035,-0.27886258286291327,-20.278862582862914
ICP,three_bar_down_reversal,all,final_exploratory,1,124,50.0,"[41.33257730247514, 58.66742269752486]",49.125785095909016,5.505985487747737,-14.494014512252264
ICP,three_bar_down_reversal,all,final_exploratory,2,124,44.354838709677416,"[35.91080039637905, 53.13814767686156]",49.38879456706282,-4.659795971328108,-24.65979597132811
ICP,three_bar_down_reversal,all,final_exploratory,3,124,49.193548387096776,"[40.5514528950842, 57.884111115378744]",50.042452029207,-4.170722068633163,-24.170722068633165
ICP,three_bar_down_reversal,trend_aligned,development,1,147,46.93877551020408,"[39.0520123628165, 54.98146381351682]",49.698218754600326,-5.782335493337121,-25.782335493337122
ICP,three_bar_down_reversal,trend_aligned,development,2,147,42.857142857142854,"[35.13948880448692, 50.938622273624155]",49.654055645517445,-2.2387319481021737,-22.238731948102174
ICP,three_bar_down_reversal,trend_aligned,development,3,147,46.93877551020408,"[39.0520123628165, 54.98146381351682]",49.83070808184896,-7.061322818489587,-27.061322818489586
ICP,three_bar_down_reversal,trend_aligned,final_exploratory,1,48,43.75,"[30.70105464041092, 57.72522849899835]",48.4472049689441,3.453659280801084,-16.546340719198916
ICP,three_bar_down_reversal,trend_aligned,final_exploratory,2,48,41.666666666666664,"[28.849459734577014, 55.71891778463536]",48.616600790513836,-17.90483582027304,-37.904835820273036
ICP,three_bar_down_reversal,trend_aligned,final_exploratory,3,48,47.916666666666664,"[34.47109001578747, 61.67100436401562]",49.35064935064935,-3.6030539022124013,-23.6030539022124
ICP,three_bar_down_reversal,range,development,1,162,49.382716049382715,"[41.787674736098516, 57.00635522984487]",50.84899939357186,-4.7520291870460865,-24.752029187046087
ICP,three_bar_down_reversal,range,development,2,162,45.06172839506173,"[37.60255595358415, 52.749683773963106]",51.546391752577314,-10.042426440801242,-30.04242644080124
ICP,three_bar_down_reversal,range,development,3,162,45.06172839506173,"[37.60255595358415, 52.749683773963106]",52.1376591873863,-3.0026007697691734,-23.00260076976917
ICP,three_bar_down_reversal,range,final_exploratory,1,37,51.351351351351354,"[35.894637225980915, 66.55384667278896]",48.48066298342542,5.372125061962082,-14.627874938037918
ICP,three_bar_down_reversal,range,final_exploratory,2,37,45.945945945945944,"[31.038327828457724, 61.616220475232645]",48.89502762430939,1.5817974419387473,-18.418202558061253
ICP,three_bar_down_reversal,range,final_exploratory,3,37,45.945945945945944,"[31.038327828457724, 61.616220475232645]",49.125230202578265,-7.798936378678862,-27.798936378678864
ICP,doji_follow_previous_direction,all,development,1,2261,46.926138876603275,"[44.876000278842334, 48.98670517481942]",46.74103237095363,1.6405919007438683,-18.359408099256132
ICP,doji_follow_previous_direction,all,development,2,2261,47.63379035824856,"[45.58086627445396, 49.69474152081084]",47.22222222222222,3.106134534072762,-16.893865465927238
ICP,doji_follow_previous_direction,all,development,3,2261,46.5280849181778,"[44.47969508234793, 48.588252804162096]",47.5667104111986,-2.412792879843739,-22.41279287984374
ICP,doji_follow_previous_direction,all,final_exploratory,1,736,39.40217391304348,"[35.93569745957815, 42.97870800234776]",45.951451366491256,5.92820855792496,-14.071791442075043
ICP,doji_follow_previous_direction,all,final_exploratory,2,736,40.35326086956522,"[36.867752569690694, 43.93894983795982]",46.89303904923599,0.30269863690921506,-19.697301363090784
ICP,doji_follow_previous_direction,all,final_exploratory,3,736,41.16847826086956,"[37.66774995868991, 44.760921259581686]",47.42740703005603,5.155518938541938,-14.844481061458064
ICP,doji_follow_previous_direction,trend_aligned,development,1,637,49.45054945054945,"[45.582829918674065, 53.32485647371994]",46.96463135667781,3.77391820383012,-16.226081796169883
ICP,doji_follow_previous_direction,trend_aligned,development,2,637,51.96232339089482,"[48.08227906166777, 55.8188409654965]",47.61569593524547,-0.7216217416541859,-20.72162174165419
ICP,doji_follow_previous_direction,trend_aligned,development,3,637,49.92150706436421,"[46.05073671518241, 53.793218483730996]",47.7212739750132,-5.052660543292424,-25.052660543292426
ICP,doji_follow_previous_direction,trend_aligned,final_exploratory,1,169,52.662721893491124,"[45.1596669614197, 60.047412815670995]",46.42458100558659,15.523328016079528,-4.476671983920473
ICP,doji_follow_previous_direction,trend_aligned,final_exploratory,2,169,48.5207100591716,"[41.10256415729105, 56.00461374432521]",47.28898826159866,-2.060497569569518,-22.060497569569517
ICP,doji_follow_previous_direction,trend_aligned,final_exploratory,3,169,44.37869822485207,"[37.095627985868376, 51.91164804027347]",47.45667970933483,3.31673322501545,-16.68326677498455
ICP,doji_follow_previous_direction,range,development,1,825,47.515151515151516,"[44.12684931445141, 50.92648777673705]",46.63432383262583,0.13007030642903533,-19.869929693570967
ICP,doji_follow_previous_direction,range,development,2,825,46.06060606060606,"[42.68539141705028, 49.4723381177607]",47.073984232868405,2.6257844292663184,-17.374215570733682
ICP,doji_follow_previous_direction,range,development,3,825,45.696969696969695,"[42.32547845885752, 49.108349186859094]",47.61976955730746,-0.1538780647572698,-20.15387806475727
ICP,doji_follow_previous_direction,range,final_exploratory,1,271,36.53136531365314,"[31.023692409979496, 42.41555405052721]",45.81031307550645,3.2086940796827825,-16.791305920317217
ICP,doji_follow_previous_direction,range,final_exploratory,2,271,39.85239852398524,"[34.204196529377185, 45.78427683127856]",46.86924493554328,2.7113616930066864,-17.288638306993313
ICP,doji_follow_previous_direction,range,final_exploratory,3,271,44.64944649446495,"[38.84637686274564, 50.60209090923649]",47.42173112338858,7.5500305350607375,-12.449969464939262
AAVE,bullish_engulfing,all,development,1,2291,47.40288083806198,"[45.364248786638655, 49.45020812402569]",49.578958880139986,2.3144238957434613,-17.685576104256537
AAVE,bullish_engulfing,all,development,2,2291,49.89087734613706,"[47.845328266274514, 51.93679177198871]",49.42038495188101,2.176141667076881,-17.82385833292312
AAVE,bullish_engulfing,all,development,3,2291,47.795722391968575,"[45.75566138673461, 49.843163386182184]",49.179790026246714,-0.33944680676246075,-20.33944680676246
AAVE,bullish_engulfing,all,final_exploratory,1,738,46.612466124661246,"[43.040155593160364, 50.21986110043029]",49.22763537599729,-0.4812882083010311,-20.481288208301034
AAVE,bullish_engulfing,all,final_exploratory,2,738,47.8319783197832,"[44.24849456728048, 51.437916116617544]",49.40577249575552,-1.3545434784374137,-21.354543478437414
AAVE,bullish_engulfing,all,final_exploratory,3,738,47.8319783197832,"[44.24849456728048, 51.437916116617544]",49.516046867040245,0.6337855265740324,-19.36621447342597
AAVE,bullish_engulfing,trend_aligned,development,1,741,48.44804318488529,"[44.866944856098044, 52.04515027929719]",49.966147596479345,3.139858834821219,-16.86014116517878
AAVE,bullish_engulfing,trend_aligned,development,2,741,49.932523616734144,"[46.34205093346363, 53.52369233329269]",49.61069735951252,2.4468368229720983,-17.5531631770279
AAVE,bullish_engulfing,trend_aligned,development,3,741,47.77327935222672,"[44.197484197769946, 51.37204360518843]",49.50914014895058,-0.28897464045931,-20.288974640459312
AAVE,bullish_engulfing,trend_aligned,final_exploratory,1,291,45.70446735395189,"[40.073947749233156, 51.446923118378486]",49.11032028469751,-1.4757593132298477,-21.47575931322985
AAVE,bullish_engulfing,trend_aligned,final_exploratory,2,291,45.017182130584196,"[39.40283242802127, 50.761377778408225]",48.99866488651535,-2.1240429510863224,-22.124042951086324
AAVE,bullish_engulfing,trend_aligned,final_exploratory,3,291,45.70446735395189,"[40.073947749233156, 51.446923118378486]",49.02048085485307,7.025058720611458,-12.974941279388542
AAVE,bullish_engulfing,range,development,1,751,44.34087882822903,"[40.82552376588724, 47.91383559109575]",48.49560513860717,-3.375033963991506,-23.37503396399151
AAVE,bullish_engulfing,range,development,2,751,47.00399467376831,"[43.458659363328415, 50.57982500213316]",48.427991886409735,-6.2691255224518185,-26.26912552245182
AAVE,bullish_engulfing,range,development,3,751,46.33821571238349,"[42.799421866817475, 49.91428124652445]",48.17444219066937,-7.097163402215233,-27.097163402215234
AAVE,bullish_engulfing,range,final_exploratory,1,217,47.004608294930875,"[40.473795030644496, 53.63963287424299]",49.66292134831461,3.321824005368312,-16.678175994631687
AAVE,bullish_engulfing,range,final_exploratory,2,217,51.1520737327189,"[44.53919632180342, 57.724869868624474]",49.7752808988764,6.931786237047638,-13.068213762952363
AAVE,bullish_engulfing,range,final_exploratory,3,217,52.995391705069125,"[46.360367125757016, 59.526204969355504]",49.9438202247191,5.881318764864266,-14.118681235135734
AAVE,bearish_engulfing,all,development,1,2335,46.895074946466806,"[44.877677025331494, 48.922672686252234]",50.07655293088364,-2.8871272884521426,-22.88712728845214
AAVE,bearish_engulfing,all,development,2,2335,48.82226980728051,"[46.79836324874929, 50.8500452625411]",50.382764654418196,-5.165304761709133,-25.165304761709134
AAVE,bearish_engulfing,all,development,3,2335,47.40899357601713,"[45.38956518666809, 49.43693353817075]",50.59601924759405,-7.363213854825365,-27.363213854825364
AAVE,bearish_engulfing,all,final_exploratory,1,734,48.228882833787466,"[44.6325395278159, 51.84366891583922]",50.14428789679172,-5.83349864075598,-25.83349864075598
AAVE,bearish_engulfing,all,final_exploratory,2,734,48.09264305177112,"[44.49736905802937, 51.70777849667614]",50.1188455008489,-3.4742969367478813,-23.47429693674788
AAVE,bearish_engulfing,all,final_exploratory,3,734,48.09264305177112,"[44.49736905802937, 51.70777849667614]",50.0254712175242,-6.640007480885481,-26.640007480885483
AAVE,bearish_engulfing,trend_aligned,development,1,785,46.87898089171974,"[43.4117084086387, 50.376651637281824]",49.399519615692554,-3.9579274640981836,-23.957927464098184
AAVE,bearish_engulfing,trend_aligned,development,2,785,49.42675159235669,"[45.9405288271676, 52.918557711879046]",49.623698959167335,-8.530091759425536,-28.530091759425535
AAVE,bearish_engulfing,trend_aligned,development,3,785,46.11464968152866,"[42.65482757080191, 49.612314527180764]",50.02401921537229,-13.130208580387551,-33.13020858038755
AAVE,bearish_engulfing,trend_aligned,final_exploratory,1,219,50.68493150684932,"[44.10883185913337, 57.23741587917044]",50.295222758990874,-0.044168070759686984,-20.04416807075969
AAVE,bearish_engulfing,trend_aligned,final_exploratory,2,219,47.945205479452056,"[41.42118134491797, 54.54007544017063]",49.9194847020934,2.118782435062737,-17.881217564937263
AAVE,bearish_engulfing,trend_aligned,final_exploratory,3,219,50.22831050228311,"[43.65954450459771, 56.78920474150354]",49.86580783682233,1.4444041830060887,-18.55559581699391
AAVE,bearish_engulfing,range,development,1,765,47.450980392156865,"[43.933955313108264, 50.99347837414279]",51.20013522650439,-1.839570902217005,-21.839570902217005
AAVE,bearish_engulfing,range,development,2,765,49.01960784313726,"[45.49084815828032, 52.55816479835471]",51.3184584178499,-2.106789776173846,-22.106789776173848
AAVE,bearish_engulfing,range,development,3,765,49.80392156862745,"[46.27059392841654, 53.339208662910465]",51.58891142663962,-4.188056159020315,-24.188056159020316
AAVE,bearish_engulfing,range,final_exploratory,1,214,54.205607476635514,"[47.51474594320254, 60.74813864817027]",49.8314606741573,1.8918618994892582,-18.108138100510743
AAVE,bearish_engulfing,range,final_exploratory,2,214,52.80373831775701,"[46.124747523654754, 59.38384220392713]",49.7752808988764,16.09217729505959,-3.9078227049404113
AAVE,bearish_engulfing,range,final_exploratory,3,214,50.467289719626166,"[43.81952378764557, 57.09857450028473]",49.550561797752806,8.94959550540214,-11.05040449459786
AAVE,lower_wick_rejection,all,development,1,1389,48.02015838732901,"[45.401790661934236, 50.64944732521377]",49.578958880139986,-5.189091811279437,-25.18909181127944
AAVE,lower_wick_rejection,all,development,2,1389,46.868250539956804,"[44.25614787821164, 49.49762857418609]",49.42038495188101,-6.276196966246535,-26.276196966246538
AAVE,lower_wick_rejection,all,development,3,1389,47.58819294456443,"[44.972011123334, 50.21767878828264]",49.179790026246714,-5.383453910501043,-25.383453910501043
AAVE,lower_wick_rejection,all,final_exploratory,1,439,51.252847380410024,"[46.586475389070245, 55.89748275758987]",49.22763537599729,7.774260638399122,-12.225739361600878
AAVE,lower_wick_rejection,all,final_exploratory,2,439,52.16400911161731,"[47.49260923258361, 56.79786392982932]",49.40577249575552,9.882927548977161,-10.117072451022839
AAVE,lower_wick_rejection,all,final_exploratory,3,439,51.70842824601367,"[47.0393503368707, 56.347865317665836]",49.516046867040245,15.207028681304608,-4.792971318695392
AAVE,lower_wick_rejection,trend_aligned,development,1,448,46.205357142857146,"[41.640462512050384, 50.834776598292706]",49.966147596479345,-9.747425971268122,-29.74742597126812
AAVE,lower_wick_rejection,trend_aligned,development,2,448,44.86607142857143,"[40.323540246949975, 49.495900902337745]",49.61069735951252,-16.293816367803995,-36.29381636780399
AAVE,lower_wick_rejection,trend_aligned,development,3,448,46.42857142857143,"[41.8602717594109, 51.05760034444143]",49.50914014895058,-9.795024341960579,-29.795024341960577
AAVE,lower_wick_rejection,trend_aligned,final_exploratory,1,162,46.2962962962963,"[38.79260457287528, 53.97157522278518]",49.11032028469751,4.749117471102766,-15.250882528897234
AAVE,lower_wick_rejection,trend_aligned,final_exploratory,2,162,49.382716049382715,"[41.787674736098516, 57.00635522984487]",48.99866488651535,15.146934453439748,-4.853065546560253
AAVE,lower_wick_rejection,trend_aligned,final_exploratory,3,162,48.76543209876543,"[41.18638953907365, 56.40167039281317]",49.02048085485307,20.21455055653921,0.21455055653920793
AAVE,lower_wick_rejection,range,development,1,459,46.187363834422655,"[41.67693551653564, 50.7610821551689]",48.49560513860717,-7.56551561004404,-27.565515610044038
AAVE,lower_wick_rejection,range,development,2,459,45.31590413943355,"[40.81942319542789, 49.890141372666264]",48.427991886409735,-6.5516075399214495,-26.55160753992145
AAVE,lower_wick_rejection,range,development,3,459,44.226579520697165,"[39.749489044927984, 48.79950914365318]",48.17444219066937,-10.051178036519595,-30.051178036519595
AAVE,lower_wick_rejection,range,final_exploratory,1,139,57.55395683453237,"[49.24265890256753, 65.45894063146177]",49.66292134831461,14.630915394871192,-5.369084605128808
AAVE,lower_wick_rejection,range,final_exploratory,2,139,57.55395683453237,"[49.24265890256753, 65.45894063146177]",49.7752808988764,16.319255877634106,-3.6807441223658963
AAVE,lower_wick_rejection,range,final_exploratory,3,139,51.798561151079134,"[43.555639962433176, 59.94474087900238]",49.9438202247191,15.041482212831818,-4.958517787168183
AAVE,upper_wick_rejection,all,development,1,1402,48.35948644793152,"[45.75165979832755, 50.97627882576779]",50.07655293088364,-5.077361076529822,-25.07736107652982
AAVE,upper_wick_rejection,all,development,2,1402,48.573466476462194,"[45.964712812482325, 51.19001642586145]",50.382764654418196,-9.84396706711772,-29.843967067117717
AAVE,upper_wick_rejection,all,development,3,1402,47.93152639087018,"[45.32569724092524, 50.54866015467324]",50.59601924759405,-9.451613353363724,-29.451613353363722
AAVE,upper_wick_rejection,all,final_exploratory,1,441,48.75283446712018,"[44.11856544597873, 53.40864423944638]",50.14428789679172,-4.371054717543683,-24.371054717543682
AAVE,upper_wick_rejection,all,final_exploratory,2,441,48.07256235827664,"[43.44615869536706, 52.7322562730172]",50.1188455008489,-8.623741743139982,-28.62374174313998
AAVE,upper_wick_rejection,all,final_exploratory,3,441,46.93877551020408,"[42.327380643888304, 51.60304312942786]",50.0254712175242,-7.701095723544539,-27.70109572354454
AAVE,upper_wick_rejection,trend_aligned,development,1,456,47.58771929824562,"[43.043088794310705, 52.172655061834526]",49.399519615692554,-8.063661899999781,-28.063661899999783
AAVE,upper_wick_rejection,trend_aligned,development,2,456,44.95614035087719,"[40.45133434608337, 49.545220989493046]",49.623698959167335,-19.83967986380556,-39.83967986380556
AAVE,upper_wick_rejection,trend_aligned,development,3,456,44.29824561403509,"[39.805380536915976, 48.886377668518236]",50.02401921537229,-27.63793677473157,-47.63793677473157
AAVE,upper_wick_rejection,trend_aligned,final_exploratory,1,130,49.23076923076923,"[40.782903157362526, 57.72279312839616]",50.295222758990874,-4.698240964392548,-24.698240964392546
AAVE,upper_wick_rejection,trend_aligned,final_exploratory,2,130,46.92307692307692,"[38.5560674118983, 55.46671773113645]",49.9194847020934,-6.954125973112589,-26.95412597311259
AAVE,upper_wick_rejection,trend_aligned,final_exploratory,3,130,50.0,"[41.529081256565625, 58.470918743434375]",49.86580783682233,-1.696173453333573,-21.696173453333575
AAVE,upper_wick_rejection,range,development,1,473,51.58562367864693,"[47.08723143176134, 56.05846726566772]",51.20013522650439,-1.3143649563949567,-21.314364956394957
AAVE,upper_wick_rejection,range,development,2,473,52.854122621564485,"[48.350530452390835, 57.3117272029815]",51.3184584178499,1.8923176587220774,-18.107682341277926
AAVE,upper_wick_rejection,range,development,3,473,51.58562367864693,"[47.08723143176134, 56.05846726566772]",51.58891142663962,5.748311930730349,-14.25168806926965
AAVE,upper_wick_rejection,range,final_exploratory,1,138,50.72463768115942,"[42.47728454305531, 58.93273903253888]",49.8314606741573,-2.7999739460526034,-22.799973946052607
AAVE,upper_wick_rejection,range,final_exploratory,2,138,48.55072463768116,"[40.36477210138948, 56.815180747422154]",49.7752808988764,-5.313834186912238,-25.31383418691224
AAVE,upper_wick_rejection,range,final_exploratory,3,138,44.20289855072464,"[36.18532332386389, 52.53448807138263]",49.550561797752806,-12.620433359085386,-32.62043335908539
AAVE,inside_bar_up_break,all,development,1,696,45.11494252873563,"[41.45491221640455, 48.82860336769333]",49.578958880139986,-5.0978904474565025,-25.097890447456503
AAVE,inside_bar_up_break,all,development,2,696,48.706896551724135,"[45.01075598200047, 52.41723343731955]",49.42038495188101,-6.745916018402653,-26.745916018402657
AAVE,inside_bar_up_break,all,development,3,696,47.701149425287355,"[44.013193349039895, 51.41434339641792]",49.179790026246714,-6.15700265397797,-26.15700265397797
AAVE,inside_bar_up_break,all,final_exploratory,1,256,53.515625,"[47.39891850542932, 59.5283787402773]",49.22763537599729,5.8148121004396875,-14.185187899560313
AAVE,inside_bar_up_break,all,final_exploratory,2,256,49.21875,"[43.151477308338386, 55.309123303726814]",49.40577249575552,-5.709569295370758,-25.70956929537076
AAVE,inside_bar_up_break,all,final_exploratory,3,256,49.609375,"[43.53577874327663, 55.69452156275596]",49.516046867040245,2.8787920037152883,-17.121207996284713
AAVE,inside_bar_up_break,trend_aligned,development,1,235,45.1063829787234,"[38.87385203987933, 51.49633472825486]",49.966147596479345,-13.345740457626126,-33.34574045762613
AAVE,inside_bar_up_break,trend_aligned,development,2,235,47.659574468085104,"[41.362862695668404, 54.03157445430883]",49.61069735951252,-20.399631280777353,-40.39963128077735
AAVE,inside_bar_up_break,trend_aligned,development,3,235,48.51063829787234,"[42.19616747377689, 54.87301980348134]",49.50914014895058,-16.127373483793185,-36.127373483793185
AAVE,inside_bar_up_break,trend_aligned,final_exploratory,1,104,52.88461538461539,"[43.36003819768207, 62.20367747419223]",49.11032028469751,0.5697174318298919,-19.43028256817011
AAVE,inside_bar_up_break,trend_aligned,final_exploratory,2,104,51.92307692307692,"[42.42432827339784, 61.2848155078517]",48.99866488651535,-2.8771747664430665,-22.87717476644307
AAVE,inside_bar_up_break,trend_aligned,final_exploratory,3,104,48.07692307692308,"[38.7151844921483, 57.57567172660216]",49.02048085485307,7.881177670981847,-12.118822329018153
AAVE,inside_bar_up_break,range,development,1,223,43.946188340807176,"[37.589006821746466, 50.508414462532954]",48.49560513860717,-6.625092587587361,-26.62509258758736
AAVE,inside_bar_up_break,range,development,2,223,51.12107623318386,"[44.596939627126496, 57.607241616525464]",48.427991886409735,-2.518029351972874,-22.518029351972874
AAVE,inside_bar_up_break,range,development,3,223,47.08520179372197,"[40.63868353413805, 53.63044523236687]",48.17444219066937,-1.1654786583976833,-21.16547865839768
AAVE,inside_bar_up_break,range,final_exploratory,1,69,57.971014492753625,"[46.207193076612164, 68.89406774138196]",49.66292134831461,26.0802033380757,6.080203338075701
AAVE,inside_bar_up_break,range,final_exploratory,2,69,50.72463768115942,"[39.205066383648344, 62.167775508896575]",49.7752808988764,9.74776839383677,-10.252231606163232
AAVE,inside_bar_up_break,range,final_exploratory,3,69,50.72463768115942,"[39.205066383648344, 62.167775508896575]",49.9438202247191,5.686347474019103,-14.313652525980897
AAVE,inside_bar_down_break,all,development,1,699,46.9241773962804,"[43.25139550156416, 50.630583026741526]",50.07655293088364,-1.399844006209566,-21.399844006209566
AAVE,inside_bar_down_break,all,development,2,699,46.351931330472105,"[42.68511276831763, 50.05862920711469]",50.382764654418196,-2.0341338034383654,-22.034133803438365
AAVE,inside_bar_down_break,all,development,3,699,47.78254649499285,"[44.10172736546699, 51.48760599214873]",50.59601924759405,-3.1083414497611637,-23.108341449761166
AAVE,inside_bar_down_break,all,final_exploratory,1,264,50.75757575757576,"[44.759314867376744, 56.73410512414063]",50.14428789679172,3.853686928029404,-16.146313071970596
AAVE,inside_bar_down_break,all,final_exploratory,2,264,50.0,"[44.011927355456336, 55.988072644543664]",50.1188455008489,7.129413958743137,-12.870586041256864
AAVE,inside_bar_down_break,all,final_exploratory,3,264,51.89393939393939,"[45.88293807940911, 57.85061189938432]",50.0254712175242,8.397547908683201,-11.602452091316799
AAVE,inside_bar_down_break,trend_aligned,development,1,225,44.44444444444444,"[38.0988812586581, 50.976531603339005]",49.399519615692554,-6.172930220000274,-26.172930220000275
AAVE,inside_bar_down_break,trend_aligned,development,2,225,42.22222222222222,"[35.95205293443266, 48.7535250723633]",49.623698959167335,-18.769543409235403,-38.7695434092354
AAVE,inside_bar_down_break,trend_aligned,development,3,225,45.333333333333336,"[38.961212633347564, 51.86213417073]",50.02401921537229,-22.135648826613682,-42.13564882661369
AAVE,inside_bar_down_break,trend_aligned,final_exploratory,1,86,59.30232558139535,"[48.738080005510234, 69.07104182669221]",50.295222758990874,19.251788311953714,-0.7482116880462878
AAVE,inside_bar_down_break,trend_aligned,final_exploratory,2,86,55.81395348837209,"[45.29326746260169, 65.83743368252482]",49.9194847020934,27.969872889573544,7.969872889573544
AAVE,inside_bar_down_break,trend_aligned,final_exploratory,3,86,60.46511627906977,"[49.897526698784006, 70.13773536244373]",49.86580783682233,35.533832277463915,15.533832277463919
AAVE,inside_bar_down_break,range,development,1,234,48.717948717948715,"[42.38620038030385, 55.09111225129634]",51.20013522650439,3.2922219316367722,-16.70777806836323
AAVE,inside_bar_down_break,range,development,2,234,49.572649572649574,"[43.22526900999316, 55.93383520054024]",51.3184584178499,10.663961397081877,-9.336038602918123
AAVE,inside_bar_down_break,range,development,3,234,53.84615384615385,"[47.448043266129226, 60.1200188390702]",51.58891142663962,18.917224247680334,-1.082775752319666
AAVE,inside_bar_down_break,range,final_exploratory,1,73,53.42465753424658,"[42.0987449723941, 64.40814712771832]",49.8314606741573,-0.04945064422438956,-20.04945064422439
AAVE,inside_bar_down_break,range,final_exploratory,2,73,46.57534246575342,"[35.59185287228166, 57.90125502760589]",49.7752808988764,-2.6524786083946865,-22.652478608394688
AAVE,inside_bar_down_break,range,final_exploratory,3,73,53.42465753424658,"[42.0987449723941, 64.40814712771832]",49.550561797752806,3.79872590186454,-16.20127409813546
AAVE,three_bar_up_reversal,all,development,1,446,46.860986547085204,"[42.27625255537355, 51.49933422895231]",49.578958880139986,4.835828386180219,-15.16417161381978
AAVE,three_bar_up_reversal,all,development,2,446,47.309417040358746,"[42.71845426658988, 51.94633440568942]",49.42038495188101,-3.012201398064147,-23.012201398064146
AAVE,three_bar_up_reversal,all,development,3,446,45.2914798206278,"[40.73147016536098, 49.93191001112779]",49.179790026246714,-7.867243048825203,-27.867243048825202
AAVE,three_bar_up_reversal,all,final_exploratory,1,149,48.993288590604024,"[41.09322347096733, 56.943960123028035]",49.22763537599729,11.12006818246474,-8.87993181753526
AAVE,three_bar_up_reversal,all,final_exploratory,2,149,51.67785234899329,"[43.713097681847984, 59.55826299482643]",49.40577249575552,7.496584712632404,-12.503415287367595
AAVE,three_bar_up_reversal,all,final_exploratory,3,149,55.033557046979865,"[47.019362236078145, 62.794719793945085]",49.516046867040245,20.36068577954547,0.36068577954546843
AAVE,three_bar_up_reversal,trend_aligned,development,1,140,41.42857142857143,"[33.6040350930382, 49.71094471808739]",49.966147596479345,-12.321704337470152,-32.32170433747015
AAVE,three_bar_up_reversal,trend_aligned,development,2,140,40.0,"[32.25654718077856, 48.27759593220129]",49.61069735951252,-20.914431117595875,-40.91443111759588
AAVE,three_bar_up_reversal,trend_aligned,development,3,140,43.57142857142857,"[35.63795536411391, 51.84827949423029]",49.50914014895058,-26.133868261293603,-46.1338682612936
AAVE,three_bar_up_reversal,trend_aligned,final_exploratory,1,55,49.09090909090909,"[36.376560487101585, 61.92396159251554]",49.11032028469751,1.2519780923064323,-18.748021907693566
AAVE,three_bar_up_reversal,trend_aligned,final_exploratory,2,55,45.45454545454545,"[33.025071746446194, 58.47753865163951]",48.99866488651535,4.926631900151282,-15.073368099848718
AAVE,three_bar_up_reversal,trend_aligned,final_exploratory,3,55,50.90909090909091,"[38.07603840748445, 63.62343951289841]",49.02048085485307,16.402470564827837,-3.5975294351721625
AAVE,three_bar_up_reversal,range,development,1,146,46.57534246575342,"[38.67556680200694, 54.650719089227536]",48.49560513860717,4.197277225167008,-15.802722774832992
AAVE,three_bar_up_reversal,range,development,2,146,50.68493150684932,"[42.6622086271126, 58.67253419464053]",48.427991886409735,-0.14142970103244404,-20.141429701032443
AAVE,three_bar_up_reversal,range,development,3,146,46.57534246575342,"[38.67556680200694, 54.650719089227536]",48.17444219066937,-12.930273623890038,-32.93027362389004
AAVE,three_bar_up_reversal,range,final_exploratory,1,43,51.16279069767442,"[36.75206376607408, 65.38279072224398]",49.66292134831461,24.512927974331223,4.512927974331224
AAVE,three_bar_up_reversal,range,final_exploratory,2,43,60.46511627906977,"[45.57879659331908, 73.63489380154358]",49.7752808988764,18.656100695251435,-1.3438993047485661
AAVE,three_bar_up_reversal,range,final_exploratory,3,43,55.81395348837209,"[41.10735806551171, 69.56691437607867]",49.9438202247191,20.181356147556478,0.18135614755647717
AAVE,three_bar_down_reversal,all,development,1,428,45.794392523364486,"[41.13247594341614, 50.53113404691365]",50.07655293088364,-5.296170680151235,-25.296170680151235
AAVE,three_bar_down_reversal,all,development,2,428,45.5607476635514,"[40.902804701133725, 50.29767251088105]",50.382764654418196,-10.47993511858673,-30.47993511858673
AAVE,three_bar_down_reversal,all,development,3,428,46.728971962616825,"[42.05219120341282, 51.46394990017702]",50.59601924759405,-5.542277371459728,-25.54227737145973
AAVE,three_bar_down_reversal,all,final_exploratory,1,132,52.27272727272727,"[43.80857072193889, 60.60833838396091]",50.14428789679172,10.811826471811282,-9.188173528188718
AAVE,three_bar_down_reversal,all,final_exploratory,2,132,50.75757575757576,"[42.32876070549146, 59.14354232980846]",50.1188455008489,7.296259018885577,-12.703740981114425
AAVE,three_bar_down_reversal,all,final_exploratory,3,132,50.75757575757576,"[42.32876070549146, 59.14354232980846]",50.0254712175242,10.740872168506186,-9.259127831493814
AAVE,three_bar_down_reversal,trend_aligned,development,1,133,45.11278195488722,"[36.91141956077144, 53.58854536217596]",49.399519615692554,-14.276317687784092,-34.27631768778409
AAVE,three_bar_down_reversal,trend_aligned,development,2,133,46.61654135338346,"[38.352640000091554, 55.07041263887202]",49.623698959167335,-11.126576451337542,-31.12657645133754
AAVE,three_bar_down_reversal,trend_aligned,development,3,133,48.1203007518797,"[39.80127646143449, 56.54486389354527]",50.02401921537229,-9.011185818453018,-29.01118581845302
AAVE,three_bar_down_reversal,trend_aligned,final_exploratory,1,39,53.84615384615385,"[38.56918682173881, 68.43335276595165]",50.295222758990874,-4.4411020764221725,-24.441102076422176
AAVE,three_bar_down_reversal,trend_aligned,final_exploratory,2,39,48.717948717948715,"[33.86492878313309, 63.800891354303424]",49.9194847020934,-1.154774322631162,-21.154774322631162
AAVE,three_bar_down_reversal,trend_aligned,final_exploratory,3,39,56.41025641025641,"[40.9754234745221, 70.69547583829534]",49.86580783682233,8.910724936439404,-11.089275063560596
AAVE,three_bar_down_reversal,range,development,1,148,47.972972972972975,"[40.0776349314001, 55.970878782891646]",51.20013522650439,-2.7450017158247304,-22.74500171582473
AAVE,three_bar_down_reversal,range,development,2,148,41.891891891891895,"[34.246617038461146, 49.94743781870581]",51.3184584178499,-13.305977242891448,-33.305977242891444
AAVE,three_bar_down_reversal,range,development,3,148,45.945945945945944,"[38.12104068164995, 53.975986746933536]",51.58891142663962,-9.030792304019322,-29.03079230401932
AAVE,three_bar_down_reversal,range,final_exploratory,1,38,55.26315789473684,"[39.70602917908942, 69.85383468844911]",49.8314606741573,35.873351561396,15.873351561395996
AAVE,three_bar_down_reversal,range,final_exploratory,2,38,55.26315789473684,"[39.70602917908942, 69.85383468844911]",49.7752808988764,39.74157365092326,19.74157365092326
AAVE,three_bar_down_reversal,range,final_exploratory,3,38,55.26315789473684,"[39.70602917908942, 69.85383468844911]",49.550561797752806,40.85920954403387,20.859209544033867
AAVE,doji_follow_previous_direction,all,development,1,2252,48.00177619893428,"[45.943480037853554, 50.06687813623101]",47.83464566929133,-2.6442316305465443,-22.644231630546546
AAVE,doji_follow_previous_direction,all,development,2,2252,46.58081705150977,"[44.52811697990874, 48.64516256241374]",48.16819772528434,-6.611595992013746,-26.61159599201375
AAVE,doji_follow_previous_direction,all,development,3,2252,46.847246891651864,"[44.793370202685026, 48.91186158309284]",47.59951881014873,-4.838217308106655,-24.838217308106657
AAVE,doji_follow_previous_direction,all,final_exploratory,1,740,45.270270270270274,"[41.71748941977363, 48.87190488137866]",48.12425734170769,-4.269873880459764,-24.269873880459766
AAVE,doji_follow_previous_direction,all,final_exploratory,2,740,46.351351351351354,"[42.78648842098786, 49.95390146847248]",48.79456706281833,-0.8397078292861716,-20.83970782928617
AAVE,doji_follow_previous_direction,all,final_exploratory,3,740,48.513513513513516,"[44.92953378862794, 52.1128472774485]",48.27644761419596,0.8301623100819757,-19.169837689918026
AAVE,doji_follow_previous_direction,trend_aligned,development,1,755,47.682119205298015,"[44.140112801299196, 51.247593934862856]",47.6686507936508,-5.712778187010551,-25.712778187010553
AAVE,doji_follow_previous_direction,trend_aligned,development,2,755,46.49006622516556,"[42.959021090720775, 50.0566491097532]",47.8505291005291,-13.102444910005975,-33.10244491000597
AAVE,doji_follow_previous_direction,trend_aligned,development,3,755,46.35761589403973,"[42.82791361644131, 49.924196968956224]",47.27182539682539,-8.804593721650695,-28.804593721650697
AAVE,doji_follow_previous_direction,trend_aligned,final_exploratory,1,240,40.833333333333336,"[34.806585437712094, 47.14891354195338]",47.864506627393226,-6.762528540885484,-26.762528540885487
AAVE,doji_follow_previous_direction,trend_aligned,final_exploratory,2,240,45.0,"[38.83388915516926, 51.3236557428301]",47.61904761904761,-2.4552943548778923,-22.455294354877896
AAVE,doji_follow_previous_direction,trend_aligned,final_exploratory,3,240,47.916666666666664,"[41.67900824280271, 54.21996879803035]",47.275405007363766,-0.7310117641656233,-20.731011764165622
AAVE,doji_follow_previous_direction,range,development,1,717,49.651324965132495,"[46.003159749363206, 53.303206586874886]",47.98850574712644,-0.519487434934843,-20.51948743493484
AAVE,doji_follow_previous_direction,range,development,2,717,50.0697350069735,"[46.41925519876035, 53.71947153399205]",48.3603786342123,3.6252537448294824,-16.374746255170518
AAVE,doji_follow_previous_direction,range,development,3,717,49.7907949790795,"[46.141829982656944, 53.44198981908591]",48.14063556457066,3.763858938759408,-16.23614106124059
AAVE,doji_follow_previous_direction,range,final_exploratory,1,209,50.717703349282296,"[43.988081471318104, 57.42141742363476]",49.43820224719101,-0.645683510807475,-20.645683510807476
AAVE,doji_follow_previous_direction,range,final_exploratory,2,209,50.239234449760765,"[43.51764444725277, 56.95218851773151]",51.067415730337075,-2.4885220766553426,-22.488522076655343
AAVE,doji_follow_previous_direction,range,final_exploratory,3,209,50.239234449760765,"[43.51764444725277, 56.95218851773151]",50.39325842696629,-0.5318640534834831,-20.531864053483485
ATOM,bullish_engulfing,all,development,1,2261,47.50110570544007,"[45.44867240148566, 49.56201620472858]",49.568022747156604,-0.837421841891357,-20.837421841891356
ATOM,bullish_engulfing,all,development,2,2261,48.341441839893854,"[46.2861454591469, 50.402364677720946]",49.633639545056866,-0.925899904611175,-20.925899904611175
ATOM,bullish_engulfing,all,development,3,2261,47.36842105263158,"[45.31649305961667, 49.42927635754698]",49.518810148731404,-1.993228379276907,-21.993228379276907
ATOM,bullish_engulfing,all,final_exploratory,1,760,46.578947368421055,"[43.058537567391944, 50.13376827193391]",48.65048378883042,-2.3837731470238173,-22.38377314702382
ATOM,bullish_engulfing,all,final_exploratory,2,760,48.68421052631579,"[45.14616671173901, 52.23548938030939]",48.52292020373514,1.3297695386093134,-18.670230461390688
ATOM,bullish_engulfing,all,final_exploratory,3,759,48.74835309617918,"[45.20755605114884, 52.30175649814054]",47.51231108847003,2.0278964626204647,-17.972103537379535
ATOM,bullish_engulfing,trend_aligned,development,1,539,46.3821892393321,"[42.212542732302595, 50.60304104020121]",49.95425434583714,-3.2073803203034483,-23.207380320303447
ATOM,bullish_engulfing,trend_aligned,development,2,539,47.86641929499072,"[43.67912628840596, 52.08391029537835]",49.95425434583714,-5.3837790864223,-25.3837790864223
ATOM,bullish_engulfing,trend_aligned,development,3,539,48.79406307977737,"[44.59761612936883, 53.007578461465776]",50.04574565416286,-0.8994040401303346,-20.89940404013033
ATOM,bullish_engulfing,trend_aligned,final_exploratory,1,257,43.96887159533074,"[38.03345720614205, 50.08193543061527]",47.81947261663286,-5.647545528813673,-25.647545528813673
ATOM,bullish_engulfing,trend_aligned,final_exploratory,2,257,48.249027237354085,"[42.21059280199266, 54.33903731835623]",48.17444219066937,-4.109307515028202,-24.109307515028203
ATOM,bullish_engulfing,trend_aligned,final_exploratory,3,257,46.30350194552529,"[40.30641390148255, 52.409471908142905]",45.385395537525355,-10.502955489894982,-30.50295548989498
ATOM,bullish_engulfing,range,development,1,701,46.79029957203994,"[43.12405719104654, 50.491529630162646]",48.21688500727802,-3.216393632331126,-23.216393632331126
ATOM,bullish_engulfing,range,development,2,701,47.93152639087018,"[44.254634799221755, 51.63096559666859]",48.8901018922853,-5.816898813001369,-25.81689881300137
ATOM,bullish_engulfing,range,development,3,701,44.36519258202568,"[40.727982666507486, 48.063825308504185]",48.08951965065502,-14.910700124847287,-34.91070012484729
ATOM,bullish_engulfing,range,final_exploratory,1,219,44.74885844748859,"[38.31016383475324, 51.36860350491762]",49.15458937198068,-6.292475006550324,-26.292475006550326
ATOM,bullish_engulfing,range,final_exploratory,2,219,45.205479452054796,"[38.75296455852488, 51.82330127334851]",49.66767371601208,3.1040500361850976,-16.895949963814903
ATOM,bullish_engulfing,range,final_exploratory,3,218,49.08256880733945,"[42.51986723738823, 55.67704443292069]",48.66989117291415,6.99766870882289,-13.002331291177109
ATOM,bearish_engulfing,all,development,1,2296,47.99651567944251,"[45.95798905154825, 50.04173545121752]",49.11964129483815,2.2249309228661254,-17.775069077133875
ATOM,bearish_engulfing,all,development,2,2296,48.43205574912892,"[46.39216652043952, 50.47718309042065]",49.398512685914255,2.2587350829148964,-17.741264917085104
ATOM,bearish_engulfing,all,development,3,2296,48.82404181184669,"[46.783058796385376, 50.868953411759755]",49.62270341207349,-0.37398312360430974,-20.37398312360431
ATOM,bearish_engulfing,all,final_exploratory,1,771,50.843060959792474,"[47.318755422669156, 54.35900684512854]",50.1612629434731,-0.7347792871328216,-20.734779287132824
ATOM,bearish_engulfing,all,final_exploratory,2,771,50.3242542153048,"[46.80209653278105, 53.843196647141134]",50.50933786078099,-0.6034219378748701,-20.60342193787487
ATOM,bearish_engulfing,all,final_exploratory,3,771,51.10246433203632,"[47.577226355343434, 54.616770456392004]",51.85939887926643,-1.9443497518003818,-21.94434975180038
ATOM,bearish_engulfing,trend_aligned,development,1,1026,49.512670565302145,"[46.46083105892625, 52.568145824509024]",48.55505426167541,3.90347251784829,-16.09652748215171
ATOM,bearish_engulfing,trend_aligned,development,2,1026,50.19493177387914,"[47.14042585013934, 53.247983396486575]",48.95744421412023,3.626754116822223,-16.373245883177777
ATOM,bearish_engulfing,trend_aligned,development,3,1026,48.83040935672515,"[45.781802847333736, 51.887741672910934]",48.969637849042805,-4.656289285277356,-24.656289285277357
ATOM,bearish_engulfing,trend_aligned,final_exploratory,1,304,49.671052631578945,"[44.0897722799219, 55.260542947129935]",50.15466195315952,-0.9178760983575753,-20.917876098357578
ATOM,bearish_engulfing,trend_aligned,final_exploratory,2,304,51.31578947368421,"[45.715775072543394, 56.88296401924927]",50.99425541316837,-5.604454576580412,-25.604454576580412
ATOM,bearish_engulfing,trend_aligned,final_exploratory,3,304,50.6578947368421,"[45.064657565454674, 56.234711980441666]",51.17101193106496,2.734714202629165,-17.265285797370836
ATOM,bearish_engulfing,range,development,1,697,46.0545193687231,"[42.385798747395384, 49.76649358228369]",50.23653566229985,1.4173548065179735,-18.582645193482026
ATOM,bearish_engulfing,range,development,2,697,45.91104734576758,"[42.24396464525603, 49.622956496411376]",50.14556040756914,3.1211569710914056,-16.878843028908594
ATOM,bearish_engulfing,range,development,3,697,48.493543758967,"[44.801645446449555, 52.201957079427906]",51.05531295487628,5.760370599720487,-14.239629400279513
ATOM,bearish_engulfing,range,final_exploratory,1,215,52.55813953488372,"[45.89713451038538, 59.129332121187396]",49.57729468599034,-3.3833853781587973,-23.383385378158795
ATOM,bearish_engulfing,range,final_exploratory,2,215,46.51162790697674,"[39.96409978697304, 53.18162753360953]",49.848942598187314,-0.3173293128292837,-20.317329312829283
ATOM,bearish_engulfing,range,final_exploratory,3,215,49.30232558139535,"[42.69058385240793, 55.93856161170858]",50.78597339782346,-8.281501069664104,-28.281501069664102
ATOM,lower_wick_rejection,all,development,1,1477,47.93500338524035,"[45.39586286715909, 50.484857933769256]",49.568022747156604,-0.4496872705748727,-20.449687270574874
ATOM,lower_wick_rejection,all,development,2,1477,47.05484089370345,"[44.52022679518859, 49.60473565859444]",49.633639545056866,-3.0907549401596857,-23.090754940159687
ATOM,lower_wick_rejection,all,development,3,1477,49.01828029790115,"[46.47465200665175, 51.56700214460926]",49.518810148731404,-3.255890686790199,-23.2558906867902
ATOM,lower_wick_rejection,all,final_exploratory,1,422,47.156398104265406,"[42.44066925462418, 51.92343232680891]",48.65048378883042,-7.661396466924272,-27.66139646692427
ATOM,lower_wick_rejection,all,final_exploratory,2,422,38.62559241706161,"[34.10258111191104, 43.353825213821345]",48.52292020373514,-16.131267045789826,-36.131267045789826
ATOM,lower_wick_rejection,all,final_exploratory,3,422,38.62559241706161,"[34.10258111191104, 43.353825213821345]",47.51231108847003,-19.844708754665,-39.844708754665
ATOM,lower_wick_rejection,trend_aligned,development,1,345,48.11594202898551,"[42.89336483689125, 53.3800154021628]",49.95425434583714,-2.363831566329164,-22.363831566329164
ATOM,lower_wick_rejection,trend_aligned,development,2,345,47.82608695652174,"[42.607923517102655, 53.09213060488279]",49.95425434583714,-2.3714255145182688,-22.371425514518272
ATOM,lower_wick_rejection,trend_aligned,development,3,345,49.56521739130435,"[44.32319101500822, 54.816819809388875]",50.04574565416286,2.950594111411853,-17.049405888588147
ATOM,lower_wick_rejection,trend_aligned,final_exploratory,1,138,44.20289855072464,"[36.18532332386389, 52.53448807138263]",47.81947261663286,-15.158148295608695,-35.1581482956087
ATOM,lower_wick_rejection,trend_aligned,final_exploratory,2,138,33.333333333333336,"[26.01363945138096, 41.555818309952805]",48.17444219066937,-24.955027922753242,-44.95502792275324
ATOM,lower_wick_rejection,trend_aligned,final_exploratory,3,138,39.85507246376812,"[32.067739659359916, 48.19193028232151]",45.385395537525355,-28.64741835307666,-48.64741835307666
ATOM,lower_wick_rejection,range,development,1,443,46.04966139954853,"[41.46192810779099, 50.70531863020295]",48.21688500727802,-3.0215997446414207,-23.02159974464142
ATOM,lower_wick_rejection,range,development,2,443,42.43792325056433,"[37.91974197250962, 47.08613035450739]",48.8901018922853,-14.250734500420382,-34.25073450042038
ATOM,lower_wick_rejection,range,development,3,443,48.75846501128668,"[44.13449347585841, 53.40378407036825]",48.08951965065502,-12.438063388464032,-32.43806338846403
ATOM,lower_wick_rejection,range,final_exploratory,1,118,47.45762711864407,"[38.67064050210384, 56.40493302943217]",49.15458937198068,-5.717353797608751,-25.71735379760875
ATOM,lower_wick_rejection,range,final_exploratory,2,118,42.3728813559322,"[33.835699919434894, 51.39102067517317]",49.66767371601208,-11.355510578939638,-31.355510578939636
ATOM,lower_wick_rejection,range,final_exploratory,3,118,37.28813559322034,"[29.093039494611972, 46.284828163068156]",48.66989117291415,-11.661459609667757,-31.66145960966776
ATOM,upper_wick_rejection,all,development,1,1217,46.6721446179129,"[43.88405137352005, 49.481181265996824]",49.11964129483815,-0.8743533027529053,-20.874353302752905
ATOM,upper_wick_rejection,all,development,2,1217,47.082990961380446,"[44.2921674084712, 49.89217231258679]",49.398512685914255,-0.7851766071996851,-20.785176607199684
ATOM,upper_wick_rejection,all,development,3,1217,47.740345110928516,"[44.94554762479896, 50.549363426724824]",49.62270341207349,1.1805698616297844,-18.819430138370215
ATOM,upper_wick_rejection,all,final_exploratory,1,442,47.963800904977376,"[43.343904125696504, 52.61878755673062]",50.1612629434731,-0.03651998872773022,-20.03651998872773
ATOM,upper_wick_rejection,all,final_exploratory,2,442,45.70135746606335,"[41.114174032436864, 50.36261951935372]",50.50933786078099,-7.703360582883891,-27.703360582883892
ATOM,upper_wick_rejection,all,final_exploratory,3,442,50.678733031674206,"[46.032049925780534, 55.31371951341042]",51.85939887926643,-2.9705561040390798,-22.97055610403908
ATOM,upper_wick_rejection,trend_aligned,development,1,543,45.85635359116022,"[41.70899308256559, 50.06193290404551]",48.55505426167541,0.015695033494300886,-19.9843049665057
ATOM,upper_wick_rejection,trend_aligned,development,2,543,47.697974217311234,"[43.527774641576485, 51.90051757320745]",48.95744421412023,4.487904903794767,-15.512095096205233
ATOM,upper_wick_rejection,trend_aligned,development,3,543,48.80294659300184,"[44.62176448441843, 53.0009474672692]",48.969637849042805,5.063532827650028,-14.936467172349973
ATOM,upper_wick_rejection,trend_aligned,final_exploratory,1,161,54.6583850931677,"[46.94929272010167, 62.150352029767305]",50.15466195315952,5.5758562695405205,-14.42414373045948
ATOM,upper_wick_rejection,trend_aligned,final_exploratory,2,161,47.20496894409938,"[39.648809223008364, 54.89140392707026]",50.99425541316837,-6.832599756612963,-26.832599756612964
ATOM,upper_wick_rejection,trend_aligned,final_exploratory,3,161,49.68944099378882,"[42.063867962753235, 57.32948905392217]",51.17101193106496,-2.51026987738902,-22.51026987738902
ATOM,upper_wick_rejection,range,development,1,372,44.623655913978496,"[39.65258801309571, 49.70463055983501]",50.23653566229985,-0.17409147426101088,-20.17409147426101
ATOM,upper_wick_rejection,range,development,2,372,44.354838709677416,"[39.38950123482577, 49.435578266751484]",50.14556040756914,-6.286141078772568,-26.28614107877257
ATOM,upper_wick_rejection,range,development,3,372,46.774193548387096,"[41.76256013689989, 51.85177100685854]",51.05531295487628,0.3202939268779807,-19.67970607312202
ATOM,upper_wick_rejection,range,final_exploratory,1,134,43.28358208955224,"[35.19719367608789, 51.74433921383794]",49.57729468599034,-1.9971902292760462,-21.997190229276047
ATOM,upper_wick_rejection,range,final_exploratory,2,134,47.76119402985075,"[39.484621251317826, 56.16255637865747]",49.848942598187314,-6.909330862420571,-26.90933086242057
ATOM,upper_wick_rejection,range,final_exploratory,3,134,47.76119402985075,"[39.484621251317826, 56.16255637865747]",50.78597339782346,-9.298295145957878,-29.29829514595788
ATOM,inside_bar_up_break,all,development,1,680,47.5,"[43.77114761183069, 51.25694076419089]",49.568022747156604,-0.2657628263687229,-20.26576282636872
ATOM,inside_bar_up_break,all,development,2,680,48.6764705882353,"[44.937653934235115, 52.43015755895277]",49.633639545056866,-4.140553519899977,-24.140553519899978
ATOM,inside_bar_up_break,all,development,3,680,50.294117647058826,"[46.54497225653898, 54.039958522752606]",49.518810148731404,-2.8979465583063417,-22.89794655830634
ATOM,inside_bar_up_break,all,final_exploratory,1,210,43.80952380952381,"[37.269743525578534, 50.571724177618606]",48.65048378883042,1.8152588210844487,-18.18474117891555
ATOM,inside_bar_up_break,all,final_exploratory,2,210,44.285714285714285,"[37.729865111498185, 51.046874306837644]",48.52292020373514,0.17107516549043553,-19.828924834509564
ATOM,inside_bar_up_break,all,final_exploratory,3,210,43.333333333333336,"[36.81023262857095, 50.09596335948751]",47.51231108847003,-2.747529505959816,-22.747529505959818
ATOM,inside_bar_up_break,trend_aligned,development,1,162,45.67901234567901,"[38.197007483483084, 53.361202278120764]",49.95425434583714,-0.22227552796631006,-20.22227552796631
ATOM,inside_bar_up_break,trend_aligned,development,2,162,52.46913580246913,"[44.81110272266371, 60.01277741356266]",49.95425434583714,4.6140709376727935,-15.385929062327207
ATOM,inside_bar_up_break,trend_aligned,development,3,162,57.407407407407405,"[49.707931596992, 64.76370881168712]",50.04574565416286,10.492947191099475,-9.507052808900525
ATOM,inside_bar_up_break,trend_aligned,final_exploratory,1,62,45.16129032258065,"[33.41951476826002, 57.467705469401274]",47.81947261663286,13.712652372755661,-6.287347627244339
ATOM,inside_bar_up_break,trend_aligned,final_exploratory,2,62,45.16129032258065,"[33.41951476826002, 57.467705469401274]",48.17444219066937,9.983906563391242,-10.01609343660876
ATOM,inside_bar_up_break,trend_aligned,final_exploratory,3,62,48.38709677419355,"[36.409654206505294, 60.55275253938181]",45.385395537525355,19.098104391344272,-0.9018956086557302
ATOM,inside_bar_up_break,range,development,1,202,47.524752475247524,"[40.74855633613361, 54.39333917964163]",48.21688500727802,-0.8451957451316989,-20.8451957451317
ATOM,inside_bar_up_break,range,development,2,202,51.48514851485149,"[44.629778776870246, 58.28508391366463]",48.8901018922853,-6.547412936044774,-26.547412936044775
ATOM,inside_bar_up_break,range,development,3,202,52.97029702970297,"[46.0960906618277, 59.73363471924201]",48.08951965065502,-2.0033856217778685,-22.00338562177787
ATOM,inside_bar_up_break,range,final_exploratory,1,63,47.61904761904762,"[35.78192138736965, 59.72985570952808]",49.15458937198068,7.811547046825195,-12.188452953174806
ATOM,inside_bar_up_break,range,final_exploratory,2,63,46.03174603174603,"[34.30866541642569, 58.210963078403864]",49.66767371601208,4.046069311587423,-15.953930688412578
ATOM,inside_bar_up_break,range,final_exploratory,3,63,49.20634920634921,"[37.26660281435346, 61.23732288461243]",48.66989117291415,2.162775026929245,-17.837224973070754
ATOM,inside_bar_down_break,all,development,1,659,46.433990895295906,"[42.65783588850795, 50.25148060580985]",49.11964129483815,-0.7651539735895587,-20.76515397358956
ATOM,inside_bar_down_break,all,development,2,659,45.97875569044006,"[42.207860860611504, 49.79626199468303]",49.398512685914255,-2.330406808245451,-22.330406808245453
ATOM,inside_bar_down_break,all,development,3,659,45.97875569044006,"[42.207860860611504, 49.79626199468303]",49.62270341207349,-5.711612699434784,-25.711612699434784
ATOM,inside_bar_down_break,all,final_exploratory,1,242,47.93388429752066,"[41.72116078574586, 54.211179387764254]",50.1612629434731,-1.4800842036197408,-21.480084203619743
ATOM,inside_bar_down_break,all,final_exploratory,2,242,43.80165289256198,"[37.69570196576254, 50.10131855476777]",50.50933786078099,-5.850636785379816,-25.850636785379816
ATOM,inside_bar_down_break,all,final_exploratory,3,242,45.86776859504132,"[39.7031227461009, 52.16155760091931]",51.85939887926643,-8.606975290945957,-28.60697529094596
ATOM,inside_bar_down_break,trend_aligned,development,1,268,48.507462686567166,"[42.587312424733476, 54.46979730387318]",48.55505426167541,5.20918682442882,-14.790813175571179
ATOM,inside_bar_down_break,trend_aligned,development,2,268,48.134328358208954,"[42.22092052194631, 54.10046663881201]",48.95744421412023,0.7843218737650461,-19.215678126234955
ATOM,inside_bar_down_break,trend_aligned,development,3,268,47.38805970149254,"[41.48911808205925, 53.3608239430024]",48.969637849042805,-0.6931903186310927,-20.693190318631093
ATOM,inside_bar_down_break,trend_aligned,final_exploratory,1,100,50.0,"[40.38298285901472, 59.61701714098528]",50.15466195315952,3.6467017371215493,-16.35329826287845
ATOM,inside_bar_down_break,trend_aligned,final_exploratory,2,100,45.0,"[35.614375106403465, 54.75557296835656]",50.99425541316837,-8.793670924888996,-28.793670924888996
ATOM,inside_bar_down_break,trend_aligned,final_exploratory,3,100,49.0,"[39.42183009238615, 58.65215952256586]",51.17101193106496,-9.360262682638155,-29.36026268263815
ATOM,inside_bar_down_break,range,development,1,211,44.54976303317535,"[38.00033713913845, 51.29410118193157]",50.23653566229985,-3.9908719583125136,-23.99087195831251
ATOM,inside_bar_down_break,range,development,2,211,45.023696682464454,"[38.45927173274637, 51.76608499518712]",50.14556040756914,-2.8634207048994167,-22.86342070489942
ATOM,inside_bar_down_break,range,development,3,211,47.39336492890995,"[40.7628956407008, 54.117053121550086]",51.05531295487628,-3.0403423011381596,-23.04034230113816
ATOM,inside_bar_down_break,range,final_exploratory,1,60,40.0,"[28.569303003765505, 52.63417560579315]",49.57729468599034,-17.266057650161535,-37.266057650161535
ATOM,inside_bar_down_break,range,final_exploratory,2,60,38.333333333333336,"[27.08808958488824, 50.98263545959686]",49.848942598187314,-8.892873196997405,-28.892873196997407
ATOM,inside_bar_down_break,range,final_exploratory,3,60,43.333333333333336,"[31.572200394400635, 55.89678534530513]",50.78597339782346,-19.147621976632056,-39.14762197663206
ATOM,three_bar_up_reversal,all,development,1,416,43.26923076923077,"[38.59113912093806, 48.070497077094714]",49.568022747156604,-7.785794226024014,-27.785794226024016
ATOM,three_bar_up_reversal,all,development,2,416,44.23076923076923,"[39.532397682506485, 49.03471905866446]",49.633639545056866,-12.831072849999899,-32.8310728499999
ATOM,three_bar_up_reversal,all,development,3,416,44.47115384615385,"[39.767992166662964, 49.27549471029252]",49.518810148731404,-9.674092500407902,-29.6740925004079
ATOM,three_bar_up_reversal,all,final_exploratory,1,125,48.8,"[40.20447124457442, 57.46708825173733]",48.65048378883042,0.3141351126983505,-19.685864887301648
ATOM,three_bar_up_reversal,all,final_exploratory,2,125,47.2,"[38.66290890023814, 55.9040632578226]",48.52292020373514,1.7630523537857634,-18.236947646214237
ATOM,three_bar_up_reversal,all,final_exploratory,3,125,52.0,"[43.31334951087107, 60.56738466194269]",47.51231108847003,7.981664816730429,-12.01833518326957
ATOM,three_bar_up_reversal,trend_aligned,development,1,103,36.89320388349515,"[28.20284819781343, 46.52609633315579]",49.95425434583714,-16.307222954106624,-36.30722295410662
ATOM,three_bar_up_reversal,trend_aligned,development,2,103,43.689320388349515,"[34.50827172797554, 53.324183046194825]",49.95425434583714,-16.398522529695654,-36.398522529695654
ATOM,three_bar_up_reversal,trend_aligned,development,3,103,44.66019417475728,"[35.423422053918806, 54.28096275499459]",50.04574565416286,-7.018082566506636,-27.018082566506635
ATOM,three_bar_up_reversal,trend_aligned,final_exploratory,1,32,43.75,"[28.165085969443172, 60.67469796877387]",47.81947261663286,-8.223873591643033,-28.223873591643034
ATOM,three_bar_up_reversal,trend_aligned,final_exploratory,2,32,43.75,"[28.165085969443172, 60.67469796877387]",48.17444219066937,3.59659515802007,-16.40340484197993
ATOM,three_bar_up_reversal,trend_aligned,final_exploratory,3,32,53.125,"[36.44923793257382, 69.13087009831767]",45.385395537525355,27.42890913170759,7.428909131707591
ATOM,three_bar_up_reversal,range,development,1,108,42.592592592592595,"[33.67906666489239, 52.014986352947126]",48.21688500727802,-8.479770695431847,-28.47977069543185
ATOM,three_bar_up_reversal,range,development,2,108,40.74074074074074,"[31.94682611632303, 50.170740155976354]",48.8901018922853,-18.22321397776056,-38.22321397776056
ATOM,three_bar_up_reversal,range,development,3,108,38.888888888888886,"[30.22750161913306, 48.3135779076262]",48.08951965065502,-17.623951989450074,-37.62395198945008
ATOM,three_bar_up_reversal,range,final_exploratory,1,42,57.142857142857146,"[42.20597791187447, 70.8825704808518]",49.15458937198068,10.971113044978422,-9.02888695502158
ATOM,three_bar_up_reversal,range,final_exploratory,2,42,52.38095238095238,"[37.72221394020704, 66.64063552403505]",49.66767371601208,22.522771617485496,2.5227716174854944
ATOM,three_bar_up_reversal,range,final_exploratory,3,42,52.38095238095238,"[37.72221394020704, 66.64063552403505]",48.66989117291415,12.206572129398886,-7.793427870601114
ATOM,three_bar_down_reversal,all,development,1,414,44.68599033816425,"[39.96750493004008, 49.502188848654995]",49.11964129483815,2.25617109540926,-17.74382890459074
ATOM,three_bar_down_reversal,all,development,2,414,46.85990338164251,"[42.10390470556529, 51.67364161820909]",49.398512685914255,-5.907428651466679,-25.907428651466677
ATOM,three_bar_down_reversal,all,development,3,414,46.61835748792271,"[41.866079319049106, 51.43281672193869]",49.62270341207349,-11.727747215509808,-31.72774721550981
ATOM,three_bar_down_reversal,all,final_exploratory,1,150,43.333333333333336,"[35.66745589526916, 51.33215929334043]",50.1612629434731,-6.234756991538563,-26.234756991538564
ATOM,three_bar_down_reversal,all,final_exploratory,2,150,50.0,"[42.09887046908502, 57.901129530914986]",50.50933786078099,-17.126751957451066,-37.12675195745107
ATOM,three_bar_down_reversal,all,final_exploratory,3,150,44.0,"[36.30436095097045, 51.995292718778174]",51.85939887926643,-18.834367935067874,-38.834367935067874
ATOM,three_bar_down_reversal,trend_aligned,development,1,173,43.35260115606936,"[36.19156687405052, 50.80244358502699]",48.55505426167541,1.5466753710240921,-18.453324628975906
ATOM,three_bar_down_reversal,trend_aligned,development,2,173,49.13294797687861,"[41.78343801711027, 56.52012856450854]",48.95744421412023,-2.677880957374896,-22.677880957374896
ATOM,three_bar_down_reversal,trend_aligned,development,3,173,46.820809248554916,"[39.535030511121946, 54.24471362148036]",48.969637849042805,-11.475171129551173,-31.475171129551175
ATOM,three_bar_down_reversal,trend_aligned,final_exploratory,1,49,48.97959183673469,"[35.57488315940086, 62.53266846659078]",50.15466195315952,-3.3785243468579997,-23.378524346858
ATOM,three_bar_down_reversal,trend_aligned,final_exploratory,2,49,55.10204081632653,"[41.31486679967811, 68.14737507036367]",50.99425541316837,-14.686582994927766,-34.68658299492776
ATOM,three_bar_down_reversal,trend_aligned,final_exploratory,3,49,48.97959183673469,"[35.57488315940086, 62.53266846659078]",51.17101193106496,0.08279522761498415,-19.917204772385016
ATOM,three_bar_down_reversal,range,development,1,127,48.818897637795274,"[40.288415034635854, 57.41873620778246]",50.23653566229985,5.3929052206200145,-14.607094779379986
ATOM,three_bar_down_reversal,range,development,2,127,47.24409448818898,"[38.770169986669714, 55.87984957897301]",50.14556040756914,-4.495784724022616,-24.495784724022613
ATOM,three_bar_down_reversal,range,development,3,127,47.24409448818898,"[38.770169986669714, 55.87984957897301]",51.05531295487628,-9.024483200206912,-29.024483200206912
ATOM,three_bar_down_reversal,range,final_exploratory,1,47,48.93617021276596,"[35.27532433660351, 62.757782410627115]",49.57729468599034,-1.9657251779622087,-21.96572517796221
ATOM,three_bar_down_reversal,range,final_exploratory,2,47,53.191489361702125,"[39.23214192677079, 66.66853783153736]",49.848942598187314,-15.837051867456912,-35.837051867456914
ATOM,three_bar_down_reversal,range,final_exploratory,3,47,42.5531914893617,"[29.51341600182584, 56.718331228788465]",50.78597339782346,-24.274460184164692,-44.274460184164695
ATOM,doji_follow_previous_direction,all,development,1,2201,45.433893684688776,"[43.36348348568585, 47.52021537050407]",47.610454943132105,1.9846695075020975,-18.015330492497903
ATOM,doji_follow_previous_direction,all,development,2,2201,45.16129032258065,"[43.092428141015276, 47.24701393046958]",47.50109361329834,-0.2916860738134468,-20.291686073813448
ATOM,doji_follow_previous_direction,all,development,3,2201,44.797819173103136,"[42.73111873598352, 46.88264762256124]",47.54483814523184,1.593813455060284,-18.406186544939715
ATOM,doji_follow_previous_direction,all,final_exploratory,1,748,41.57754010695187,"[38.09731606763035, 45.143834727962755]",46.545578000339496,-4.423201790687753,-24.423201790687756
ATOM,doji_follow_previous_direction,all,final_exploratory,2,748,39.037433155080215,"[35.605891524168634, 42.581003162158915]",46.29881154499151,-7.5820205625375685,-27.58202056253757
ATOM,doji_follow_previous_direction,all,final_exploratory,3,748,43.44919786096256,"[39.939250514940966, 47.02608899274257]",47.20665647817966,-6.408214481018742,-26.408214481018746
ATOM,doji_follow_previous_direction,trend_aligned,development,1,702,51.42450142450142,"[47.729545155280704, 55.103951765274836]",48.00518975024327,2.2563755506904104,-17.74362444930959
ATOM,doji_follow_previous_direction,trend_aligned,development,2,702,51.42450142450142,"[47.729545155280704, 55.103951765274836]",47.90788193318197,1.6568874150859338,-18.343112584914067
ATOM,doji_follow_previous_direction,trend_aligned,development,3,702,51.282051282051285,"[47.58758731971203, 54.96255990878795]",47.956535841712615,7.343392224351916,-12.656607775648084
ATOM,doji_follow_previous_direction,trend_aligned,final_exploratory,1,251,50.59760956175299,"[44.450127790164636, 56.72707404815377]",46.81774349083896,-3.281615228403391,-23.281615228403393
ATOM,doji_follow_previous_direction,trend_aligned,final_exploratory,2,251,45.0199203187251,"[38.986152351467204, 51.203832329212894]",47.396335583413695,-6.885637842904552,-26.88563784290455
ATOM,doji_follow_previous_direction,trend_aligned,final_exploratory,3,251,47.41035856573705,"[41.31860603753045, 53.58018599642321]",46.76952748312439,-6.974848546165253,-26.97484854616525
ATOM,doji_follow_previous_direction,range,development,1,671,40.83457526080477,"[37.177841642449295, 44.59565898347535]",47.05240174672489,-3.8620265110984255,-23.862026511098428
ATOM,doji_follow_previous_direction,range,development,2,671,40.68554396423249,"[37.03176082650824, 44.44537395593551]",47.361717612809315,-8.159670246210892,-28.159670246210894
ATOM,doji_follow_previous_direction,range,development,3,671,42.02682563338301,"[38.347745803467745, 45.7966815703041]",47.45269286754003,-6.285903609646932,-26.28590360964693
ATOM,doji_follow_previous_direction,range,final_exploratory,1,213,35.68075117370892,"[29.553037445702873, 42.31582904485982]",46.67874396135266,-9.130034546960388,-29.130034546960392
ATOM,doji_follow_previous_direction,range,final_exploratory,2,213,37.08920187793427,"[30.884454459830735, 43.75140876936514]",45.80060422960725,-10.889838578882598,-30.889838578882596
ATOM,doji_follow_previous_direction,range,final_exploratory,3,213,38.028169014084504,"[31.775264631954215, 44.705263089663774]",47.09794437726723,-13.246317686598724,-33.24631768659872
POL,bullish_engulfing,all,development,1,1563,43.442098528470886,"[41.00372333514451, 45.912631196162295]",48.76287823476921,-3.9434803629861084,-23.943480362986108
POL,bullish_engulfing,all,development,2,1563,46.19321817018554,"[43.733931657556155, 48.67117170451951]",49.63900381276872,-7.739489320098099,-27.7394893200981
POL,bullish_engulfing,all,development,3,1563,46.06525911708253,"[43.60677710507973, 48.543035613704355]",49.30640058408372,-9.545309249955604,-29.545309249955604
POL,bullish_engulfing,all,final_exploratory,1,727,49.24346629986245,"[45.62280203340694, 52.872083862524555]",49.63503649635037,-0.376054364790348,-20.37605436479035
POL,bullish_engulfing,all,final_exploratory,2,727,48.830811554332875,"[45.21288958671548, 52.4610249797241]",50.50933786078099,-1.8214032169505023,-21.821403216950504
POL,bullish_engulfing,all,final_exploratory,3,727,47.86795048143053,"[44.25738348175816, 51.50093131586695]",50.16131771098659,-4.241702671070564,-24.241702671070563
POL,bullish_engulfing,trend_aligned,development,1,344,45.05813953488372,"[39.88361399949345, 50.34182194606339]",50.90604026845638,-0.5996667300939575,-20.599666730093958
POL,bullish_engulfing,trend_aligned,development,2,344,47.093023255813954,"[41.87937079746638, 52.370885641096464]",50.13422818791946,-5.472843466469172,-25.472843466469172
POL,bullish_engulfing,trend_aligned,development,3,344,49.127906976744185,"[43.88378154399915, 54.39129538756971]",50.26845637583892,6.638320161233505,-13.361679838766495
POL,bullish_engulfing,trend_aligned,final_exploratory,1,263,47.52851711026616,"[41.57204336222622, 53.556152541261085]",48.97750511247444,0.13141690557558744,-19.868583094424416
POL,bullish_engulfing,trend_aligned,final_exploratory,2,263,46.7680608365019,"[40.82767253026332, 52.80150672814315]",50.15337423312884,-0.9561586104021684,-20.95615861040217
POL,bullish_engulfing,trend_aligned,final_exploratory,3,263,47.52851711026616,"[41.57204336222622, 53.556152541261085]",50.15337423312884,-5.897032447055079,-25.897032447055082
POL,bullish_engulfing,range,development,1,458,42.79475982532751,"[38.341737541925, 47.36764853330079]",47.35795454545455,-5.9978856699369745,-25.997885669936974
POL,bullish_engulfing,range,development,2,458,46.069868995633186,"[41.55639685213299, 50.648722825262894]",48.97727272727273,-10.597653721725209,-30.59765372172521
POL,bullish_engulfing,range,development,3,458,43.88646288209607,"[39.411091017092744, 48.463539592189754]",47.95454545454545,-15.658025479554514,-35.65802547955452
POL,bullish_engulfing,range,final_exploratory,1,247,52.22672064777328,"[46.01100588392673, 58.37423165243089]",49.584103512014785,3.739116593196788,-16.260883406803213
POL,bullish_engulfing,range,final_exploratory,2,247,48.178137651821864,"[42.022427299641144, 54.38965107970264]",50.11558021266759,-4.061571140283447,-24.061571140283448
POL,bullish_engulfing,range,final_exploratory,3,247,49.392712550607285,"[43.21480459033974, 55.58922153610819]",50.04625346901017,-1.2821421975999685,-21.28214219759997
POL,bearish_engulfing,all,development,1,1485,48.215488215488215,"[45.681893153668376, 50.758292289833484]",48.67364322219518,2.243370050650263,-17.756629949349737
POL,bearish_engulfing,all,development,2,1485,48.148148148148145,"[45.614850988592956, 50.69100183013538]",48.4789486493064,1.7380936025160563,-18.261906397483944
POL,bearish_engulfing,all,development,3,1485,48.888888888888886,"[46.35256791370252, 51.43094377753448]",49.39563559665775,-0.3756145541677913,-20.375614554167793
POL,bearish_engulfing,all,final_exploratory,1,696,52.1551724137931,"[48.442295131023506, 55.84438917010978]",49.38041079612969,5.458249728769477,-14.541750271230523
POL,bearish_engulfing,all,final_exploratory,2,696,50.28735632183908,"[46.581368802791715, 53.990189104026065]",48.89643463497453,3.9566494325765933,-16.043350567423406
POL,bearish_engulfing,all,final_exploratory,3,696,49.85632183908046,"[46.152654740320145, 53.56156630627096]",49.14246901001868,6.758782465620994,-13.241217534379008
POL,bearish_engulfing,trend_aligned,development,1,683,50.219619326500734,"[46.47906251320792, 53.957719417298335]",49.02443311654069,5.044364708946228,-14.955635291053772
POL,bearish_engulfing,trend_aligned,development,2,683,49.194729136163986,"[45.46035109017899, 52.93811516463144]",48.180699595711026,5.926316860130007,-14.073683139869994
POL,bearish_engulfing,trend_aligned,development,3,683,49.926793557833086,"[46.18784267480361, 53.66656334836095]",48.95412198980489,3.8081714684011216,-16.19182853159888
POL,bearish_engulfing,trend_aligned,final_exploratory,1,206,50.0,"[43.2348055923858, 56.7651944076142]",48.4472049689441,2.538614089364826,-17.461385910635176
POL,bearish_engulfing,trend_aligned,final_exploratory,2,206,49.51456310679612,"[42.758568673770114, 56.28833146423875]",47.99548277809148,3.0177300295295,-16.9822699704705
POL,bearish_engulfing,trend_aligned,final_exploratory,3,206,50.0,"[43.2348055923858, 56.7651944076142]",48.89892715979672,6.829475738384521,-13.170524261615478
POL,bearish_engulfing,range,development,1,424,44.81132075471698,"[40.14537421764486, 49.57044584286352]",49.11931818181819,-0.5918298825055333,-20.591829882505536
POL,bearish_engulfing,range,development,2,424,47.87735849056604,"[43.16276509784146, 52.630070381457415]",48.92045454545455,3.323377284846069,-16.676622715153933
POL,bearish_engulfing,range,development,3,424,49.29245283018868,"[44.56139044829142, 54.03622137814153]",50.71022727272727,6.77824414986187,-13.22175585013813
POL,bearish_engulfing,range,final_exploratory,1,251,53.386454183266935,"[47.21038391598545, 59.4604265011521]",49.26062846580407,8.607130069422512,-11.392869930577488
POL,bearish_engulfing,range,final_exploratory,2,251,52.98804780876494,"[46.814905994441524, 59.07110319715042]",49.422098936662046,3.153571102337119,-16.846428897662882
POL,bearish_engulfing,range,final_exploratory,3,251,49.00398406374502,"[42.881293221230436, 55.156703714905596]",49.213691026827014,2.2591085735786383,-17.740891426421364
POL,lower_wick_rejection,all,development,1,876,49.31506849315068,"[46.01449103169213, 52.62162710593626]",48.76287823476921,3.0861495967307433,-16.913850403269258
POL,lower_wick_rejection,all,development,2,876,50.114155251141554,"[46.80978870676653, 53.41752493696208]",49.63900381276872,1.069730130109868,-18.930269869890132
POL,lower_wick_rejection,all,development,3,876,48.858447488584474,"[45.56041252875043, 52.166451033963554]",49.30640058408372,1.9519212798900984,-18.048078720109903
POL,lower_wick_rejection,all,final_exploratory,1,463,49.892008639308855,"[45.3572393284653, 54.428555253679924]",49.63503649635037,1.3198624228191993,-18.6801375771808
POL,lower_wick_rejection,all,final_exploratory,2,463,48.16414686825054,"[43.64661871312652, 52.71188918334201]",50.50933786078099,-4.346577673216367,-24.346577673216366
POL,lower_wick_rejection,all,final_exploratory,3,463,50.323974082073434,"[45.78573410162576, 54.8568821519386]",50.16131771098659,-3.6079364193146697,-23.607936419314672
POL,lower_wick_rejection,trend_aligned,development,1,204,54.90196078431372,"[48.04583078596848, 61.576881895227196]",50.90604026845638,9.009730379933387,-10.990269620066613
POL,lower_wick_rejection,trend_aligned,development,2,204,53.431372549019606,"[46.58601310243229, 60.14988577440468]",50.13422818791946,17.262092417941933,-2.737907582058066
POL,lower_wick_rejection,trend_aligned,development,3,204,50.490196078431374,"[43.683790049756006, 57.27848121836357]",50.26845637583892,19.83779917300525,-0.16220082699474822
POL,lower_wick_rejection,trend_aligned,final_exploratory,1,166,47.59036144578313,"[40.13364317651299, 55.15608560607029]",48.97750511247444,2.9251662450699265,-17.074833754930076
POL,lower_wick_rejection,trend_aligned,final_exploratory,2,166,50.0,"[42.48023896888422, 57.51976103111578]",50.15337423312884,-7.558754408580136,-27.55875440858014
POL,lower_wick_rejection,trend_aligned,final_exploratory,3,166,48.19277108433735,"[40.718689714941505, 55.74860687199597]",50.15337423312884,-12.64453002918107,-32.64453002918107
POL,lower_wick_rejection,range,development,1,252,44.44444444444444,"[38.4383347098799, 50.61739352196355]",47.35795454545455,-2.782153312797026,-22.782153312797025
POL,lower_wick_rejection,range,development,2,252,46.03174603174603,"[39.98347163428145, 52.19919138846386]",48.97727272727273,-4.5342654405516924,-24.534265440551692
POL,lower_wick_rejection,range,development,3,252,45.63492063492063,"[39.59660987213398, 51.80431945288587]",47.95454545454545,-3.0530566572894946,-23.053056657289495
POL,lower_wick_rejection,range,final_exploratory,1,165,52.121212121212125,"[44.53758760422212, 59.608310089237314]",49.584103512014785,0.003355216391219257,-19.996644783608783
POL,lower_wick_rejection,range,final_exploratory,2,165,49.09090909090909,"[41.57081485580041, 56.652371847002684]",50.11558021266759,-2.9465343080873376,-22.94653430808734
POL,lower_wick_rejection,range,final_exploratory,3,165,52.121212121212125,"[44.53758760422212, 59.608310089237314]",50.04625346901017,4.613235997414431,-15.386764002585569
POL,upper_wick_rejection,all,development,1,773,45.019404915912034,"[41.5453469300353, 48.542722503939416]",48.67364322219518,0.648171519382793,-19.351828480617208
POL,upper_wick_rejection,all,development,2,773,46.95989650711513,"[43.465314568776684, 50.484545994818276]",48.4789486493064,2.825051045532807,-17.174948954467194
POL,upper_wick_rejection,all,development,3,773,46.70116429495472,"[43.20901176730249, 50.22594331234309]",49.39563559665775,2.117556693540466,-17.882443306459532
POL,upper_wick_rejection,all,final_exploratory,1,419,47.49403341288783,"[42.756920208350955, 52.27668102672145]",49.38041079612969,-4.932969911202714,-24.932969911202715
POL,upper_wick_rejection,all,final_exploratory,2,419,45.82338902147971,"[41.11202347159549, 50.61064525352521]",48.89643463497453,-9.987310847886292,-29.987310847886295
POL,upper_wick_rejection,all,final_exploratory,3,419,45.346062052505964,"[40.64302976749284, 50.13365824049879]",49.14246901001868,-6.0369541993214115,-26.03695419932141
POL,upper_wick_rejection,trend_aligned,development,1,368,47.01086956521739,"[41.96860151585546, 52.114900706596245]",49.02443311654069,1.1682410644436054,-18.831758935556397
POL,upper_wick_rejection,trend_aligned,development,2,368,46.19565217391305,"[41.16739030830984, 51.30252161117416]",48.180699595711026,7.956517775032407,-12.043482224967594
POL,upper_wick_rejection,trend_aligned,development,3,368,46.73913043478261,"[41.70138155454204, 51.84425723358711]",48.95412198980489,3.3120640710960174,-16.687935928903983
POL,upper_wick_rejection,trend_aligned,final_exploratory,1,124,43.54838709677419,"[35.14510337379724, 52.33940870990632]",48.4472049689441,2.7209854242995153,-17.279014575700486
POL,upper_wick_rejection,trend_aligned,final_exploratory,2,124,56.45161290322581,"[47.66059129009367, 64.85489662620274]",47.99548277809148,8.574425627594406,-11.425574372405595
POL,upper_wick_rejection,trend_aligned,final_exploratory,3,124,50.806451612903224,"[42.11588888462126, 59.4485471049158]",48.89892715979672,18.27916460509226,-1.7208353949077406
POL,upper_wick_rejection,range,development,1,230,42.17391304347826,"[35.971535684048355, 48.63342767576446]",49.11931818181819,0.3489653743413556,-19.651034625658646
POL,upper_wick_rejection,range,development,2,230,47.391304347826086,"[41.0341156790793, 53.834205440858305]",48.92045454545455,-2.5285068379154327,-22.528506837915433
POL,upper_wick_rejection,range,development,3,230,47.391304347826086,"[41.0341156790793, 53.834205440858305]",50.71022727272727,1.7663089734775537,-18.233691026522447
POL,upper_wick_rejection,range,final_exploratory,1,151,48.34437086092715,"[40.514083756405995, 56.256809853579945]",49.26062846580407,-7.904382820626382,-27.90438282062638
POL,upper_wick_rejection,range,final_exploratory,2,151,41.05960264900662,"[33.529586842908174, 49.03323865101592]",49.422098936662046,-15.05950501760175,-35.05950501760175
POL,upper_wick_rejection,range,final_exploratory,3,151,39.0728476821192,"[31.653967965392226, 47.03392986051501]",49.213691026827014,-17.25811308049766,-37.25811308049766
POL,inside_bar_up_break,all,development,1,481,43.24324324324324,"[38.88660250972647, 47.706957118820256]",48.76287823476921,-2.801109019031393,-22.801109019031394
POL,inside_bar_up_break,all,development,2,481,44.28274428274428,"[39.90632638719291, 48.7497625292697]",49.63900381276872,-8.52590992598048,-28.52590992598048
POL,inside_bar_up_break,all,development,3,481,46.777546777546775,"[42.3615815604635, 51.24457764699725]",49.30640058408372,-11.200065315630995,-31.200065315630997
POL,inside_bar_up_break,all,final_exploratory,1,259,49.42084942084942,"[43.384954195041885, 55.47367396731902]",49.63503649635037,3.7633500359278016,-16.2366499640722
POL,inside_bar_up_break,all,final_exploratory,2,259,47.49034749034749,"[41.489775993372255, 53.56427937685834]",50.50933786078099,-5.1970328956113,-25.1970328956113
POL,inside_bar_up_break,all,final_exploratory,3,259,47.1042471042471,"[41.11180856021549, 53.18133225158903]",50.16131771098659,0.9464550079147223,-19.05354499208528
POL,inside_bar_up_break,trend_aligned,development,1,135,52.592592592592595,"[44.21474490145545, 60.82697170221376]",50.90604026845638,16.28242974693195,-3.7175702530680517
POL,inside_bar_up_break,trend_aligned,development,2,135,46.666666666666664,"[38.45989499515042, 55.057897942989165]",50.13422818791946,7.339905272547608,-12.660094727452393
POL,inside_bar_up_break,trend_aligned,development,3,135,51.111111111111114,"[42.765373089299835, 59.39536259798697]",50.26845637583892,8.863226363371856,-11.136773636628142
POL,inside_bar_up_break,trend_aligned,final_exploratory,1,83,46.98795180722892,"[36.62316810919698, 57.61922263440977]",48.97750511247444,4.652278105950233,-15.347721894049767
POL,inside_bar_up_break,trend_aligned,final_exploratory,2,83,51.80722891566265,"[41.21756969766282, 62.236995856173124]",50.15337423312884,-2.2721096150789184,-22.272109615078918
POL,inside_bar_up_break,trend_aligned,final_exploratory,3,83,48.19277108433735,"[37.763004143826876, 58.782430302337175]",50.15337423312884,-10.10099399908875,-30.10099399908875
POL,inside_bar_up_break,range,development,1,125,37.6,"[29.597552334190087, 46.34189579436467]",47.35795454545455,-19.89627072935934,-39.896270729359344
POL,inside_bar_up_break,range,development,2,125,44.0,"[35.60569897020464, 52.75209851135412]",48.97727272727273,-13.052859860031747,-33.052859860031745
POL,inside_bar_up_break,range,development,3,125,44.8,"[36.36674282508579, 53.54334832559847]",47.95454545454545,-24.418029089271666,-44.41802908927166
POL,inside_bar_up_break,range,final_exploratory,1,92,57.608695652173914,"[47.40525650293827, 67.20217909913848]",49.584103512014785,10.895906825532412,-9.104093174467588
POL,inside_bar_up_break,range,final_exploratory,2,92,50.0,"[39.989654939501506, 60.010345060498494]",50.11558021266759,2.4531633881081416,-17.54683661189186
POL,inside_bar_up_break,range,final_exploratory,3,92,53.26086956521739,"[43.14027584903732, 63.12005369470985]",50.04625346901017,22.148882434961248,2.148882434961246
POL,inside_bar_down_break,all,development,1,436,46.788990825688074,"[42.15378957662519, 51.48028232562325]",48.67364322219518,1.7712377234541592,-18.22876227654584
POL,inside_bar_down_break,all,development,2,436,44.26605504587156,"[39.67388594130662, 48.95838531270846]",48.4789486493064,4.022203978862396,-15.977796021137605
POL,inside_bar_down_break,all,development,3,436,48.1651376146789,"[43.51147550001737, 52.850851301267454]",49.39563559665775,-5.221097000729267,-25.221097000729266
POL,inside_bar_down_break,all,final_exploratory,1,255,42.35294117647059,"[36.44574080036569, 48.48712934106443]",49.38041079612969,-9.522801887693563,-29.522801887693564
POL,inside_bar_down_break,all,final_exploratory,2,255,42.745098039215684,"[36.82498568535899, 48.88055778215163]",48.89643463497453,-4.788981035819571,-24.78898103581957
POL,inside_bar_down_break,all,final_exploratory,3,254,46.8503937007874,"[40.806172431614385, 52.98846737825337]",49.14246901001868,0.12208022939313606,-19.877919770606862
POL,inside_bar_down_break,trend_aligned,development,1,193,48.18652849740933,"[41.24140700302949, 55.20243413624188]",49.02443311654069,2.8666978738146245,-17.133302126185377
POL,inside_bar_down_break,trend_aligned,development,2,193,47.15025906735751,"[40.23198808640681, 54.17976227530534]",48.180699595711026,12.051138535635461,-7.94886146436454
POL,inside_bar_down_break,trend_aligned,development,3,193,49.740932642487046,"[42.76106093054452, 56.730916375065675]",48.95412198980489,1.5315129070689744,-18.468487092931028
POL,inside_bar_down_break,trend_aligned,final_exploratory,1,80,43.75,"[33.41368457196415, 54.65906213134304]",48.4472049689441,-13.983928194648554,-33.983928194648556
POL,inside_bar_down_break,trend_aligned,final_exploratory,2,80,45.0,"[34.57751037437976, 55.88068698826599]",47.99548277809148,-4.111168407382931,-24.111168407382934
POL,inside_bar_down_break,trend_aligned,final_exploratory,3,80,43.75,"[33.41368457196415, 54.65906213134304]",48.89892715979672,0.0007648903355000902,-19.9992351096645
POL,inside_bar_down_break,range,development,1,126,42.06349206349206,"[33.80368812599529, 50.79292805864816]",49.11931818181819,-8.860562590511677,-28.860562590511677
POL,inside_bar_down_break,range,development,2,126,42.857142857142854,"[34.55365610428448, 51.58329846189462]",48.92045454545455,1.8360036576224394,-18.163996342377562
POL,inside_bar_down_break,range,development,3,126,48.41269841269841,"[39.86345839535585, 57.055864841572856]",50.71022727272727,5.090649219256451,-14.909350780743548
POL,inside_bar_down_break,range,final_exploratory,1,95,42.10526315789474,"[32.6736570637716, 52.15054651043198]",49.26062846580407,-7.6645524320216465,-27.664552432021647
POL,inside_bar_down_break,range,final_exploratory,2,95,41.05263157894737,"[31.69599925646133, 51.10476479430274]",49.422098936662046,-15.506697910351122,-35.50669791035112
POL,inside_bar_down_break,range,final_exploratory,3,94,46.808510638297875,"[37.045723856386395, 56.82191526644071]",49.213691026827014,-3.3247881071297325,-23.32478810712973
POL,three_bar_up_reversal,all,development,1,291,43.986254295532646,"[38.39818629891415, 49.731032915742134]",48.76287823476921,-4.824644129022458,-24.824644129022456
POL,three_bar_up_reversal,all,development,2,291,46.391752577319586,"[40.746139173477836, 52.13139235531594]",49.63900381276872,-8.89244866360848,-28.89244866360848
POL,three_bar_up_reversal,all,development,3,291,43.6426116838488,"[38.06384716460822, 49.387041719456995]",49.30640058408372,-21.487954103771166,-41.48795410377116
POL,three_bar_up_reversal,all,final_exploratory,1,158,44.936708860759495,"[37.392178539850505, 52.72161173409636]",49.63503649635037,-4.466365767231118,-24.466365767231117
POL,three_bar_up_reversal,all,final_exploratory,2,158,47.46835443037975,"[39.83471956841884, 55.22217556855459]",50.50933786078099,-4.417864035423005,-24.417864035423005
POL,three_bar_up_reversal,all,final_exploratory,3,158,41.139240506329116,"[33.76520343497268, 48.93392954443435]",50.16131771098659,-17.082855753864923,-37.082855753864926
POL,three_bar_up_reversal,trend_aligned,development,1,79,44.30379746835443,"[33.86760915098959, 55.26828392688433]",50.90604026845638,-14.333740311805672,-34.33374031180567
POL,three_bar_up_reversal,trend_aligned,development,2,79,40.50632911392405,"[30.366107968229635, 51.527047161560226]",50.13422818791946,-8.697184694644557,-28.69718469464456
POL,three_bar_up_reversal,trend_aligned,development,3,79,39.24050632911393,"[29.212697667380404, 50.26621147971477]",50.26845637583892,-21.15220647544849,-41.15220647544849
POL,three_bar_up_reversal,trend_aligned,final_exploratory,1,55,40.0,"[28.118303786433586, 53.18743908935498]",48.97750511247444,-14.291781421204647,-34.29178142120465
POL,three_bar_up_reversal,trend_aligned,final_exploratory,2,55,38.18181818181818,"[26.515766317415235, 51.3910207176076]",50.15337423312884,-25.80495390166711,-45.80495390166711
POL,three_bar_up_reversal,trend_aligned,final_exploratory,3,55,40.0,"[28.118303786433586, 53.18743908935498]",50.15337423312884,-23.8285141621488,-43.82851416214881
POL,three_bar_up_reversal,range,development,1,71,36.61971830985915,"[26.37005388157354, 48.24299554548308]",47.35795454545455,-9.204760847319259,-29.20476084731926
POL,three_bar_up_reversal,range,development,2,71,42.25352112676056,"[31.452830477014633, 53.849461296544476]",48.97727272727273,-13.915478666829515,-33.915478666829515
POL,three_bar_up_reversal,range,development,3,71,42.25352112676056,"[31.452830477014633, 53.849461296544476]",47.95454545454545,-30.945056642341147,-50.94505664234115
POL,three_bar_up_reversal,range,final_exploratory,1,63,46.03174603174603,"[34.30866541642569, 58.210963078403864]",49.584103512014785,11.837984477287566,-8.162015522712434
POL,three_bar_up_reversal,range,final_exploratory,2,63,47.61904761904762,"[35.78192138736965, 59.72985570952808]",50.11558021266759,1.3993201175687195,-18.600679882431283
POL,three_bar_up_reversal,range,final_exploratory,3,63,41.26984126984127,"[29.95827804043614, 53.58490464818889]",50.04625346901017,-6.827132828102846,-26.827132828102844
POL,three_bar_down_reversal,all,development,1,281,45.55160142348755,"[39.827678315419284, 51.39551380258594]",48.67364322219518,-6.924568107992965,-26.924568107992965
POL,three_bar_down_reversal,all,development,2,281,46.263345195729535,"[40.52312636108838, 52.10435501803602]",48.4789486493064,-8.574881269658144,-28.574881269658146
POL,three_bar_down_reversal,all,development,3,281,50.5338078291815,"[44.7203020809469, 56.33291486489247]",49.39563559665775,-10.97542237915513,-30.975422379155127
POL,three_bar_down_reversal,all,final_exploratory,1,147,47.61904761904762,"[39.70919332291601, 55.65017703645434]",49.38041079612969,-2.3418968920845895,-22.34189689208459
POL,three_bar_down_reversal,all,final_exploratory,2,147,42.17687074829932,"[34.492551378720414, 50.25966551635362]",48.89643463497453,-7.420378369837049,-27.420378369837053
POL,three_bar_down_reversal,all,final_exploratory,3,147,40.816326530612244,"[33.203164273262395, 48.89726425573757]",49.14246901001868,-12.730243346070614,-32.730243346070615
POL,three_bar_down_reversal,trend_aligned,development,1,118,52.54237288135593,"[43.59506697056783, 61.32935949789615]",49.02443311654069,2.502556894945684,-17.497443105054316
POL,three_bar_down_reversal,trend_aligned,development,2,118,50.847457627118644,"[41.943704288165534, 59.69777120132246]",48.180699595711026,1.935024155868162,-18.06497584413184
POL,three_bar_down_reversal,trend_aligned,development,3,118,51.69491525423729,"[42.76814843920897, 60.514802539767]",48.95412198980489,-4.489009968937387,-24.489009968937385
POL,three_bar_down_reversal,trend_aligned,final_exploratory,1,45,40.0,"[27.024679447957546, 54.54840579085527]",48.4472049689441,-1.372298598286001,-21.372298598286005
POL,three_bar_down_reversal,trend_aligned,final_exploratory,2,45,33.333333333333336,"[21.358692207276764, 47.9297831907446]",47.99548277809148,-17.54848157342839,-37.54848157342839
POL,three_bar_down_reversal,trend_aligned,final_exploratory,3,45,31.11111111111111,"[19.528525463541907, 45.66507998754897]",48.89892715979672,-29.927174581939408,-49.92717458193941
POL,three_bar_down_reversal,range,development,1,80,43.75,"[33.41368457196415, 54.65906213134304]",49.11931818181819,-3.449967326564801,-23.4499673265648
POL,three_bar_down_reversal,range,development,2,80,42.5,"[32.25638801480733, 53.430908029161294]",48.92045454545455,-1.618706676336859,-21.61870667633686
POL,three_bar_down_reversal,range,development,3,80,50.0,"[39.2972274311075, 60.702772568892506]",50.71022727272727,-1.0085040659474076,-21.00850406594741
POL,three_bar_down_reversal,range,final_exploratory,1,55,54.54545454545455,"[41.52246134836049, 66.9749282535538]",49.26062846580407,5.146621701566908,-14.853378298433093
POL,three_bar_down_reversal,range,final_exploratory,2,55,50.90909090909091,"[38.07603840748445, 63.62343951289841]",49.422098936662046,1.7442431969034722,-18.255756803096528
POL,three_bar_down_reversal,range,final_exploratory,3,55,47.27272727272727,"[34.692885310480804, 60.208680928370605]",49.213691026827014,1.0667826895371935,-18.93321731046281
POL,doji_follow_previous_direction,all,development,1,1578,37.00887198986058,"[34.6608140414575, 39.42002945134229]",45.18536545793786,-2.625549744314927,-22.625549744314927
POL,doji_follow_previous_direction,all,development,2,1578,37.57921419518377,"[35.22240467299647, 39.9963530079243]",46.22373651334469,-0.6206843872279578,-20.620684387227957
POL,doji_follow_previous_direction,all,development,3,1578,37.6425855513308,"[35.28482540787557, 40.06036718283642]",46.986290257159084,0.45820573314437646,-19.54179426685562
POL,doji_follow_previous_direction,all,final_exploratory,1,790,46.45569620253165,"[43.003318552310255, 49.942377415248004]",48.48073332201663,-0.07189125719647904,-20.071891257196476
POL,doji_follow_previous_direction,all,final_exploratory,2,790,43.67088607594937,"[40.251120039338964, 47.151908474157935]",47.75891341256367,-4.995251708306997,-24.995251708307
POL,doji_follow_previous_direction,all,final_exploratory,3,790,43.54430379746835,"[40.12627988914008, 47.02480919462675]",47.17269485481406,-4.991924174042093,-24.991924174042094
POL,doji_follow_previous_direction,trend_aligned,development,1,484,47.72727272727273,"[43.312747916910304, 52.17759157033311]",47.81300624855358,-0.9765747374555479,-20.976574737455547
POL,doji_follow_previous_direction,trend_aligned,development,2,484,48.553719008264466,"[44.12997825910479, 53.000237778231906]",46.74843786160611,6.658876005738447,-13.341123994261553
POL,doji_follow_previous_direction,trend_aligned,development,3,484,48.553719008264466,"[44.12997825910479, 53.000237778231906]",48.04443415875955,5.6738913692176345,-14.326108630782365
POL,doji_follow_previous_direction,trend_aligned,final_exploratory,1,226,46.902654867256636,"[40.50247638226833, 53.406372146457535]",47.68976897689769,-1.345261052883062,-21.34526105288306
POL,doji_follow_previous_direction,trend_aligned,final_exploratory,2,226,46.46017699115044,"[40.07113560878442, 52.96754842404513]",47.35973597359736,-7.867085209511115,-27.867085209511114
POL,doji_follow_previous_direction,trend_aligned,final_exploratory,3,226,45.575221238938056,"[39.20995952137125, 52.088395519665696]",47.46974697469747,-6.539945414181143,-26.53994541418114
POL,doji_follow_previous_direction,range,development,1,484,32.85123966942149,"[28.816248870891094, 37.156312714672744]",43.4375,-4.4376096036334545,-24.437609603633454
POL,doji_follow_previous_direction,range,development,2,484,32.02479338842975,"[28.023592308644346, 36.30909272682618]",46.44886363636363,-6.924303447636218,-26.924303447636216
POL,doji_follow_previous_direction,range,development,3,484,32.64462809917355,"[28.6179478088001, 36.944644639240416]",46.96022727272727,-7.414564885341996,-27.414564885342
POL,doji_follow_previous_direction,range,final_exploratory,1,287,48.43205574912892,"[42.70912892754403, 54.19640315589934]",48.98336414048059,2.4369461006321504,-17.56305389936785
POL,doji_follow_previous_direction,range,final_exploratory,2,287,47.038327526132406,"[41.34097746766609, 52.813916467726926]",48.17383263985206,3.3963039667011405,-16.60369603329886
POL,doji_follow_previous_direction,range,final_exploratory,3,287,42.857142857142854,"[37.2632205926679, 48.63975889857407]",46.993524514338574,-0.9270197855225636,-20.927019785522564
